tphys,kstar_1,mass_1,lum_1,deltam_1,RRLO_1,kstar_2,mass_2,lum_2,deltam_2,RRLO_2,porb,sep,bin_state,merger_type,bin_num
0.0,1.0,9.808907313453103,5642.592411603768,0.0,0.32992399183353915,1.0,8.579091502791321,3771.3248558762184,0.0,0.32308322686375895,2.378774235577922,19.786342987225158,0,-001,1000847
13700.0,13.0,1.27758353409753,1.2609854336358522e-10,0.0,0.0001,13.0,2.5992192521662263,2.031164797382956e-10,0.0,0.0001,-1.0,-1.0,2,-001,1000847
