tphys,kstar_1,mass_1,lum_1,deltam_1,RRLO_1,kstar_2,mass_2,lum_2,deltam_2,RRLO_2,porb,sep,bin_state,merger_type,bin_num
0.0,1.0,10.00270058458001,5980.541140217725,0.0,0.04570975379412667,1.0,5.299661604548702,832.1403271006635,0.0,0.04143398052738285,78.95221894253744,192.2121983985369,0,-001,1000924
13700.0,13.0,1.27758353409753,1.2608037293442554e-10,0.0,0.0001,13.0,1.4427344514987082,1.3714329500578768e-10,0.0,0.0001,-1.0,-1.0,2,-001,1000924
