tphys,kstar_1,mass_1,lum_1,deltam_1,RRLO_1,kstar_2,mass_2,lum_2,deltam_2,RRLO_2,porb,sep,bin_state,merger_type,bin_num
0.0,1.0,10.454997013358591,6816.501454812195,0.0,0.00463675569435915,1.0,9.988744674493962,5955.801577818893,0.0,0.00460370661071563,7621.58146364267,4454.873937087924,0,-001,1000787
13700.0,13.0,1.27758353409753,1.2604529603274575e-10,0.0,0.0001,13.0,1.27758353409753,1.2608122774084558e-10,0.0,0.0001,-1.0,-1.0,2,-001,1000787
