tphys,kstar_1,mass_1,lum_1,deltam_1,RRLO_1,kstar_2,mass_2,lum_2,deltam_2,RRLO_2,porb,sep,bin_state,merger_type,bin_num
0.0,1.0,13.0746835958761,13018.56358290355,0.0,0.35087977499433887,1.0,12.241414276122866,10787.67232564754,0.0,0.34728953004578983,2.4782152992686552,22.62091517568067,0,-001,1000768
13700.0,13.0,1.3867184545005817,1.3301652832202794e-10,0.0,0.0001,14.0,9.921284179757967,1e-10,0.0,9.999999999999999e-05,-1.0,-1.0,2,-001,1000768
