tphys,kstar_1,mass_1,lum_1,deltam_1,RRLO_1,kstar_2,mass_2,lum_2,deltam_2,RRLO_2,porb,sep,bin_state,merger_type,bin_num
0.0,1.0,6.3878483817474425,1511.9008292972098,0.0,0.014490420789838192,1.0,4.848156623506123,622.8720352649373,0.0,0.013903364331335405,232.4292325450553,356.1910752313575,0,-001,1000764
13700.0,13.0,1.242,1.2432696381972946e-10,0.0,0.0001,13.0,1.27758353409753,1.2706991554817718e-10,0.0,0.0001,-1.0,-1.0,2,-001,1000764
