tphys,kstar_1,mass_1,lum_1,deltam_1,RRLO_1,kstar_2,mass_2,lum_2,deltam_2,RRLO_2,porb,sep,bin_state,merger_type,bin_num
0.0,1.0,6.259042177449025,1417.532769499998,0.0,0.003973093552274186,1.0,3.275606511253013,167.11407418003802,0.0,0.0036156133427721134,3244.850971780106,1955.1644662329215,0,-001,1000788
13700.0,13.0,1.2779817905765603,1.2677812408890874e-10,0.0,4.6096685409697645e-06,13.0,1.242,1.252858163260498e-10,0.0,4.67021494481975e-06,1.8191060582276237,8.530798967460319,0,-001,1000788
