tphys,kstar_1,mass_1,lum_1,deltam_1,RRLO_1,kstar_2,mass_2,lum_2,deltam_2,RRLO_2,porb,sep,bin_state,merger_type,bin_num
0.0,1.0,10.141712635411977,6230.395594592745,0.0,0.22118817139110933,1.0,7.528960679107781,2527.4617429539244,0.0,0.2111353764748373,4.4179040953307895,29.501704952144237,0,-001,1000949
13700.0,13.0,1.27758353409753,1.2606793311664278e-10,0.0,0.0001,13.0,2.030608725877301,1.721941954118752e-10,0.0,0.0001,-1.0,-1.0,2,-001,1000949
