tphys,kstar_1,mass_1,lum_1,deltam_1,RRLO_1,kstar_2,mass_2,lum_2,deltam_2,RRLO_2,porb,sep,bin_state,merger_type,bin_num
0.0,1.0,8.088177331587152,3150.979583685668,0.0,0.17077592285923435,1.0,7.897346623668523,2928.4437916437796,0.0,0.17014389935140986,8.689945817006674,44.79252701711054,0,-001,1000974
13700.0,13.0,1.27758353409753,1.262982665506818e-10,0.0,0.0001,13.0,1.6338630543897974,1.4903305662084954e-10,0.0,0.0001,-1.0,-1.0,2,-001,1000974
