tphys,kstar_1,mass_1,lum_1,deltam_1,RRLO_1,kstar_2,mass_2,lum_2,deltam_2,RRLO_2,porb,sep,bin_state,merger_type,bin_num
0.0,1.0,11.361046704910144,8694.758293935538,0.0,0.009220835680951759,1.0,9.48214124680846,5099.784454070763,0.0,0.008963079522598118,653.0193687922574,871.4128975005642,0,-001,1000721
13700.0,13.0,1.3796896003303267,1.326479355415085e-10,0.0,0.0001,13.0,1.27758353409753,1.2613963574783917e-10,0.0,0.0001,-1.0,-1.0,2,-001,1000721
