tphys,kstar_1,mass_1,lum_1,deltam_1,RRLO_1,kstar_2,mass_2,lum_2,deltam_2,RRLO_2,porb,sep,bin_state,merger_type,bin_num
0.0,1.0,6.043369457852722,1268.1798334121174,0.0,0.04836952463427796,1.0,3.8729697796595706,295.6397181502564,0.0,0.04530433250700568,41.27055100773715,107.93505820263952,0,-001,1000740
13700.0,13.0,1.242,1.2444500144427764e-10,0.0,0.0001,13.0,1.27758353409753,1.2732337309506622e-10,0.0,0.0001,-1.0,-1.0,2,-001,1000740
