tphys,kstar_1,mass_1,lum_1,deltam_1,RRLO_1,kstar_2,mass_2,lum_2,deltam_2,RRLO_2,porb,sep,bin_state,merger_type,bin_num
0.0,1.0,10.411818790050807,6733.814593818179,0.0,0.08833213037200081,1.0,7.135487550475715,2139.601710425779,0.0,0.08327325792844978,18.004716057694292,75.09532431569608,0,-001,1000937
13700.0,13.0,1.27758353409753,1.260482241481713e-10,0.0,0.0001,13.0,1.8728554937884219,1.631527278326411e-10,0.0,0.0001,-1.0,-1.0,2,-001,1000937
