tphys,kstar_1,mass_1,lum_1,deltam_1,RRLO_1,kstar_2,mass_2,lum_2,deltam_2,RRLO_2,porb,sep,bin_state,merger_type,bin_num
0.0,1.0,15.3385947215064,20341.962830143882,0.0,0.004558454735592226,1.0,14.872036516337516,18679.761623528873,0.0,0.004536822853182527,2024.565391860616,2096.812993130797,0,-001,1000772
13700.0,13.0,2.4345530662657318,1.9383951815747654e-10,0.0,0.0001,13.0,2.2269995016219477,1.826223976562822e-10,0.0,0.0001,-1.0,-1.0,2,-001,1000772
