tphys,kstar_1,mass_1,lum_1,deltam_1,RRLO_1,kstar_2,mass_2,lum_2,deltam_2,RRLO_2,porb,sep,bin_state,merger_type,bin_num
0.0,1.0,13.754206493485414,15021.251929545244,0.0,0.0005903143034511964,1.0,7.1918064286924865,2192.6146608570857,0.0,0.0005331944247605814,46708.68607976766,15040.102045102527,0,-001,1000891
13700.0,13.0,1.680329448855857,1.5125435340887832e-10,0.0,0.0001,13.0,1.27758353409753,1.2646876195885007e-10,0.0,0.0001,-1.0,-1.0,2,-001,1000891
