tphys,kstar_1,mass_1,lum_1,deltam_1,RRLO_1,kstar_2,mass_2,lum_2,deltam_2,RRLO_2,porb,sep,bin_state,merger_type,bin_num
0.0,1.0,10.6041335908177,7106.823346249779,0.0,0.004514722686998211,1.0,5.001115123782638,689.3524769130896,0.0,0.004018964160744221,1413.0287689678914,1323.7606313775457,0,-001,1000867
13700.0,13.0,1.283793061714001,1.2644488345200208e-10,0.0,0.0001,12.0,1.2100089722399838,5.142221550616114e-07,0.0,0.0001,-1.0,-1.0,2,-001,1000867
