tphys,kstar_1,mass_1,lum_1,deltam_1,RRLO_1,kstar_2,mass_2,lum_2,deltam_2,RRLO_2,porb,sep,bin_state,merger_type,bin_num
0.0,1.0,8.338660736215388,3458.7881150866406,0.0,0.00038594730857756523,1.0,5.2165782731873005,790.6335544808079,0.0,0.000359210338963669,80094.70544852212,18637.60739378057,0,-001,1000856
13700.0,13.0,1.27758353409753,1.2626107033730592e-10,0.0,0.0001,12.0,1.2451514323242092,5.271248806385224e-07,0.0,9.999999999999999e-05,-1.0,-1.0,2,-001,1000856
