tphys,kstar_1,mass_1,lum_1,deltam_1,RRLO_1,kstar_2,mass_2,lum_2,deltam_2,RRLO_2,porb,sep,bin_state,merger_type,bin_num
0.0,1.0,12.617274323382102,11763.527361365113,0.0,0.012595445693005611,1.0,7.756197802232099,2770.3950822192755,0.0,0.01166995494971148,665.4775230223138,875.7816423236704,0,-001,1000771
13700.0,13.0,1.5380198639973608,1.4259424514144164e-10,0.0,0.0001,13.0,1.6762020700863565,1.5133994250222353e-10,0.0,0.0001,-1.0,-1.0,2,-001,1000771
