tphys,kstar_1,mass_1,lum_1,deltam_1,RRLO_1,kstar_2,mass_2,lum_2,deltam_2,RRLO_2,porb,sep,bin_state,merger_type,bin_num
0.0,1.0,9.169069352506707,4611.058524048932,0.0,0.011348747373292712,1.0,3.118191273158466,140.94590753753224,0.0,0.00965262197953999,326.1377357431089,459.94328701022846,0,-001,1000835
13700.0,13.0,1.27758353409753,1.26158249239357e-10,0.0,0.0001,13.0,1.27758353409753,1.2704750850908309e-10,0.0,0.0001,-1.0,-1.0,2,-001,1000835
