tphys,kstar_1,mass_1,lum_1,deltam_1,RRLO_1,kstar_2,mass_2,lum_2,deltam_2,RRLO_2,porb,sep,bin_state,merger_type,bin_num
0.0,1.0,14.231199671079846,16526.69654235961,0.0,0.24217518253992082,1.0,6.854102970131234,1886.9672750926106,0.0,0.21593165206123394,4.134270878160716,29.937196310237614,0,-001,1000719
13700.0,13.0,1.4709636475255392,1.3833627370923724e-10,0.0,0.0001,14.0,3.446829129459183,1e-10,0.0,9.999999999999999e-05,-1.0,-1.0,2,-001,1000719
