tphys,kstar_1,mass_1,lum_1,deltam_1,RRLO_1,kstar_2,mass_2,lum_2,deltam_2,RRLO_2,porb,sep,bin_state,merger_type,bin_num
0.0,1.0,12.890592088996124,12504.505412262653,0.0,0.3571742248232868,1.0,10.820315672547105,7540.745616465204,0.0,0.3475144604636725,2.898021203644744,24.566068558752015,0,-001,1000798
13700.0,13.0,1.365509773890839,1.316573766938048e-10,0.0,0.0001,14.0,7.84068547210248,1e-10,0.0,9.999999999999999e-05,-1.0,-1.0,2,-001,1000798
