tphys,kstar_1,mass_1,lum_1,deltam_1,RRLO_1,kstar_2,mass_2,lum_2,deltam_2,RRLO_2,porb,sep,bin_state,merger_type,bin_num
0.0,1.0,12.287868616211302,10905.592064627568,0.0,0.19465471855667602,1.0,10.399967914350443,6711.227082777868,0.0,0.18963059127393955,5.962511545452722,39.15937426312268,0,-001,1000855
13700.0,13.0,1.370074767416275,1.319781937490024e-10,0.0,0.0001,14.0,5.9909556638432795,1e-10,0.0,9.999999999999999e-05,-1.0,-1.0,2,-001,1000855
