tphys,kstar_1,mass_1,lum_1,deltam_1,RRLO_1,kstar_2,mass_2,lum_2,deltam_2,RRLO_2,porb,sep,bin_state,merger_type,bin_num
0.0,1.0,14.174234221956866,16342.560549622403,0.0,0.0047912389714387885,1.0,10.859835673361811,7621.754227702982,0.0,0.0045958315585572064,3512.625144705183,2843.6987304333584,0,-001,1000963
13700.0,13.0,1.9338991241957564,1.6617253384463086e-10,0.0,0.0001,13.0,1.31712124980606,1.2861737523060605e-10,0.0,0.0001,-1.0,-1.0,2,-001,1000963
