tphys,kstar_1,mass_1,lum_1,deltam_1,RRLO_1,kstar_2,mass_2,lum_2,deltam_2,RRLO_2,porb,sep,bin_state,merger_type,bin_num
0.0,1.0,12.058646649111203,10331.065556949732,0.0,0.3592680568030552,1.0,5.128501474901047,748.1340573074164,0.0,0.31447485359162203,2.1695654393748858,18.194285392438456,0,-001,1000906
13700.0,13.0,1.27758353409753,1.2596028118635782e-10,0.0,0.0001,13.0,1.9480964044243128,1.674238014441743e-10,0.0,0.0001,-1.0,-1.0,2,-001,1000906
