tphys,kstar_1,mass_1,lum_1,deltam_1,RRLO_1,kstar_2,mass_2,lum_2,deltam_2,RRLO_2,porb,sep,bin_state,merger_type,bin_num
0.0,1.0,11.41151146104142,8807.515103807538,0.0,0.4682473235891494,1.0,6.594584582713554,1671.6420590477808,0.0,0.42979824306401276,3.2601361033058107,24.242769653849518,0,-001,1000841
13700.0,13.0,1.27758353409753,1.2598967826261294e-10,0.0,0.0001,13.0,2.2961770582631056,1.8689548611897568e-10,0.0,0.0001,-1.0,-1.0,2,-001,1000841
