tphys,kstar_1,mass_1,lum_1,deltam_1,RRLO_1,kstar_2,mass_2,lum_2,deltam_2,RRLO_2,porb,sep,bin_state,merger_type,bin_num
0.0,1.0,11.42225274873108,8831.627321216158,0.0,0.028216784763315576,1.0,10.666188017999072,7229.790124892872,0.0,0.027915396857412983,102.45446135298427,258.4406529467904,0,-001,1000900
13700.0,13.0,1.3874284812298663,1.3314237101130717e-10,0.0,0.0001,14.0,4.9490181237119355,1e-10,0.0,0.0001,-1.0,-1.0,2,-001,1000900
