tphys,kstar_1,mass_1,lum_1,deltam_1,RRLO_1,kstar_2,mass_2,lum_2,deltam_2,RRLO_2,porb,sep,bin_state,merger_type,bin_num
0.0,1.0,9.443984249792331,5038.589628415803,0.0,0.16337783826537008,1.0,9.319099543756678,4841.475928053571,0.0,0.1630378007067624,8.261851505355155,45.68478190911816,0,-001,1000810
13700.0,13.0,1.27758353409753,1.2612954227092824e-10,0.0,0.0001,13.0,2.5914772176981185,2.0272209909247846e-10,0.0,0.0001,-1.0,-1.0,2,-001,1000810
