tphys,kstar_1,mass_1,lum_1,deltam_1,RRLO_1,kstar_2,mass_2,lum_2,deltam_2,RRLO_2,porb,sep,bin_state,merger_type,bin_num
0.0,1.0,6.930167323064016,1953.2682915592666,0.0,0.02185088565814122,1.0,6.720009828448303,1773.6241717148496,0.0,0.021747959988157903,832.5862911375003,889.7831143948688,0,-001,1000807
13700.0,13.0,1.27758353409753,1.2653223390901893e-10,0.0,0.0001,13.0,1.27758353409753,1.2659431136435188e-10,0.0,0.0001,-1.0,-1.0,2,-001,1000807
