tphys,kstar_1,mass_1,lum_1,deltam_1,RRLO_1,kstar_2,mass_2,lum_2,deltam_2,RRLO_2,porb,sep,bin_state,merger_type,bin_num
0.0,1.0,14.747837467922013,18250.74552578978,0.0,0.04269226226737232,1.0,11.584966254735448,9201.71976639604,0.0,0.04111549508066471,122.15931553064536,308.13094876133727,0,-001,1000742
13700.0,13.0,1.8619623073682272,1.6198482322125486e-10,0.0,0.0001,14.0,9.54276717452771,1e-10,0.0,9.999999999999999e-05,-1.0,-1.0,2,-001,1000742
