tphys,kstar_1,mass_1,lum_1,deltam_1,RRLO_1,kstar_2,mass_2,lum_2,deltam_2,RRLO_2,porb,sep,bin_state,merger_type,bin_num
0.0,1.0,13.471439433575597,14167.69980086122,0.0,0.308076216623632,1.0,13.413159739391176,13995.361168743344,0.0,0.30786843396023716,3.1371262526596895,27.006879917756834,0,-001,1000892
13700.0,13.0,1.4683702768167897,1.3819862319940583e-10,0.0,0.0001,14.0,11.665489425171838,1e-10,0.0,9.999999999999999e-05,-1.0,-1.0,2,-001,1000892
