tphys,kstar_1,mass_1,lum_1,deltam_1,RRLO_1,kstar_2,mass_2,lum_2,deltam_2,RRLO_2,porb,sep,bin_state,merger_type,bin_num
0.0,1.0,7.5629708732273775,2562.9266899954237,0.0,0.023750820912772936,1.0,2.90672893691812,110.31772196512235,0.0,0.020645174806471024,1398.320855275057,1150.8035508695577,0,-001,1000791
13700.0,13.0,1.27758353409753,1.2639061097903517e-10,0.0,0.0001,13.0,1.27758353409753,1.2730978610905908e-10,0.0,0.0001,-1.0,-1.0,2,-001,1000791
