tphys,kstar_1,mass_1,lum_1,deltam_1,RRLO_1,kstar_2,mass_2,lum_2,deltam_2,RRLO_2,porb,sep,bin_state,merger_type,bin_num
0.0,1.0,11.229930551101504,8405.851888860701,0.0,0.5016053097810415,1.0,8.733189836315496,3980.581000728948,0.0,0.4822182414889194,1.9514114395742865,17.820802878765154,0,-001,1000911
13700.0,13.0,1.27758353409753,1.2599746470618812e-10,0.0,0.0001,14.0,3.562107389132451,1e-10,0.0,0.0001,-1.0,-1.0,2,-001,1000911
