tphys,kstar_1,mass_1,lum_1,deltam_1,RRLO_1,kstar_2,mass_2,lum_2,deltam_2,RRLO_2,porb,sep,bin_state,merger_type,bin_num
0.0,1.0,7.4178945582017315,2413.814762436619,0.0,0.001554477770304347,1.0,6.663045997506398,1726.8276664585542,0.0,0.0015290379464349226,20472.657838633066,7602.304612714711,0,-001,1000813
13700.0,13.0,1.27758353409753,1.2641969693360988e-10,0.0,0.0001,13.0,1.27758353409753,1.2661314075653499e-10,0.0,0.0001,-1.0,-1.0,2,-001,1000813
