tphys,kstar_1,mass_1,lum_1,deltam_1,RRLO_1,kstar_2,mass_2,lum_2,deltam_2,RRLO_2,porb,sep,bin_state,merger_type,bin_num
0.0,1.0,9.116240528706763,4531.571545719825,0.0,0.0007091333036332693,1.0,7.615430216777598,2618.2446409267545,0.0,0.0006895462027413901,22945.517406099163,8688.208476547074,0,-001,1000898
13700.0,13.0,1.27758353409753,1.2616394707933902e-10,0.0,0.0001,13.0,1.27758353409753,1.2638049397080864e-10,0.0,0.0001,-1.0,-1.0,2,-001,1000898
