tphys,kstar_1,mass_1,lum_1,deltam_1,RRLO_1,kstar_2,mass_2,lum_2,deltam_2,RRLO_2,porb,sep,bin_state,merger_type,bin_num
0.0,1.0,15.956853091306233,22668.079356899696,0.0,0.03502785519391056,1.0,5.979298902857912,1225.8611324641365,0.0,0.03001971869190915,76.09117340126916,211.46000097214818,0,-001,1000845
13700.0,13.0,2.0098742432526393,1.7045803155507485e-10,0.0,0.0001,13.0,2.8994256164710075,2.1830150420702857e-10,0.0,0.0001,-1.0,-1.0,2,-001,1000845
