tphys,kstar_1,mass_1,lum_1,deltam_1,RRLO_1,kstar_2,mass_2,lum_2,deltam_2,RRLO_2,porb,sep,bin_state,merger_type,bin_num
0.0,1.0,18.601766608664192,34213.47071195038,0.0,0.023157782628947868,1.0,14.171494269580009,16333.733659247075,0.0,0.02221633807157736,2326.1226012048533,2363.452322276029,0,-001,1000981
13700.0,13.0,2.8183195110804924,2.1371233459251422e-10,0.0,0.0001,14.0,16.52607085581816,1e-10,0.0,9.999999999999999e-05,-1.0,-1.0,2,-001,1000981
