tphys,kstar_1,mass_1,lum_1,deltam_1,RRLO_1,kstar_2,mass_2,lum_2,deltam_2,RRLO_2,porb,sep,bin_state,merger_type,bin_num
0.0,1.0,10.02570050063432,6021.44974089758,0.0,0.030366276865617072,1.0,4.8549876882883645,625.7472119568167,0.0,0.02715415704519669,120.5893411191353,252.56054946620162,0,-001,1000999
13700.0,13.0,1.27758353409753,1.2607883350824056e-10,0.0,0.0001,13.0,1.3825420663154493,1.333183799128576e-10,0.0,0.0001,-1.0,-1.0,2,-001,1000999
