tphys,kstar_1,mass_1,lum_1,deltam_1,RRLO_1,kstar_2,mass_2,lum_2,deltam_2,RRLO_2,porb,sep,bin_state,merger_type,bin_num
0.0,1.0,10.894102511379687,7692.417811015785,0.0,0.0087729561222373,1.0,10.701972462229293,7301.281239706653,0.0,0.008748509679077232,844.5000225734017,1046.6704083590603,0,-001,1000801
13700.0,13.0,1.3205714995982643,1.2884092403665142e-10,0.0,0.0001,13.0,1.2962084108293297,1.2725615164176923e-10,0.0,0.0001,-1.0,-1.0,2,-001,1000801
