tphys,kstar_1,mass_1,lum_1,deltam_1,RRLO_1,kstar_2,mass_2,lum_2,deltam_2,RRLO_2,porb,sep,bin_state,merger_type,bin_num
0.0,1.0,8.026217971435713,3077.6011944324705,0.0,0.11471310565842349,1.0,7.578161102112443,2578.8678258871532,0.0,0.11369606201437535,11.491256426836646,53.531868368329164,0,-001,1000925
13700.0,13.0,1.27758353409753,1.2630857316297216e-10,0.0,0.0001,13.0,1.5839275245950895,1.4601271805978246e-10,0.0,0.0001,-1.0,-1.0,2,-001,1000925
