tphys,kstar_1,mass_1,lum_1,deltam_1,RRLO_1,kstar_2,mass_2,lum_2,deltam_2,RRLO_2,porb,sep,bin_state,merger_type,bin_num
0.0,1.0,6.983089300869875,2000.263017861919,0.0,0.02451568032427676,1.0,4.638673603999696,538.8588511205976,0.0,0.023052019060996708,201.4633472653379,327.47131267479364,0,-001,1000729
13700.0,13.0,1.27758353409753,1.2651872003666714e-10,0.0,0.0001,13.0,1.27758353409753,1.269704955424432e-10,0.0,0.0001,-1.0,-1.0,2,-001,1000729
