tphys,kstar_1,mass_1,lum_1,deltam_1,RRLO_1,kstar_2,mass_2,lum_2,deltam_2,RRLO_2,porb,sep,bin_state,merger_type,bin_num
0.0,1.0,7.180063976110512,2181.4933246581013,0.0,0.000437457200592917,1.0,6.657402947656447,1722.2353990742513,0.0,0.00043241090472785556,48783.99615777849,13484.111670024033,0,-001,1000897
13700.0,13.0,1.27758353409753,1.2647148656554023e-10,0.0,0.0001,13.0,1.27758353409753,1.266150235725764e-10,0.0,0.0001,-1.0,-1.0,2,-001,1000897
