tphys,kstar_1,mass_1,lum_1,deltam_1,RRLO_1,kstar_2,mass_2,lum_2,deltam_2,RRLO_2,porb,sep,bin_state,merger_type,bin_num
0.0,1.0,21.69811943367686,50989.527480829216,0.0,0.5550108126552714,1.0,10.454517573534828,6815.579957451545,0.0,0.49601581470387995,7.351481718306334,50.5755576759977,0,-001,1000913
13700.0,13.0,1.6002370528166552,1.4623531121466515e-10,0.0,0.0001,14.0,19.791398113147913,1e-10,0.0,0.0001,-1.0,-1.0,2,-001,1000913
