tphys,kstar_1,mass_1,lum_1,deltam_1,RRLO_1,kstar_2,mass_2,lum_2,deltam_2,RRLO_2,porb,sep,bin_state,merger_type,bin_num
0.0,1.0,7.6418822137481595,2646.421926155816,0.0,0.01114320286456438,1.0,7.07891937792184,2087.182786969595,0.0,0.011012365243064785,4084.292472488338,2634.350773890793,0,-001,1000809
13700.0,13.0,1.27758353409753,1.2637551812676813e-10,0.0,0.0001,13.0,1.27758353409753,1.265405122523678e-10,0.0,0.0001,-1.0,-1.0,2,-001,1000809
