tphys,kstar_1,mass_1,lum_1,deltam_1,RRLO_1,kstar_2,mass_2,lum_2,deltam_2,RRLO_2,porb,sep,bin_state,merger_type,bin_num
0.0,1.0,13.979588361170899,15722.290325666989,0.0,0.123977952778004,1.0,12.70415374910309,11996.18876083497,0.0,0.1221448151493204,12.05967415587106,66.10858385547172,0,-001,1000945
13700.0,13.0,1.6229595496579017,1.477657551722992e-10,0.0,0.0001,14.0,10.71318503855453,1e-10,0.0,0.0001,-1.0,-1.0,2,-001,1000945
