tphys,kstar_1,mass_1,lum_1,deltam_1,RRLO_1,kstar_2,mass_2,lum_2,deltam_2,RRLO_2,porb,sep,bin_state,merger_type,bin_num
0.0,1.0,8.442546666159974,3591.758111681126,0.0,0.0002599309069371009,1.0,8.27862327550297,3383.368820500859,0.0,0.0002591385010331834,197673.82181553598,36503.98015068985,0,-001,1000741
13700.0,13.0,1.27758353409753,1.26246478739828e-10,0.0,0.0001,13.0,1.27758353409753,1.2626976342660257e-10,0.0,0.0001,-1.0,-1.0,2,-001,1000741
