tphys,kstar_1,mass_1,lum_1,deltam_1,RRLO_1,kstar_2,mass_2,lum_2,deltam_2,RRLO_2,porb,sep,bin_state,merger_type,bin_num
0.0,1.0,10.66181601996076,7221.0847800751135,0.0,0.004544609901350447,1.0,6.139855141686022,1333.6709004926574,0.0,0.004170483913579429,5699.818505300867,3438.033242357586,0,-001,1000909
13700.0,13.0,1.2911131701363674,1.2692351118992628e-10,0.0,0.0001,13.0,1.242,1.244167666442556e-10,0.0,0.0001,-1.0,-1.0,2,-001,1000909
