tphys,kstar_1,mass_1,lum_1,deltam_1,RRLO_1,kstar_2,mass_2,lum_2,deltam_2,RRLO_2,porb,sep,bin_state,merger_type,bin_num
0.0,1.0,5.9256550729343855,1191.1403607842117,0.0,0.046836867356288,1.0,4.498396114629227,486.99313878141055,0.0,0.04495960475507493,44.058836161823706,114.63557641382292,0,-001,1000750
13700.0,15.0,0.0,9.86236603684482e-06,0.0,-1.0,14.0,2.5206885162200585,1e-10,0.0,0.0001,0.0,0.0,1,1313,1000750
