tphys,kstar_1,mass_1,lum_1,deltam_1,RRLO_1,kstar_2,mass_2,lum_2,deltam_2,RRLO_2,porb,sep,bin_state,merger_type,bin_num
0.0,1.0,14.79794865437711,18423.162374810938,0.0,0.0033364416353011002,1.0,11.142375172248638,8216.179626003091,0.0,0.0031919259981063692,14107.613172702973,7270.752920647645,0,-001,1000910
13700.0,13.0,2.1944330630779474,1.8083155849556933e-10,0.0,0.0001,13.0,1.3523020803659183,1.3089102069913496e-10,0.0,0.0001,-1.0,-1.0,2,-001,1000910
