tphys,kstar_1,mass_1,lum_1,deltam_1,RRLO_1,kstar_2,mass_2,lum_2,deltam_2,RRLO_2,porb,sep,bin_state,merger_type,bin_num
0.0,1.0,12.958167277079921,12691.798864580578,0.0,0.009470534229839279,1.0,5.399134344251811,883.6729253940977,0.0,0.008259230301340487,1659.3814005124607,1555.4366216161588,0,-001,1000857
13700.0,13.0,1.5807917543841075,1.452233905351389e-10,0.0,0.0001,13.0,1.27758353409753,1.2668312754309866e-10,0.0,0.0001,-1.0,-1.0,2,-001,1000857
