tphys,kstar_1,mass_1,lum_1,deltam_1,RRLO_1,kstar_2,mass_2,lum_2,deltam_2,RRLO_2,porb,sep,bin_state,merger_type,bin_num
0.0,1.0,9.64224594262788,5361.530733435775,0.0,0.00013402484311130083,1.0,6.67440215333403,1736.0929763057788,0.0,0.00012657576297299175,285679.3189334875,46282.279809960906,0,-001,1000743
13700.0,13.0,1.27758353409753,1.2611137623710218e-10,0.0,0.0001,13.0,1.27758353409753,1.266094246400293e-10,0.0,0.0001,-1.0,-1.0,2,-001,1000743
