tphys,kstar_1,mass_1,lum_1,deltam_1,RRLO_1,kstar_2,mass_2,lum_2,deltam_2,RRLO_2,porb,sep,bin_state,merger_type,bin_num
0.0,1.0,11.342818252758214,8654.242800343762,0.0,0.05501545118507547,1.0,9.95302645130426,5892.769252906879,0.0,0.05389913379338327,40.07708150758767,136.55708648417234,0,-001,1000805
13700.0,13.0,1.3666259381332606,1.3180647005889942e-10,0.0,0.0001,14.0,4.061185071004947,1e-10,0.0,0.0001,-1.0,-1.0,2,-001,1000805
