tphys,kstar_1,mass_1,lum_1,deltam_1,RRLO_1,kstar_2,mass_2,lum_2,deltam_2,RRLO_2,porb,sep,bin_state,merger_type,bin_num
0.0,1.0,8.153773677459025,3229.852547405817,0.0,0.020946975565846425,1.0,7.010624854965024,2024.9971584043492,0.0,0.020463165192744718,136.66185078502596,276.2645467990835,0,-001,1000854
13700.0,13.0,1.27758353409753,1.262884829159807e-10,0.0,0.0001,13.0,1.5000329133369643,1.4086040538585237e-10,0.0,0.0001,-1.0,-1.0,2,-001,1000854
