tphys,kstar_1,mass_1,lum_1,deltam_1,RRLO_1,kstar_2,mass_2,lum_2,deltam_2,RRLO_2,porb,sep,bin_state,merger_type,bin_num
0.0,1.0,15.024477892552495,19214.067323957566,0.0,0.0022486342388239383,1.0,7.510308290717671,2508.144188396109,0.0,0.002016660180889854,9278.855614746086,5246.858094636567,0,-001,1000893
13700.0,13.0,2.2934907886543985,1.8625204756552889e-10,0.0,0.0001,13.0,1.27758353409753,1.2640078652958688e-10,0.0,0.0001,-1.0,-1.0,2,-001,1000893
