tphys,kstar_1,mass_1,lum_1,deltam_1,RRLO_1,kstar_2,mass_2,lum_2,deltam_2,RRLO_2,porb,sep,bin_state,merger_type,bin_num
0.0,1.0,13.43903379628586,14071.722369363346,0.0,0.18748494290475515,1.0,9.710164246484087,5475.006690730197,0.0,0.1781729529432609,6.150702473829279,40.24825197043263,0,-001,1000852
13700.0,13.0,1.4979617938940866,1.400596773624536e-10,0.0,0.0001,14.0,6.078822766846744,1e-10,0.0,9.999999999999999e-05,-1.0,-1.0,2,-001,1000852
