tphys,kstar_1,mass_1,lum_1,deltam_1,RRLO_1,kstar_2,mass_2,lum_2,deltam_2,RRLO_2,porb,sep,bin_state,merger_type,bin_num
0.0,1.0,16.425663449179257,24525.975375007136,0.0,0.49642652711924656,1.0,8.593620602622819,3790.754327260668,0.0,0.4485179751900139,1.5679015269279242,16.60565617028769,0,-001,1000863
13700.0,13.0,1.3663807439587763,1.3161950220629178e-10,0.0,0.0001,14.0,9.620966940904948,1e-10,0.0,0.0001,-1.0,-1.0,2,-001,1000863
