tphys,kstar_1,mass_1,lum_1,deltam_1,RRLO_1,kstar_2,mass_2,lum_2,deltam_2,RRLO_2,porb,sep,bin_state,merger_type,bin_num
0.0,1.0,15.383961579027845,20507.86046948428,0.0,0.4353513176578751,1.0,6.872008588522478,1902.443087568187,0.0,0.38358197834957924,2.129491079120338,19.586249700615518,0,-001,1000776
13700.0,13.0,1.4105281237642935,1.3447331928353173e-10,0.0,0.0001,14.0,5.1511821497526,1e-10,0.0,0.0001,-1.0,-1.0,2,-001,1000776
