tphys,kstar_1,mass_1,lum_1,deltam_1,RRLO_1,kstar_2,mass_2,lum_2,deltam_2,RRLO_2,porb,sep,bin_state,merger_type,bin_num
0.0,1.0,11.872686025909898,9878.433588110336,0.0,0.005410576314564025,1.0,6.128783773630644,1326.0477312171236,0.0,0.004879555732195564,1141.753262484579,1204.3962360980163,0,-001,1000839
13700.0,13.0,1.4443053863333866,1.3674939436041132e-10,0.0,0.0001,13.0,1.242,1.2441613866396617e-10,0.0,0.0001,-1.0,-1.0,2,-001,1000839
