tphys,kstar_1,mass_1,lum_1,deltam_1,RRLO_1,kstar_2,mass_2,lum_2,deltam_2,RRLO_2,porb,sep,bin_state,merger_type,bin_num
0.0,1.0,16.71555924366137,25715.483348574606,0.0,0.21420223255320442,1.0,6.3556345334792255,1487.9322216886724,0.0,0.18399268917756187,5.187549265150074,35.8880673920652,0,-001,1000993
13700.0,13.0,1.8423279257259049,1.6078194670220824e-10,0.0,0.0001,14.0,4.685726090214811,1e-10,0.0,9.999999999999999e-05,-1.0,-1.0,2,-001,1000993
