tphys,kstar_1,mass_1,lum_1,deltam_1,RRLO_1,kstar_2,mass_2,lum_2,deltam_2,RRLO_2,porb,sep,bin_state,merger_type,bin_num
0.0,1.0,7.870348205162243,2897.7846851719473,0.0,0.03153553274766888,1.0,6.9184404151491465,1942.951161807759,0.0,0.030914065205345426,2042.2964354958403,1662.1693896435552,0,-001,1000916
13700.0,13.0,1.27758353409753,1.2633447624864676e-10,0.0,0.0001,13.0,1.4722671717886882,1.3915516072394212e-10,0.0,0.0001,-1.0,-1.0,2,-001,1000916
