tphys,kstar_1,mass_1,lum_1,deltam_1,RRLO_1,kstar_2,mass_2,lum_2,deltam_2,RRLO_2,porb,sep,bin_state,merger_type,bin_num
0.0,1.0,19.313358376669395,37759.95206641416,0.0,0.6915798504042873,1.0,14.034618380836124,15896.256378473645,0.0,0.6587662319059496,2.5033038956328966,24.964187754707023,0,-001,1000770
13700.0,13.0,1.9490877371415545,1.6691598368872755e-10,0.0,0.0001,14.0,20.409874482590226,1e-10,0.0,0.0001,-1.0,-1.0,2,-001,1000770
