tphys,kstar_1,mass_1,lum_1,deltam_1,RRLO_1,kstar_2,mass_2,lum_2,deltam_2,RRLO_2,porb,sep,bin_state,merger_type,bin_num
0.0,1.0,9.87291945078222,5752.891517461897,0.0,0.002740896686271721,1.0,5.1766917880362575,771.1971163358613,0.0,0.002480858232635906,5269.597803335183,3145.1785136109124,0,-001,1000725
13700.0,13.0,1.27758353409753,1.2609095169862314e-10,0.0,0.0001,12.0,1.2393879372290286,5.250346466176604e-07,0.0,0.0001,-1.0,-1.0,2,-001,1000725
