tphys,kstar_1,mass_1,lum_1,deltam_1,RRLO_1,kstar_2,mass_2,lum_2,deltam_2,RRLO_2,porb,sep,bin_state,merger_type,bin_num
0.0,1.0,8.540749178561432,3720.3491171200258,0.0,0.006179385493513935,1.0,5.831958763984567,1132.0345672531048,0.0,0.005826915290424629,844.2037021793622,913.6143840316037,0,-001,1000894
13700.0,13.0,1.27758353409753,1.2623318771754136e-10,0.0,0.0001,12.0,1.350005081226228,5.665633602360164e-07,0.0,9.999999999999999e-05,-1.0,-1.0,2,-001,1000894
