tphys,kstar_1,mass_1,lum_1,deltam_1,RRLO_1,kstar_2,mass_2,lum_2,deltam_2,RRLO_2,porb,sep,bin_state,merger_type,bin_num
0.0,1.0,11.365912934749383,8705.593383932124,0.0,0.002112919099062284,1.0,10.950239422668778,7809.03136367792,0.0,0.002100612784426839,7154.701039365981,4397.63648300061,0,-001,1000851
13700.0,13.0,1.3803049734434547,1.3268728426542467e-10,0.0,0.0001,13.0,1.3276859536024221,1.293019295486865e-10,0.0,0.0001,-1.0,-1.0,2,-001,1000851
