tphys,kstar_1,mass_1,lum_1,deltam_1,RRLO_1,kstar_2,mass_2,lum_2,deltam_2,RRLO_2,porb,sep,bin_state,merger_type,bin_num
0.0,1.0,9.760831539785336,5560.611744577681,0.0,0.0007755089714328719,1.0,8.169328912992887,3248.7359722009796,0.0,0.0007542385760093944,20656.205040834346,8289.219550776152,0,-001,1000858
13700.0,13.0,1.27758353409753,1.2610069449257867e-10,0.0,0.0001,13.0,1.27758353409753,1.2628607073853614e-10,0.0,0.0001,-1.0,-1.0,2,-001,1000858
