tphys,kstar_1,mass_1,lum_1,deltam_1,RRLO_1,kstar_2,mass_2,lum_2,deltam_2,RRLO_2,porb,sep,bin_state,merger_type,bin_num
0.0,1.0,14.410789573130565,17114.945469780032,0.0,0.007000835176438952,1.0,13.429969265875044,14044.943128678315,0.0,0.0069246582743656485,1289.2938091158537,1510.3589764463684,0,-001,1000881
13700.0,13.0,2.030243447929849,1.7166512764304974e-10,0.0,0.0001,13.0,1.6408604855490503,1.4887748558369728e-10,0.0,0.0001,-1.0,-1.0,2,-001,1000881
