tphys,kstar_1,mass_1,lum_1,deltam_1,RRLO_1,kstar_2,mass_2,lum_2,deltam_2,RRLO_2,porb,sep,bin_state,merger_type,bin_num
0.0,1.0,15.76853904972726,21944.642772594223,0.0,0.012919536309802153,1.0,7.628283428048371,2631.912363318391,0.0,0.011527550547931637,455.94249138847596,712.7614981561183,0,-001,1000932
13700.0,13.0,2.3393754537180316,1.8871406752477177e-10,0.0,0.0001,13.0,1.516658790598237,1.4148724901918165e-10,0.0,0.0001,-1.0,-1.0,2,-001,1000932
