tphys,kstar_1,mass_1,lum_1,deltam_1,RRLO_1,kstar_2,mass_2,lum_2,deltam_2,RRLO_2,porb,sep,bin_state,merger_type,bin_num
0.0,1.0,7.757026338874695,2771.306723221576,0.0,0.10865881313241973,1.0,7.532210974140713,2530.8375532137684,0.0,0.10816522729480617,11.426555055514543,52.96927697773743,0,-001,1000964
13700.0,13.0,1.27758353409753,1.2635456366528998e-10,0.0,0.0001,13.0,1.5554934286721045,1.4429124712764852e-10,0.0,0.0001,-1.0,-1.0,2,-001,1000964
