tphys,kstar_1,mass_1,lum_1,deltam_1,RRLO_1,kstar_2,mass_2,lum_2,deltam_2,RRLO_2,porb,sep,bin_state,merger_type,bin_num
0.0,1.0,11.516423410380547,9044.712770025675,0.0,0.20089320697195692,1.0,8.084500008317335,3146.5941806192714,0.0,0.19005741772883036,5.379348623085237,34.822814112570626,0,-001,1000938
13700.0,13.0,1.2955524495651718,1.2716254458578628e-10,0.0,0.0001,13.0,2.709785317634525,2.0876924630296908e-10,0.0,0.0001,-1.0,-1.0,2,-001,1000938
