tphys,kstar_1,mass_1,lum_1,deltam_1,RRLO_1,kstar_2,mass_2,lum_2,deltam_2,RRLO_2,porb,sep,bin_state,merger_type,bin_num
0.0,1.0,13.082267302365382,13039.999774691407,0.0,0.08531714349128351,1.0,10.544515716471489,6989.88549229809,0.0,0.0824833849690604,24.203933485532698,101.00527565035135,0,-001,1000853
13700.0,13.0,1.5382625548597388,1.425882299010414e-10,0.0,0.0001,14.0,6.653216718088103,1e-10,0.0,9.999999999999999e-05,-1.0,-1.0,2,-001,1000853
