tphys,kstar_1,mass_1,lum_1,deltam_1,RRLO_1,kstar_2,mass_2,lum_2,deltam_2,RRLO_2,porb,sep,bin_state,merger_type,bin_num
0.0,1.0,9.05272382189774,4437.133396487164,0.0,0.032589068626246796,1.0,8.398954274708059,3535.5794161779863,0.0,0.032210055888166784,78.39909910532963,199.8810732582581,0,-001,1000848
13700.0,13.0,1.27758353409753,1.261709322449975e-10,0.0,0.0001,13.0,1.9875520514950444,1.6984055798090193e-10,0.0,0.0001,-1.0,-1.0,2,-001,1000848
