tphys,kstar_1,mass_1,lum_1,deltam_1,RRLO_1,kstar_2,mass_2,lum_2,deltam_2,RRLO_2,porb,sep,bin_state,merger_type,bin_num
0.0,1.0,8.934088570931443,4264.03125138971,0.0,0.004024482001538291,1.0,6.68976822145224,1748.6805226760655,0.0,0.0038479957670114937,9379.656961947174,4677.415460822134,0,-001,1000982
13700.0,13.0,1.27758353409753,1.2618438856368603e-10,0.0,0.0001,13.0,1.27758353409753,1.2660410387662203e-10,0.0,0.0001,-1.0,-1.0,2,-001,1000982
