tphys,kstar_1,mass_1,lum_1,deltam_1,RRLO_1,kstar_2,mass_2,lum_2,deltam_2,RRLO_2,porb,sep,bin_state,merger_type,bin_num
0.0,1.0,14.478474412065363,17339.700933859393,0.0,0.022683192677860207,1.0,10.935021179142316,7777.313955589282,0.0,0.021709979289743435,213.01430025747658,441.14280657368624,0,-001,1000832
13700.0,13.0,1.8445965307767693,1.609800944636149e-10,0.0,0.0001,14.0,8.440168900857705,1e-10,0.0,0.0001,-1.0,-1.0,2,-001,1000832
