tphys,kstar_1,mass_1,lum_1,deltam_1,RRLO_1,kstar_2,mass_2,lum_2,deltam_2,RRLO_2,porb,sep,bin_state,merger_type,bin_num
0.0,1.0,20.129887221076988,42057.6849189406,0.0,0.07959266860045301,1.0,16.056929170837883,23057.864209866344,0.0,0.07693785322594911,68.72287329150106,233.4548450922801,0,-001,1000753
13700.0,13.0,2.8662918381874913,2.1611047049662142e-10,0.0,0.0001,14.0,22.510109937030577,1e-10,0.0,0.0001,-1.0,-1.0,2,-001,1000753
