tphys,kstar_1,mass_1,lum_1,deltam_1,RRLO_1,kstar_2,mass_2,lum_2,deltam_2,RRLO_2,porb,sep,bin_state,merger_type,bin_num
0.0,1.0,13.710581439240082,14887.683038906998,0.0,0.28084957446807146,1.0,11.696020394482794,9459.532908968227,0.0,0.2739649689164809,3.542094129961122,28.736959728431177,0,-001,1000804
13700.0,13.0,1.492563105255457,1.3971121617541774e-10,0.0,0.0001,14.0,9.616045298960781,1e-10,0.0,0.0001,-1.0,-1.0,2,-001,1000804
