tphys,kstar_1,mass_1,lum_1,deltam_1,RRLO_1,kstar_2,mass_2,lum_2,deltam_2,RRLO_2,porb,sep,bin_state,merger_type,bin_num
0.0,1.0,15.958872840117225,22675.909479015954,0.0,0.008729105845961581,1.0,9.315260689630023,4835.493537835638,0.0,0.008023867646304562,7919.440619317692,4905.014811193116,0,-001,1000984
13700.0,13.0,2.7562868424417806,2.106252259742083e-10,0.0,0.0001,13.0,1.27758353409753,1.261345934533145e-10,0.0,0.0001,-1.0,-1.0,2,-001,1000984
