tphys,kstar_1,mass_1,lum_1,deltam_1,RRLO_1,kstar_2,mass_2,lum_2,deltam_2,RRLO_2,porb,sep,bin_state,merger_type,bin_num
0.0,1.0,7.805187842997098,2824.6247387040144,0.0,0.040024070861986435,1.0,5.12820874739457,747.9953591368519,0.0,0.03754302683050717,72.70762576907195,172.01886079078173,0,-001,1000757
13700.0,13.0,1.27758353409753,1.2634720961239884e-10,0.0,0.0001,13.0,1.27758353409753,1.2672292291060563e-10,0.0,0.0001,-1.0,-1.0,2,-001,1000757
