tphys,kstar_1,mass_1,lum_1,deltam_1,RRLO_1,kstar_2,mass_2,lum_2,deltam_2,RRLO_2,porb,sep,bin_state,merger_type,bin_num
0.0,1.0,7.0681572253115785,2077.3036572470605,0.0,0.0028198665264672507,1.0,6.11639313748345,1317.5495927541533,0.0,0.002758238705206453,2761.5399962357415,1956.1758497628823,0,-001,1000928
13700.0,13.0,1.27758353409753,1.264978036706561e-10,0.0,0.0001,13.0,1.242,1.2442611841368512e-10,0.0,0.0001,-1.0,-1.0,2,-001,1000928
