tphys,kstar_1,mass_1,lum_1,deltam_1,RRLO_1,kstar_2,mass_2,lum_2,deltam_2,RRLO_2,porb,sep,bin_state,merger_type,bin_num
0.0,1.0,14.545825016185688,17565.007512856944,0.0,0.0002615217871406366,1.0,5.8261701529013585,1128.4466892508422,0.0,0.0002265416904472465,133570.68518027317,30021.831566715962,0,-001,1000730
13700.0,13.0,2.086896793842528,1.7485474553400822e-10,0.0,0.0001,12.0,1.346774936318023,5.652802380012607e-07,0.0,0.0001,-1.0,-1.0,2,-001,1000730
