tphys,kstar_1,mass_1,lum_1,deltam_1,RRLO_1,kstar_2,mass_2,lum_2,deltam_2,RRLO_2,porb,sep,bin_state,merger_type,bin_num
0.0,1.0,18.30631009028484,32795.624694894366,0.0,0.0699138257077211,1.0,14.151034573694801,16267.908108819482,0.0,0.06721754049458155,36.59843246165641,147.92146937820365,0,-001,1000756
13700.0,13.0,2.393638792624951,1.9156699574147702e-10,0.0,0.0001,14.0,16.66622730542662,1e-10,0.0,0.0001,-1.0,-1.0,2,-001,1000756
