tphys,kstar_1,mass_1,lum_1,deltam_1,RRLO_1,kstar_2,mass_2,lum_2,deltam_2,RRLO_2,porb,sep,bin_state,merger_type,bin_num
0.0,1.0,8.512184386963709,3682.653530128609,0.0,0.00020743677844330607,1.0,5.7889703898199,1105.5653793524039,0.0,0.00019548804037190117,138953.99284910387,27394.052444293375,0,-001,1000883
13700.0,13.0,1.27758353409753,1.2623700494714266e-10,0.0,0.0001,12.0,1.34066722723375,5.629637238669042e-07,0.0,0.0001,-1.0,-1.0,2,-001,1000883
