tphys,kstar_1,mass_1,lum_1,deltam_1,RRLO_1,kstar_2,mass_2,lum_2,deltam_2,RRLO_2,porb,sep,bin_state,merger_type,bin_num
0.0,1.0,13.827160547507312,15246.15730805215,0.0,0.051038401397104034,1.0,12.064018576274249,10344.319789290288,0.0,0.0499637435438652,63.13736418837999,197.3301600087321,0,-001,1000975
13700.0,13.0,1.6680650014542882,1.5051115660942868e-10,0.0,0.0001,14.0,9.500899572295232,1e-10,0.0,0.0001,-1.0,-1.0,2,-001,1000975
