tphys,kstar_1,mass_1,lum_1,deltam_1,RRLO_1,kstar_2,mass_2,lum_2,deltam_2,RRLO_2,porb,sep,bin_state,merger_type,bin_num
0.0,1.0,14.743372207840064,18235.42660797904,0.0,0.5894447710550196,1.0,9.398183699241354,4965.736306218435,0.0,0.549297483783586,1.4525006289369984,15.593772657966545,0,-001,1000927
13700.0,13.0,1.27758353409753,1.2586872191555016e-10,0.0,0.0001,14.0,9.296794002660226,1e-10,0.0,0.0001,-1.0,-1.0,2,-001,1000927
