tphys,kstar_1,mass_1,lum_1,deltam_1,RRLO_1,kstar_2,mass_2,lum_2,deltam_2,RRLO_2,porb,sep,bin_state,merger_type,bin_num
0.0,1.0,20.80054786751335,45768.93271760444,0.0,0.2728650537176728,1.0,16.28734056918044,23969.355171258037,0.0,0.2630751809654565,7.0082389906635685,51.37697518695892,0,-001,1000850
13700.0,13.0,2.6688807579329046,2.0600907230847189e-10,0.0,0.0001,14.0,25.112538117199836,1e-10,0.0,0.0001,-1.0,-1.0,2,-001,1000850
