tphys,kstar_1,mass_1,lum_1,deltam_1,RRLO_1,kstar_2,mass_2,lum_2,deltam_2,RRLO_2,porb,sep,bin_state,merger_type,bin_num
0.0,1.0,41.29980628817492,229454.88664623845,0.0,0.0004403296865504136,1.0,41.27695171186497,229184.06713831483,0.0,0.0004403053257689446,189404.34828278108,60417.73865532604,0,-001,1000930
5.624457299605497,14.0,16.298707210071303,1e-10,-5.007050035137904e-07,2.0457631669588465e-09,8.0,16.777226131637743,535357.2741703067,-4.7290426019691986e-07,3.777423823002173e-05,1162651.6967557422,149310.0414009766,0,-001,1000930
5.634457299605497,14.0,16.298707210071353,1e-10,0.0,2.0308321474524317e-09,14.0,16.276211295010892,1e-10,0.0,2.0293094047096923e-09,1233789.381601136,154551.66620345914,0,-001,1000930
13700.0,14.0,16.298707210071353,1e-10,0.0,2.0308321474524317e-09,14.0,16.276211295010892,1e-10,0.0,2.0293094047096923e-09,1233789.381601136,154551.66620345914,0,-001,1000930
