tphys,kstar_1,mass_1,lum_1,deltam_1,RRLO_1,kstar_2,mass_2,lum_2,deltam_2,RRLO_2,porb,sep,bin_state,merger_type,bin_num
0.0,1.0,7.356276580135299,2352.1883305615665,0.0,0.0037156368494508114,1.0,7.3322555633954645,2328.4374306804825,0.0,0.0037137618840436043,20488.583735221648,7714.11280558877,0,-001,1001188
13700.0,13.0,1.27758353409753,1.2643260490317881e-10,0.0,0.0001,13.0,1.27758353409753,1.2643773060559219e-10,0.0,0.0001,-1.0,-1.0,2,-001,1001188
