tphys,kstar_1,mass_1,lum_1,deltam_1,RRLO_1,kstar_2,mass_2,lum_2,deltam_2,RRLO_2,porb,sep,bin_state,merger_type,bin_num
0.0,1.0,17.959279871664727,31171.359500383107,0.0,0.12443477914643207,1.0,16.698998257981668,25646.69292236472,0.0,0.12307437662841372,13.777451909297252,78.82551619216859,0,-001,1001854
13700.0,13.0,2.262432546171696,1.8447367268184938e-10,0.0,0.0001,14.0,21.461753017064915,1e-10,0.0,0.0001,-1.0,-1.0,2,-001,1001854
