tphys,kstar_1,mass_1,lum_1,deltam_1,RRLO_1,kstar_2,mass_2,lum_2,deltam_2,RRLO_2,porb,sep,bin_state,merger_type,bin_num
0.0,1.0,6.760209498982968,1807.1323534088938,0.0,0.001787791244326392,1.0,5.6199741168026245,1005.4053597272197,0.0,0.0017383696244528586,23530.24086374828,7991.19700254061,0,-001,1001178
13700.0,13.0,1.27758353409753,1.2658084414790947e-10,0.0,0.0001,12.0,1.3103055487019237,5.513747618583303e-07,0.0,9.999999999999999e-05,-1.0,-1.0,2,-001,1001178
