tphys,kstar_1,mass_1,lum_1,deltam_1,RRLO_1,kstar_2,mass_2,lum_2,deltam_2,RRLO_2,porb,sep,bin_state,merger_type,bin_num
0.0,1.0,7.382486073085477,2378.2778693045752,0.0,0.0011964637474332633,1.0,5.329840990829113,847.5619384279634,0.0,0.001138608759408457,15994.937689226943,6232.782152212123,0,-001,1001786
13700.0,13.0,1.27758353409753,1.2642707255042367e-10,0.0,0.0001,12.0,1.2624127082079089,5.334441426005039e-07,0.0,0.0001,-1.0,-1.0,2,-001,1001786
