tphys,kstar_1,mass_1,lum_1,deltam_1,RRLO_1,kstar_2,mass_2,lum_2,deltam_2,RRLO_2,porb,sep,bin_state,merger_type,bin_num
0.0,1.0,7.810074981282681,2830.0709840019017,0.0,0.09044077502426132,1.0,6.616833694813177,1689.4507356866106,0.0,0.08815972566955063,16.06898267529239,65.21315962752072,0,-001,1001365
13700.0,13.0,1.27758353409753,1.2634526580425547e-10,0.0,0.0001,13.0,1.443376880106206,1.3732011864675267e-10,0.0,0.0001,-1.0,-1.0,2,-001,1001365
