tphys,kstar_1,mass_1,lum_1,deltam_1,RRLO_1,kstar_2,mass_2,lum_2,deltam_2,RRLO_2,porb,sep,bin_state,merger_type,bin_num
0.0,1.0,6.95888539866778,1978.6814628200339,0.0,0.0009572444626959677,1.0,5.619386108121531,1005.0675875439224,0.0,0.0009266345762425374,17422.83113383502,6575.135390285619,0,-001,1001113
13700.0,13.0,1.27758353409753,1.2652484151767516e-10,0.0,0.0001,12.0,1.3099521019624694,5.512320188864786e-07,0.0,9.999999999999999e-05,-1.0,-1.0,2,-001,1001113
