tphys,kstar_1,mass_1,lum_1,deltam_1,RRLO_1,kstar_2,mass_2,lum_2,deltam_2,RRLO_2,porb,sep,bin_state,merger_type,bin_num
0.0,1.0,8.37152112819365,3500.5090834935304,0.0,0.004811171247532185,1.0,7.620364637854239,2623.486436273117,0.0,0.004741443298669216,4842.897362727764,3033.811754349822,0,-001,1001710
13700.0,13.0,1.27758353409753,1.262563941222497e-10,0.0,0.0001,13.0,1.27758353409753,1.2637949669140336e-10,0.0,0.0001,-1.0,-1.0,2,-001,1001710
