tphys,kstar_1,mass_1,lum_1,deltam_1,RRLO_1,kstar_2,mass_2,lum_2,deltam_2,RRLO_2,porb,sep,bin_state,merger_type,bin_num
0.0,1.0,12.519616294880672,11505.188419345739,0.0,0.0035330202050735237,1.0,10.834060872345383,7568.861487573734,0.0,0.0034538838337898423,2461.149331519623,2191.9415099969397,0,-001,1001587
13700.0,13.0,1.525751016337501,1.418357416175145e-10,0.0,0.0001,13.0,1.3141531256383083,1.284248310797285e-10,0.0,0.0001,-1.0,-1.0,2,-001,1001587
