tphys,kstar_1,mass_1,lum_1,deltam_1,RRLO_1,kstar_2,mass_2,lum_2,deltam_2,RRLO_2,porb,sep,bin_state,merger_type,bin_num
0.0,1.0,10.907082758812756,7719.287825673768,0.0,0.01348750888590328,1.0,6.291340307184665,1440.828345769397,0.0,0.012378879099035893,437.4750346966288,625.7731892728582,0,-001,1001521
13700.0,13.0,1.3222166952324728,1.2894760091462383e-10,0.0,0.0001,13.0,1.599379166606653,1.4680664756764074e-10,0.0,0.0001,-1.0,-1.0,2,-001,1001521
