tphys,kstar_1,mass_1,lum_1,deltam_1,RRLO_1,kstar_2,mass_2,lum_2,deltam_2,RRLO_2,porb,sep,bin_state,merger_type,bin_num
0.0,1.0,18.920204862354296,35777.55221768203,0.0,0.023110164668169238,1.0,14.741204076530963,18227.9910580976,0.0,0.022250174164607017,319.0105798871585,634.160782477775,0,-001,1001879
13700.0,13.0,2.9842774998896733,2.2205652471087038e-10,0.0,0.0001,14.0,17.880869479418276,1e-10,0.0,0.0001,-1.0,-1.0,2,-001,1001879
