tphys,kstar_1,mass_1,lum_1,deltam_1,RRLO_1,kstar_2,mass_2,lum_2,deltam_2,RRLO_2,porb,sep,bin_state,merger_type,bin_num
0.0,1.0,14.330466242089921,16850.39183887957,0.0,0.010311932266067943,1.0,13.435626626958992,14061.653139393602,0.0,0.01020922553113484,557.8949935231998,863.2934783576819,0,-001,1001833
13700.0,13.0,1.972513991707417,1.6838222443967476e-10,0.0,0.0001,13.0,1.6409262718560775,1.4888127585300224e-10,0.0,0.0001,-1.0,-1.0,2,-001,1001833
