tphys,kstar_1,mass_1,lum_1,deltam_1,RRLO_1,kstar_2,mass_2,lum_2,deltam_2,RRLO_2,porb,sep,bin_state,merger_type,bin_num
0.0,1.0,12.739106263274332,12090.545352696481,0.0,0.002090077864141997,1.0,11.141156971749663,8213.558935549256,0.0,0.0020466764881176447,9986.06079473116,5617.73264971264,0,-001,1001275
13700.0,13.0,1.5533159596153732,1.435371674005806e-10,0.0,0.0001,13.0,1.3522680300590686,1.308888976054014e-10,0.0,0.0001,-1.0,-1.0,2,-001,1001275
