tphys,kstar_1,mass_1,lum_1,deltam_1,RRLO_1,kstar_2,mass_2,lum_2,deltam_2,RRLO_2,porb,sep,bin_state,merger_type,bin_num
0.0,1.0,5.943882854513509,1202.865877662166,0.0,0.002478748540622261,1.0,4.552407188739818,506.5545208391816,0.0,0.0023824346219415977,2894.425270513907,1870.7053799199302,0,-001,1001877
13700.0,13.0,1.242,1.2449749734621244e-10,0.0,0.0001,13.0,1.27758353409753,1.273573140597692e-10,0.0,0.0001,-1.0,-1.0,2,-001,1001877
