tphys,kstar_1,mass_1,lum_1,deltam_1,RRLO_1,kstar_2,mass_2,lum_2,deltam_2,RRLO_2,porb,sep,bin_state,merger_type,bin_num
0.0,1.0,8.763138279699332,4022.068353545792,0.0,0.0432077424176507,1.0,8.141119408891168,3214.5417055186404,0.0,0.04271490972511826,66.33687175633855,176.92420521152988,0,-001,1001078
13700.0,13.0,1.27758353409753,1.2620477010389643e-10,0.0,0.0001,13.0,1.8201569829025221,1.6016768420822797e-10,0.0,0.0001,-1.0,-1.0,2,-001,1001078
