tphys,kstar_1,mass_1,lum_1,deltam_1,RRLO_1,kstar_2,mass_2,lum_2,deltam_2,RRLO_2,porb,sep,bin_state,merger_type,bin_num
0.0,1.0,6.476329687563161,1579.008449391244,0.0,0.00578033437719277,1.0,3.6691090256796635,246.27155066839399,0.0,0.005315872302921353,1461.9342382698724,1173.0793652310817,0,-001,1001274
13700.0,13.0,1.27758353409753,1.2667511113344403e-10,0.0,0.0001,13.0,1.27758353409753,1.274598009963181e-10,0.0,0.0001,-1.0,-1.0,2,-001,1001274
