tphys,kstar_1,mass_1,lum_1,deltam_1,RRLO_1,kstar_2,mass_2,lum_2,deltam_2,RRLO_2,porb,sep,bin_state,merger_type,bin_num
0.0,1.0,9.631683393307712,5344.014103922107,0.0,0.1524320589381457,1.0,4.339296648455669,432.27943085105505,0.0,0.13490523040963812,8.651562533206437,42.699607693582614,0,-001,1001815
13700.0,13.0,1.27758353409753,1.261112843149168e-10,0.0,0.0001,13.0,1.3290459803381975,1.2986354982856795e-10,0.0,0.0001,-1.0,-1.0,2,-001,1001815
