tphys,kstar_1,mass_1,lum_1,deltam_1,RRLO_1,kstar_2,mass_2,lum_2,deltam_2,RRLO_2,porb,sep,bin_state,merger_type,bin_num
0.0,1.0,14.407111771838244,17102.780806142397,0.0,0.0004992075694302977,1.0,6.143976725265981,1336.5160146798553,0.0,0.0004367031045136013,59661.922683590274,17593.88165996545,0,-001,1001937
13700.0,13.0,2.029011367337181,1.7159546440813086e-10,0.0,0.0001,13.0,1.242,1.2441580221247798e-10,0.0,0.0001,-1.0,-1.0,2,-001,1001937
