tphys,kstar_1,mass_1,lum_1,deltam_1,RRLO_1,kstar_2,mass_2,lum_2,deltam_2,RRLO_2,porb,sep,bin_state,merger_type,bin_num
0.0,1.0,7.103740823460906,2110.081649302265,0.0,0.02057148646469478,1.0,3.5493476354369866,220.0030419865028,0.0,0.01856085008358486,161.91699180968104,274.9826896558462,0,-001,1001843
13700.0,13.0,1.27758353409753,1.2648929140347224e-10,0.0,0.0001,13.0,1.27758353409753,1.271275720435748e-10,0.0,0.0001,-1.0,-1.0,2,-001,1001843
