tphys,kstar_1,mass_1,lum_1,deltam_1,RRLO_1,kstar_2,mass_2,lum_2,deltam_2,RRLO_2,porb,sep,bin_state,merger_type,bin_num
0.0,1.0,11.090099558372247,8104.171301516209,0.0,0.0007009466731223435,1.0,9.667238679380986,5403.1182638139235,0.0,0.000686014453319038,31951.46240008014,11641.33912788495,0,-001,1001679
13700.0,13.0,1.3454024662135826,1.3044649694282382e-10,0.0,0.0001,13.0,1.27758353409753,1.2610907882106717e-10,0.0,0.0001,-1.0,-1.0,2,-001,1001679
