tphys,kstar_1,mass_1,lum_1,deltam_1,RRLO_1,kstar_2,mass_2,lum_2,deltam_2,RRLO_2,porb,sep,bin_state,merger_type,bin_num
0.0,1.0,6.579755260346903,1659.8394808174048,0.0,0.004993512889471896,1.0,4.723844977767454,572.0539951103432,0.0,0.004751327292767902,1338.091413693907,1146.431241701065,0,-001,1001667
13700.0,13.0,1.28648131075195,1.2723086566566686e-10,0.0,9.943128483832637e-07,12.0,1.2133020933975256,5.172340543700071e-07,0.0,0.0003477788743086039,16.275341846904006,36.66677945744869,0,-001,1001667
