tphys,kstar_1,mass_1,lum_1,deltam_1,RRLO_1,kstar_2,mass_2,lum_2,deltam_2,RRLO_2,porb,sep,bin_state,merger_type,bin_num
0.0,1.0,13.33507740122457,13766.378784879877,0.0,0.0003468816390759987,1.0,11.783821832706305,9666.374287725766,0.0,0.0003402430459756301,122795.1131808203,30437.301792741877,0,-001,1001700
13700.0,13.0,1.6279817799069947,1.4809752003887488e-10,0.0,0.0001,13.0,1.4331206388544173,1.3604375972733527e-10,0.0,0.0001,-1.0,-1.0,2,-001,1001700
