tphys,kstar_1,mass_1,lum_1,deltam_1,RRLO_1,kstar_2,mass_2,lum_2,deltam_2,RRLO_2,porb,sep,bin_state,merger_type,bin_num
0.0,1.0,14.46858770799881,17306.766639427424,0.0,0.05569871831576199,1.0,10.084176287619453,6126.225114252711,0.0,0.05263887437670318,41.249290768680794,145.9698002391486,0,-001,1001375
13700.0,13.0,1.8094444366021811,1.589185900956912e-10,0.0,0.0001,14.0,7.162050886831525,1e-10,0.0,0.0001,-1.0,-1.0,2,-001,1001375
