tphys,kstar_1,mass_1,lum_1,deltam_1,RRLO_1,kstar_2,mass_2,lum_2,deltam_2,RRLO_2,porb,sep,bin_state,merger_type,bin_num
0.0,1.0,18.68494459315185,34618.422290106224,0.0,0.3196948712709364,1.0,10.885434890221898,7674.506668824588,0.0,0.29403712006391763,3.960480301861925,32.56387640780095,0,-001,1001512
13700.0,13.0,2.1026976897988336,1.7562778502486632e-10,0.0,0.0001,14.0,13.028571723235,1e-10,0.0,9.999999999999999e-05,-1.0,-1.0,2,-001,1001512
