tphys,kstar_1,mass_1,lum_1,deltam_1,RRLO_1,kstar_2,mass_2,lum_2,deltam_2,RRLO_2,porb,sep,bin_state,merger_type,bin_num
0.0,1.0,7.404311972108201,2400.143390158225,0.0,0.017242779013737837,1.0,4.619186924097653,531.4465611204539,0.0,0.016056583693624928,587.3808424087179,675.94086194177,0,-001,1001120
13700.0,13.0,1.27758353409753,1.2642251294198185e-10,0.0,0.0001,13.0,1.27758353409753,1.2688389496650845e-10,0.0,0.0001,-1.0,-1.0,2,-001,1001120
