tphys,kstar_1,mass_1,lum_1,deltam_1,RRLO_1,kstar_2,mass_2,lum_2,deltam_2,RRLO_2,porb,sep,bin_state,merger_type,bin_num
0.0,1.0,11.04074659848014,7999.271948252721,0.0,0.025424296264512876,1.0,7.63539106819837,2639.4897458694604,0.0,0.023998533644821848,236.69936820954175,427.0830295037386,0,-001,1001011
13700.0,13.0,1.339152127956319,1.3004325296467288e-10,0.0,0.0001,13.0,2.1678697607450754,1.7987290995215252e-10,0.0,0.0001,-1.0,-1.0,2,-001,1001011
