tphys,kstar_1,mass_1,lum_1,deltam_1,RRLO_1,kstar_2,mass_2,lum_2,deltam_2,RRLO_2,porb,sep,bin_state,merger_type,bin_num
0.0,1.0,11.222368322400058,8389.367208872736,0.0,0.1642025532590071,1.0,5.488009148351537,931.4358365738606,0.0,0.1469113169481157,6.869982367637217,38.867302022207056,0,-001,1001708
13700.0,13.0,1.27758353409753,1.259946085475011e-10,0.0,0.0001,13.0,1.5966944020700664,1.4663214194753842e-10,0.0,0.0001,-1.0,-1.0,2,-001,1001708
