tphys,kstar_1,mass_1,lum_1,deltam_1,RRLO_1,kstar_2,mass_2,lum_2,deltam_2,RRLO_2,porb,sep,bin_state,merger_type,bin_num
0.0,1.0,10.540466897927411,6981.986501039821,0.0,0.21093107553494567,1.0,3.6834318099670393,249.54607697942706,0.0,0.17957909982794723,5.359260988826576,31.214859304332606,0,-001,1001622
13700.0,13.0,1.27758353409753,1.260535013930163e-10,0.0,0.0001,13.0,1.3883879558651477,1.3364175494530762e-10,0.0,0.0001,-1.0,-1.0,2,-001,1001622
