tphys,kstar_1,mass_1,lum_1,deltam_1,RRLO_1,kstar_2,mass_2,lum_2,deltam_2,RRLO_2,porb,sep,bin_state,merger_type,bin_num
0.0,1.0,9.874384864466345,5755.431885105692,0.0,0.07320283358198863,1.0,7.376521199764307,2372.3242412783047,0.0,0.06994786923639756,82.50856874384517,206.0101251172592,0,-001,1001749
13700.0,13.0,1.27758353409753,1.26090930841653e-10,0.0,0.0001,13.0,1.8226869029476782,1.602477160999815e-10,0.0,0.0001,-1.0,-1.0,2,-001,1001749
