tphys,kstar_1,mass_1,lum_1,deltam_1,RRLO_1,kstar_2,mass_2,lum_2,deltam_2,RRLO_2,porb,sep,bin_state,merger_type,bin_num
0.0,1.0,18.58117939346145,34113.634793394194,0.0,0.024720239328371165,1.0,17.28570399784291,28145.583065626142,0.0,0.024453395240815395,160.78494229536543,410.21671869833347,0,-001,1001273
13700.0,13.0,2.8098970199220066,2.1328469485603561e-10,0.0,0.0001,14.0,22.60995429699501,1e-10,0.0,9.999999999999999e-05,-1.0,-1.0,2,-001,1001273
