tphys,kstar_1,mass_1,lum_1,deltam_1,RRLO_1,kstar_2,mass_2,lum_2,deltam_2,RRLO_2,porb,sep,bin_state,merger_type,bin_num
0.0,1.0,8.526683230962567,3701.7570115170142,0.0,0.08102369508951461,1.0,5.4367503442026255,903.6887166037936,0.0,0.0756154087789858,50.21076067188771,137.87340513043267,0,-001,1001409
13700.0,13.0,1.27758353409753,1.262351151824567e-10,0.0,0.0001,13.0,1.3519343159552657,1.3145698150474635e-10,0.0,0.0001,-1.0,-1.0,2,-001,1001409
