tphys,kstar_1,mass_1,lum_1,deltam_1,RRLO_1,kstar_2,mass_2,lum_2,deltam_2,RRLO_2,porb,sep,bin_state,merger_type,bin_num
0.0,1.0,14.299022661152101,16747.469834935742,0.0,0.0014777613937850876,1.0,6.280052969691843,1432.6593550740479,0.0,0.0012987238557884096,12430.531285614703,6186.148034173258,0,-001,1001094
13700.0,13.0,1.9845397240454203,1.690705580542382e-10,0.0,0.0001,13.0,1.242,1.2436622576787281e-10,0.0,0.0001,-1.0,-1.0,2,-001,1001094
