tphys,kstar_1,mass_1,lum_1,deltam_1,RRLO_1,kstar_2,mass_2,lum_2,deltam_2,RRLO_2,porb,sep,bin_state,merger_type,bin_num
0.0,1.0,11.118476428160925,8164.858389394921,0.0,0.067323671258243,1.0,10.664262312714506,7225.9549570593645,0.0,0.0668847498076639,37.86033438700277,132.46841842359967,0,-001,1001111
13700.0,13.0,1.3286846431017345,1.2935659253914588e-10,0.0,0.0001,13.0,1.2914496288175183,1.2694550185733806e-10,0.0,0.0001,-1.0,-1.0,2,-001,1001111
