tphys,kstar_1,mass_1,lum_1,deltam_1,RRLO_1,kstar_2,mass_2,lum_2,deltam_2,RRLO_2,porb,sep,bin_state,merger_type,bin_num
0.0,1.0,13.444339211529078,14087.409814634966,0.0,0.4340387067247928,1.0,11.712412038305686,9497.946071330982,0.0,0.42478642724580046,8.925879886393624,53.040071897742074,0,-001,1001271
13700.0,13.0,1.3568075800837078,1.3107451941811643e-10,0.0,0.0001,14.0,9.837387002957202,1e-10,0.0,0.0001,-1.0,-1.0,2,-001,1001271
