tphys,kstar_1,mass_1,lum_1,deltam_1,RRLO_1,kstar_2,mass_2,lum_2,deltam_2,RRLO_2,porb,sep,bin_state,merger_type,bin_num
0.0,1.0,17.69892440811072,29981.94470956302,0.0,0.023041810523907344,1.0,7.172548914171912,2174.394643048141,0.0,0.01999551553973551,1145.3578531657042,1344.249435691344,0,-001,1001853
13700.0,13.0,2.4482069031175984,1.9449595717824857e-10,0.0,0.0001,14.0,5.241205523871132,1e-10,0.0,0.0001,-1.0,-1.0,2,-001,1001853
