tphys,kstar_1,mass_1,lum_1,deltam_1,RRLO_1,kstar_2,mass_2,lum_2,deltam_2,RRLO_2,porb,sep,bin_state,merger_type,bin_num
0.0,1.0,9.345284286702721,4882.403507094609,0.0,0.030886492338032187,1.0,9.311524911281898,4829.676160633813,0.0,0.03086900599892276,208.1670990924841,391.89742522821365,0,-001,1001230
13700.0,13.0,1.27758353409753,1.2613994865410766e-10,0.0,0.0001,13.0,1.27758353409753,1.2614337282504312e-10,0.0,0.0001,-1.0,-1.0,2,-001,1001230
