tphys,kstar_1,mass_1,lum_1,deltam_1,RRLO_1,kstar_2,mass_2,lum_2,deltam_2,RRLO_2,porb,sep,bin_state,merger_type,bin_num
0.0,1.0,8.181811522364098,3263.9393388025924,0.0,0.02289438998415514,1.0,5.6728788958150735,1036.0982514593368,0.0,0.02164334970506873,176.36662184538278,317.75698030124533,0,-001,1001014
13700.0,13.0,1.27758353409753,1.2628420140133862e-10,0.0,0.0001,13.0,1.3381800629363478,1.306009136033248e-10,0.0,0.0001,-1.0,-1.0,2,-001,1001014
