tphys,kstar_1,mass_1,lum_1,deltam_1,RRLO_1,kstar_2,mass_2,lum_2,deltam_2,RRLO_2,porb,sep,bin_state,merger_type,bin_num
0.0,1.0,8.75043537657784,4004.4384272330426,0.0,0.0003490354432586424,1.0,8.411146698686789,3551.2363622148764,0.0,0.0003468897312872361,77812.46574066498,19777.45715343201,0,-001,1001668
13700.0,13.0,1.27758353409753,1.2620633357994516e-10,0.0,0.0001,13.0,1.27758353409753,1.2625083031437783e-10,0.0,0.0001,-1.0,-1.0,2,-001,1001668
