tphys,kstar_1,mass_1,lum_1,deltam_1,RRLO_1,kstar_2,mass_2,lum_2,deltam_2,RRLO_2,porb,sep,bin_state,merger_type,bin_num
0.0,1.0,7.38344762300425,2379.2384927056996,0.0,0.00028199285776908027,1.0,6.397707934385762,1519.2860952724195,0.0,0.00027585974969463,84839.0397435661,19473.511343160804,0,-001,1001385
13700.0,13.0,1.27758353409753,1.2642687078359508e-10,0.0,0.0001,13.0,1.27758353409753,1.2670200589808211e-10,0.0,0.0001,-1.0,-1.0,2,-001,1001385
