tphys,kstar_1,mass_1,lum_1,deltam_1,RRLO_1,kstar_2,mass_2,lum_2,deltam_2,RRLO_2,porb,sep,bin_state,merger_type,bin_num
0.0,1.0,10.35861130011843,6632.763026831013,0.0,0.15891461226939146,1.0,7.368643392357779,2364.4757895071184,0.0,0.1506834804852425,158.59778881173622,321.3886042373792,0,-001,1001605
13700.0,13.0,1.27758353409753,1.2605158818993908e-10,0.0,0.0001,13.0,1.9944929586481357,1.7015104441102505e-10,0.0,0.0001,-1.0,-1.0,2,-001,1001605
