tphys,kstar_1,mass_1,lum_1,deltam_1,RRLO_1,kstar_2,mass_2,lum_2,deltam_2,RRLO_2,porb,sep,bin_state,merger_type,bin_num
0.0,1.0,11.983442204106293,10146.568139829218,0.0,0.09831966415770871,1.0,10.693555528844753,7284.4274035331455,0.0,0.09658005395403461,202.01518947753166,409.95522788325,0,-001,1001143
13700.0,13.0,1.4057574911962714,1.3428698657758754e-10,0.0,0.0001,14.0,5.802620165429262,1e-10,0.0,9.999999999999999e-05,-1.0,-1.0,2,-001,1001143
