tphys,kstar_1,mass_1,lum_1,deltam_1,RRLO_1,kstar_2,mass_2,lum_2,deltam_2,RRLO_2,porb,sep,bin_state,merger_type,bin_num
0.0,1.0,9.416680120167404,4995.079215853326,0.0,0.004140286562569726,1.0,6.901396611810836,1928.0184618233864,0.0,0.0039450226295967405,1618.8162127012931,1471.0922714833762,0,-001,1001439
13700.0,13.0,1.27758353409753,1.2613282903669338e-10,0.0,0.0001,13.0,1.27758353409753,1.2653911021047582e-10,0.0,0.0001,-1.0,-1.0,2,-001,1001439
