tphys,kstar_1,mass_1,lum_1,deltam_1,RRLO_1,kstar_2,mass_2,lum_2,deltam_2,RRLO_2,porb,sep,bin_state,merger_type,bin_num
0.0,1.0,8.902485844933745,4218.638269780292,0.0,0.00238956049392721,1.0,5.931726666767068,1195.0378261635772,0.0,0.002244404072550542,3773.4455910427273,2505.332969876306,0,-001,1001220
13700.0,13.0,1.27758353409753,1.2618806611544496e-10,0.0,0.0001,12.0,1.3629990458589945,5.713979798651112e-07,0.0,9.999999999999999e-05,-1.0,-1.0,2,-001,1001220
