tphys,kstar_1,mass_1,lum_1,deltam_1,RRLO_1,kstar_2,mass_2,lum_2,deltam_2,RRLO_2,porb,sep,bin_state,merger_type,bin_num
0.0,1.0,8.416411887111538,3558.0110521923652,0.0,0.16890797675052788,1.0,4.701285693388146,563.1344608101995,0.0,0.15455960504428867,7.426683031685458,37.766003060945266,0,-001,1001857
13700.0,13.0,1.242,1.2389447005439122e-10,0.0,0.0001,13.0,1.4262426668887367,1.362359026179075e-10,0.0,0.0001,-1.0,-1.0,2,-001,1001857
