tphys,kstar_1,mass_1,lum_1,deltam_1,RRLO_1,kstar_2,mass_2,lum_2,deltam_2,RRLO_2,porb,sep,bin_state,merger_type,bin_num
0.0,1.0,7.376855567832241,2372.657728510243,0.0,0.005119101656773253,1.0,5.235830011275092,800.1281314101612,0.0,0.004859195143235258,1089.4045898137765,1036.7655318831996,0,-001,1001159
13700.0,13.0,1.27758353409753,1.2642825582657385e-10,0.0,0.0001,12.0,1.2474914077689851,5.279299121493552e-07,0.0,0.0001,-1.0,-1.0,2,-001,1001159
