tphys,kstar_1,mass_1,lum_1,deltam_1,RRLO_1,kstar_2,mass_2,lum_2,deltam_2,RRLO_2,porb,sep,bin_state,merger_type,bin_num
0.0,1.0,12.769207105940833,12172.151872751854,0.0,0.013663259164586853,1.0,7.09016844171761,2097.540817549115,0.0,0.012459334010798582,1249.773963121521,1321.7867822916814,0,-001,1001458
13700.0,13.0,1.5570934683630995,1.4376956698311484e-10,0.0,0.0001,13.0,2.306470618788102,1.8740785944927505e-10,0.0,0.0001,-1.0,-1.0,2,-001,1001458
