tphys,kstar_1,mass_1,lum_1,deltam_1,RRLO_1,kstar_2,mass_2,lum_2,deltam_2,RRLO_2,porb,sep,bin_state,merger_type,bin_num
0.0,1.0,7.591334329624933,2592.742926193687,0.0,0.0020042731583060323,1.0,5.530866824304117,955.0561571468866,0.0,0.0019096941068849009,5482.674261059093,3085.1935858485162,0,-001,1001690
13700.0,13.0,1.27758353409753,1.2638512897914064e-10,0.0,0.0001,12.0,1.2940469339700125,5.451863419574812e-07,0.0,9.999999999999999e-05,-1.0,-1.0,2,-001,1001690
