tphys,kstar_1,mass_1,lum_1,deltam_1,RRLO_1,kstar_2,mass_2,lum_2,deltam_2,RRLO_2,porb,sep,bin_state,merger_type,bin_num
0.0,1.0,10.661808385479867,7221.069584155332,0.0,0.002315805373863639,1.0,7.785315157851214,2802.5466511807035,0.0,0.0022046630631824627,11250.939429166036,5581.110697830708,0,-001,1001200
13700.0,13.0,1.2911122014200702,1.269234479077635e-10,0.0,0.0001,13.0,1.27758353409753,1.2634918736366953e-10,0.0,0.0001,-1.0,-1.0,2,-001,1001200
