tphys,kstar_1,mass_1,lum_1,deltam_1,RRLO_1,kstar_2,mass_2,lum_2,deltam_2,RRLO_2,porb,sep,bin_state,merger_type,bin_num
0.0,1.0,8.8641205891829,4163.936604296047,0.0,0.09720584959858636,1.0,5.454495382758095,913.2325692299804,0.0,0.09020912979364265,18.47273743858551,71.38490931518002,0,-001,1001471
13700.0,13.0,1.27758353409753,1.261922741592576e-10,0.0,0.0001,13.0,1.3852399198022503,1.3356451403503858e-10,0.0,0.0001,-1.0,-1.0,2,-001,1001471
