tphys,kstar_1,mass_1,lum_1,deltam_1,RRLO_1,kstar_2,mass_2,lum_2,deltam_2,RRLO_2,porb,sep,bin_state,merger_type,bin_num
0.0,1.0,6.430081363943772,1543.6983078880057,0.0,0.000411784953242155,1.0,6.186588475717257,1366.160509111715,0.0,0.000409374194559927,46054.11159182601,12582.851720373743,0,-001,1001504
13700.0,13.0,1.27758353409753,1.2669084839046048e-10,0.0,0.0001,13.0,1.242,1.2440031635676448e-10,0.0,0.0001,-1.0,-1.0,2,-001,1001504
