tphys,kstar_1,mass_1,lum_1,deltam_1,RRLO_1,kstar_2,mass_2,lum_2,deltam_2,RRLO_2,porb,sep,bin_state,merger_type,bin_num
0.0,1.0,11.300327812588186,8560.240826380214,0.0,0.004485797530227652,1.0,11.192294520421619,8324.002177141449,0.0,0.004479047366752026,1684.2433167918239,1681.0029629202015,0,-001,1001957
13700.0,13.0,1.372009940415687,1.321564001899359e-10,0.0,0.0001,13.0,1.3583402845992179,1.3127927895612982e-10,0.0,0.0001,-1.0,-1.0,2,-001,1001957
