tphys,kstar_1,mass_1,lum_1,deltam_1,RRLO_1,kstar_2,mass_2,lum_2,deltam_2,RRLO_2,porb,sep,bin_state,merger_type,bin_num
0.0,1.0,8.465772276910963,3621.9159313593027,0.0,0.01569112794666132,1.0,3.3529267896757062,181.07783819743003,0.0,0.01365787711011582,836.1704380916232,850.4947906854284,0,-001,1001496
13700.0,13.0,1.27758353409753,1.2624329221341155e-10,0.0,0.0001,13.0,1.27758353409753,1.2686427134909106e-10,0.0,0.0001,-1.0,-1.0,2,-001,1001496
