tphys,kstar_1,mass_1,lum_1,deltam_1,RRLO_1,kstar_2,mass_2,lum_2,deltam_2,RRLO_2,porb,sep,bin_state,merger_type,bin_num
0.0,1.0,12.564135204735114,11622.538252217031,0.0,0.08766458766367394,1.0,8.398532159804047,3535.038130460876,0.0,0.0822965002952193,123.08967565620317,287.02198211219064,0,-001,1001637
13700.0,13.0,1.46244224507575,1.3786253381233028e-10,0.0,0.0001,14.0,3.34325346976569,1e-10,0.0,9.999999999999999e-05,-1.0,-1.0,2,-001,1001637
