tphys,kstar_1,mass_1,lum_1,deltam_1,RRLO_1,kstar_2,mass_2,lum_2,deltam_2,RRLO_2,porb,sep,bin_state,merger_type,bin_num
0.0,1.0,11.37594172790234,8727.948850575538,0.0,0.10005574431679005,1.0,7.26558673248116,2263.31781583981,0.0,0.09327676629282075,165.69378002306053,336.4985547598659,0,-001,1001475
13700.0,13.0,1.3303881759992697,1.294518318000592e-10,0.0,0.0001,13.0,2.1888035624040856,1.8101812213209444e-10,0.0,0.0001,-1.0,-1.0,2,-001,1001475
