tphys,kstar_1,mass_1,lum_1,deltam_1,RRLO_1,kstar_2,mass_2,lum_2,deltam_2,RRLO_2,porb,sep,bin_state,merger_type,bin_num
0.0,1.0,10.795357390216012,7489.854653328816,0.0,0.06675225119228785,1.0,9.151407083292224,4584.388456370172,0.0,0.06504582612260407,26.853051997852003,102.30695256981261,0,-001,1001537
13700.0,13.0,1.2903408940901964,1.2686384409415917e-10,0.0,0.0001,13.0,2.958502882243084,2.2144467495132154e-10,0.0,0.0001,-1.0,-1.0,2,-001,1001537
