tphys,kstar_1,mass_1,lum_1,deltam_1,RRLO_1,kstar_2,mass_2,lum_2,deltam_2,RRLO_2,porb,sep,bin_state,merger_type,bin_num
0.0,1.0,20.647687202078885,44908.72298813808,0.0,0.3668532936322917,1.0,9.277821868655316,4777.388802745296,0.0,0.32401558230378863,2.5205698653735427,24.18976052292593,0,-001,1001498
13700.0,13.0,2.1698460183856074,1.7933410657604115e-10,0.0,0.0001,14.0,13.303346871662795,1e-10,0.0,0.0001,-1.0,-1.0,2,-001,1001498
