tphys,kstar_1,mass_1,lum_1,deltam_1,RRLO_1,kstar_2,mass_2,lum_2,deltam_2,RRLO_2,porb,sep,bin_state,merger_type,bin_num
0.0,1.0,11.976360162283775,10129.29535044393,0.0,0.09241739899781334,1.0,8.654211999339124,3872.4544411889906,0.0,0.08782619716704249,37.97948314013231,130.36320157985602,0,-001,1001801
13700.0,13.0,1.4011949471063276,1.3399513060545208e-10,0.0,0.0001,14.0,3.2006317666080326,1e-10,0.0,9.999999999999999e-05,-1.0,-1.0,2,-001,1001801
