tphys,kstar_1,mass_1,lum_1,deltam_1,RRLO_1,kstar_2,mass_2,lum_2,deltam_2,RRLO_2,porb,sep,bin_state,merger_type,bin_num
0.0,1.0,13.276215490828696,13595.209490167808,0.0,0.057193217828482815,1.0,6.332339273971675,1470.752703408579,0.0,0.05092715645492136,39.99214905681013,132.6631332089474,0,-001,1001837
13700.0,13.0,1.5667424568334596,1.4434355174649882e-10,0.0,0.0001,13.0,2.284340734802295,1.8619108678458942e-10,0.0,0.0001,-1.0,-1.0,2,-001,1001837
