tphys,kstar_1,mass_1,lum_1,deltam_1,RRLO_1,kstar_2,mass_2,lum_2,deltam_2,RRLO_2,porb,sep,bin_state,merger_type,bin_num
0.0,1.0,6.649038083452472,1715.4425512914515,0.0,0.005053075434013309,1.0,5.0344602172658055,704.4359028850394,0.0,0.004845647802395692,13588.081796130033,5435.610075410478,0,-001,1001354
13700.0,13.0,1.27758353409753,1.2661778469053987e-10,0.0,0.0001,12.0,1.2177080756192753,5.170923384796819e-07,0.0,0.0001,-1.0,-1.0,2,-001,1001354
