tphys,kstar_1,mass_1,lum_1,deltam_1,RRLO_1,kstar_2,mass_2,lum_2,deltam_2,RRLO_2,porb,sep,bin_state,merger_type,bin_num
0.0,1.0,7.746073893020547,2759.2710021634953,0.0,0.015658003356833945,1.0,4.4587476795259,472.95484307148433,0.0,0.014403205248008404,238.55650707222713,372.554559697934,0,-001,1001092
13700.0,13.0,1.27758353409753,1.26356328234958e-10,0.0,0.0001,13.0,1.27758353409753,1.2683484427204773e-10,0.0,0.0001,-1.0,-1.0,2,-001,1001092
