tphys,kstar_1,mass_1,lum_1,deltam_1,RRLO_1,kstar_2,mass_2,lum_2,deltam_2,RRLO_2,porb,sep,bin_state,merger_type,bin_num
0.0,1.0,7.032947055713962,2045.1908221159467,0.0,0.017910884022357895,1.0,4.876646470680782,634.9208572351232,0.0,0.016947642497227196,171.14164982014427,296.13382486932846,0,-001,1001533
13700.0,13.0,1.27758353409753,1.2650636268809099e-10,0.0,0.0001,13.0,1.27758353409753,1.2694484783900698e-10,0.0,0.0001,-1.0,-1.0,2,-001,1001533
