tphys,kstar_1,mass_1,lum_1,deltam_1,RRLO_1,kstar_2,mass_2,lum_2,deltam_2,RRLO_2,porb,sep,bin_state,merger_type,bin_num
0.0,1.0,11.79643225732349,9696.300498120454,0.0,0.0004242712957009575,1.0,7.028906098696022,2041.5257180145256,0.0,0.0003912423712058183,95168.17723193996,23327.09498786905,0,-001,1001603
13700.0,13.0,1.4346862423937914,1.3614263092850694e-10,0.0,0.0001,13.0,1.27758353409753,1.2650733568813399e-10,0.0,0.0001,-1.0,-1.0,2,-001,1001603
