tphys,kstar_1,mass_1,lum_1,deltam_1,RRLO_1,kstar_2,mass_2,lum_2,deltam_2,RRLO_2,porb,sep,bin_state,merger_type,bin_num
0.0,1.0,8.558504015010536,3743.900187512786,0.0,0.12151762482840105,1.0,7.228920863540186,2228.0028442033504,0.0,0.1183758691401164,28.846055976020985,99.26129884462645,0,-001,1001010
13700.0,13.0,1.27758353409753,1.262305724616293e-10,0.0,0.0001,13.0,1.5843209372560458,1.459999497143402e-10,0.0,0.0001,-1.0,-1.0,2,-001,1001010
