tphys,kstar_1,mass_1,lum_1,deltam_1,RRLO_1,kstar_2,mass_2,lum_2,deltam_2,RRLO_2,porb,sep,bin_state,merger_type,bin_num
0.0,1.0,14.323992892959184,16829.173626994932,0.0,0.213622201762932,1.0,10.192831300301297,6323.846561139212,0.0,0.20254411553717885,5.210545455284736,36.730662099432266,0,-001,1001051
13700.0,13.0,1.584867837030204,1.4542091381468148e-10,0.0,0.0001,14.0,8.044086709400172,1e-10,0.0,9.999999999999999e-05,-1.0,-1.0,2,-001,1001051
