tphys,kstar_1,mass_1,lum_1,deltam_1,RRLO_1,kstar_2,mass_2,lum_2,deltam_2,RRLO_2,porb,sep,bin_state,merger_type,bin_num
0.0,1.0,13.07282527865623,13013.313977316768,0.0,0.061586011105893436,1.0,4.4614604024811815,473.90672340779,0.0,0.05208784709551991,34.421410652907156,115.64682014092452,0,-001,1001330
13700.0,13.0,1.5215002924064942,1.4154556745166853e-10,0.0,0.0001,13.0,1.5952542672652306,1.464788342224679e-10,0.0,0.0001,-1.0,-1.0,2,-001,1001330
