tphys,kstar_1,mass_1,lum_1,deltam_1,RRLO_1,kstar_2,mass_2,lum_2,deltam_2,RRLO_2,porb,sep,bin_state,merger_type,bin_num
0.0,1.0,11.133656342728207,8197.434042128694,0.0,0.03292816842251433,1.0,9.577305884629558,5254.392562137102,0.0,0.032159732809319906,87.78631692010032,228.19346588061973,0,-001,1001285
13700.0,13.0,1.3509174937463717,1.3080180199898549e-10,0.0,0.0001,14.0,3.403162225277997,1e-10,0.0,9.999999999999999e-05,-1.0,-1.0,2,-001,1001285
