tphys,kstar_1,mass_1,lum_1,deltam_1,RRLO_1,kstar_2,mass_2,lum_2,deltam_2,RRLO_2,porb,sep,bin_state,merger_type,bin_num
0.0,1.0,9.158194866047387,4594.626703778705,0.0,0.13237172797964403,1.0,8.485153802559113,3647.2030172054947,0.0,0.1308034246620612,19.032151580098585,78.06759928624483,0,-001,1001394
13700.0,13.0,1.27758353409753,1.2615901736467754e-10,0.0,0.0001,13.0,2.121897219433388,1.774009990024675e-10,0.0,0.0001,-1.0,-1.0,2,-001,1001394
