tphys,kstar_1,mass_1,lum_1,deltam_1,RRLO_1,kstar_2,mass_2,lum_2,deltam_2,RRLO_2,porb,sep,bin_state,merger_type,bin_num
0.0,1.0,9.175689000683436,4621.078868723301,0.0,0.0612899032033461,1.0,7.628240748102182,2631.866904258529,0.0,0.05955188606595834,55.67098707910796,157.09949665726512,0,-001,1001907
13700.0,13.0,1.27758353409753,1.261580533225102e-10,0.0,0.0001,13.0,1.6706090797002424,1.5121520718652124e-10,0.0,0.0001,-1.0,-1.0,2,-001,1001907
