tphys,kstar_1,mass_1,lum_1,deltam_1,RRLO_1,kstar_2,mass_2,lum_2,deltam_2,RRLO_2,porb,sep,bin_state,merger_type,bin_num
0.0,1.0,10.777568574259462,7453.709421817571,0.0,0.0031361245089511144,1.0,6.4286955465535165,1542.6481597254935,0.0,0.002893415520678564,6813.306681208674,3903.187195153475,0,-001,1001012
13700.0,13.0,1.3057967650237314,1.2788098722100638e-10,0.0,0.0001,13.0,1.27758353409753,1.2669090147108908e-10,0.0,0.0001,-1.0,-1.0,2,-001,1001012
