tphys,kstar_1,mass_1,lum_1,deltam_1,RRLO_1,kstar_2,mass_2,lum_2,deltam_2,RRLO_2,porb,sep,bin_state,merger_type,bin_num
0.0,1.0,17.312156365340073,28261.24742907863,0.0,0.6562706141081586,1.0,14.351405171477056,16919.12968815048,0.0,0.637681962240238,3.078557385745411,28.16458242600298,0,-001,1001598
13700.0,13.0,1.8512043003304457,1.61287700963758e-10,0.0,0.0001,14.0,17.770090183896617,1e-10,0.0,0.0001,-1.0,-1.0,2,-001,1001598
