tphys,kstar_1,mass_1,lum_1,deltam_1,RRLO_1,kstar_2,mass_2,lum_2,deltam_2,RRLO_2,porb,sep,bin_state,merger_type,bin_num
0.0,1.0,8.359138718180088,3484.75108361249,0.0,0.0035498841638614163,1.0,6.858148231539102,1890.4565300639358,0.0,0.00344282000061462,2177.702801255552,1751.4458309994593,0,-001,1001508
13700.0,13.0,1.27758353409753,1.2625814949646783e-10,0.0,0.0001,13.0,1.27758353409753,1.2655090875003317e-10,0.0,0.0001,-1.0,-1.0,2,-001,1001508
