tphys,kstar_1,mass_1,lum_1,deltam_1,RRLO_1,kstar_2,mass_2,lum_2,deltam_2,RRLO_2,porb,sep,bin_state,merger_type,bin_num
0.0,1.0,13.113256802978562,13127.808700405043,0.0,0.2477896965105713,1.0,7.488073083477955,2485.2385479054115,0.0,0.22693696038299968,18.188182632908337,79.75841529868138,0,-001,1001558
13700.0,13.0,1.378598288470765,1.3249276190626447e-10,0.0,0.0001,14.0,3.2398180890189634,1e-10,0.0,9.999999999999999e-05,-1.0,-1.0,2,-001,1001558
