tphys,kstar_1,mass_1,lum_1,deltam_1,RRLO_1,kstar_2,mass_2,lum_2,deltam_2,RRLO_2,porb,sep,bin_state,merger_type,bin_num
0.0,1.0,12.44440529737515,11308.524255603741,0.0,0.031399330466715294,1.0,7.096093647290817,2103.0098301664134,0.0,0.02875338432091059,177.31577959119264,357.62568295095843,0,-001,1001100
13700.0,13.0,1.5077348155793142,1.4071532289478392e-10,0.0,0.0001,13.0,2.32506771122875,1.8843096289827995e-10,0.0,0.0001,-1.0,-1.0,2,-001,1001100
