tphys,kstar_1,mass_1,lum_1,deltam_1,RRLO_1,kstar_2,mass_2,lum_2,deltam_2,RRLO_2,porb,sep,bin_state,merger_type,bin_num
0.0,1.0,10.157268393959496,6258.743633849413,0.0,0.0004531128616062657,1.0,8.76707854985504,4027.546713893641,0.0,0.000442791451966151,66147.77002956922,18335.904251137967,0,-001,1001500
13700.0,13.0,1.27758353409753,1.2606766977052086e-10,0.0,0.0001,13.0,1.27758353409753,1.2620427972510294e-10,0.0,0.0001,-1.0,-1.0,2,-001,1001500
