tphys,kstar_1,mass_1,lum_1,deltam_1,RRLO_1,kstar_2,mass_2,lum_2,deltam_2,RRLO_2,porb,sep,bin_state,merger_type,bin_num
0.0,1.0,15.965078229004822,22699.97583057697,0.0,0.0003512293333822452,1.0,5.150149242531657,758.4377070600694,0.0,0.0002940265335093178,223896.2815097033,42872.78888607947,0,-001,1001179
13700.0,13.0,2.786457345971053,2.1216692280917077e-10,0.0,0.0001,12.0,1.2347613919434581,5.233272604106922e-07,0.0,9.999999999999999e-05,-1.0,-1.0,2,-001,1001179
