tphys,kstar_1,mass_1,lum_1,deltam_1,RRLO_1,kstar_2,mass_2,lum_2,deltam_2,RRLO_2,porb,sep,bin_state,merger_type,bin_num
0.0,1.0,20.727902855069352,45359.07728931293,0.0,0.11806569678557295,1.0,16.136989269673506,23372.352482813076,0.0,0.11372628358325215,19.233021562452425,100.50505251748598,0,-001,1001022
13700.0,13.0,2.970594253255249,2.213368372777136e-10,0.0,0.0001,14.0,23.711916622824912,1e-10,0.0,9.999999999999999e-05,-1.0,-1.0,2,-001,1001022
