tphys,kstar_1,mass_1,lum_1,deltam_1,RRLO_1,kstar_2,mass_2,lum_2,deltam_2,RRLO_2,porb,sep,bin_state,merger_type,bin_num
0.0,1.0,9.998386970298384,5972.887730586675,0.0,0.005918694225055667,1.0,6.096932667327072,1304.273692694636,0.0,0.005481158266730103,974.6629626144303,1044.1303925111017,0,-001,1001003
13700.0,13.0,1.27758353409753,1.260804334751232e-10,0.0,0.0001,13.0,1.242,1.244289535917598e-10,0.0,0.0001,-1.0,-1.0,2,-001,1001003
