tphys,kstar_1,mass_1,lum_1,deltam_1,RRLO_1,kstar_2,mass_2,lum_2,deltam_2,RRLO_2,porb,sep,bin_state,merger_type,bin_num
0.0,1.0,18.51607446114564,33798.94031114885,0.0,0.21362762692928142,1.0,14.01709082534276,15840.727285877756,0.0,0.20473545184020767,16.6401887081142,87.53186153145187,0,-001,1001741
13700.0,13.0,2.24572345024588,1.835476449489027e-10,0.0,0.0001,14.0,17.390177153853283,1e-10,0.0,9.999999999999999e-05,-1.0,-1.0,2,-001,1001741
