tphys,kstar_1,mass_1,lum_1,deltam_1,RRLO_1,kstar_2,mass_2,lum_2,deltam_2,RRLO_2,porb,sep,bin_state,merger_type,bin_num
0.0,1.0,7.0157365650071775,2029.6101644221453,0.0,0.03441112201385937,1.0,5.791560608856628,1107.1487736354818,0.0,0.03342061132973527,134.02457536245163,257.76701889720556,0,-001,1001434
13700.0,13.0,1.27758353409753,1.2651059654662589e-10,0.0,0.0001,13.0,1.27758353409753,1.268014886229871e-10,0.0,0.0001,-1.0,-1.0,2,-001,1001434
