tphys,kstar_1,mass_1,lum_1,deltam_1,RRLO_1,kstar_2,mass_2,lum_2,deltam_2,RRLO_2,porb,sep,bin_state,merger_type,bin_num
0.0,1.0,13.63532152519509,14658.873090566354,0.0,0.0003718517478754748,1.0,8.645664019774925,3860.8627019246996,0.0,0.00034619806770698957,76158.08349528899,21268.687818027975,0,-001,1001683
13700.0,13.0,1.6654950549097176,1.5036304538618564e-10,0.0,0.0001,13.0,1.27758353409753,1.262194874108603e-10,0.0,0.0001,-1.0,-1.0,2,-001,1001683
