tphys,kstar_1,mass_1,lum_1,deltam_1,RRLO_1,kstar_2,mass_2,lum_2,deltam_2,RRLO_2,porb,sep,bin_state,merger_type,bin_num
0.0,1.0,9.1525384771161,4586.093995663205,0.0,0.10491440655769785,1.0,4.809358952094995,606.7064959529952,0.0,0.09505605663010959,12.013796592053026,53.13575928160044,0,-001,1001044
13700.0,13.0,1.27758353409753,1.261594461175069e-10,0.0,0.0001,13.0,1.330617020411774,1.300287566044962e-10,0.0,0.0001,-1.0,-1.0,2,-001,1001044
