tphys,kstar_1,mass_1,lum_1,deltam_1,RRLO_1,kstar_2,mass_2,lum_2,deltam_2,RRLO_2,porb,sep,bin_state,merger_type,bin_num
0.0,1.0,11.162886563714139,8260.380781379296,0.0,0.003267059862460769,1.0,6.5648959724350355,1648.066804328563,0.0,0.003007189614186154,19661.576973335345,7990.652858597627,0,-001,1001743
13700.0,13.0,1.3546178695661237,1.3103993681699493e-10,0.0,0.0001,13.0,1.27758353409753,1.2664531251747936e-10,0.0,0.0001,-1.0,-1.0,2,-001,1001743
