tphys,kstar_1,mass_1,lum_1,deltam_1,RRLO_1,kstar_2,mass_2,lum_2,deltam_2,RRLO_2,porb,sep,bin_state,merger_type,bin_num
0.0,1.0,10.256745625017325,6441.883925828168,0.0,0.001961740316772421,1.0,5.819331553370281,1124.2175141744026,0.0,0.0017965371172581253,5084.767759071918,3139.4916724212458,0,-001,1001451
13700.0,13.0,1.27758353409753,1.260599780499682e-10,0.0,0.0001,12.0,1.3459642615753733,5.649775158824928e-07,0.0,9.999999999999999e-05,-1.0,-1.0,2,-001,1001451
