tphys,kstar_1,mass_1,lum_1,deltam_1,RRLO_1,kstar_2,mass_2,lum_2,deltam_2,RRLO_2,porb,sep,bin_state,merger_type,bin_num
0.0,1.0,9.273514674568442,4770.731872591181,0.0,0.03215870895093278,1.0,9.196242608118233,4652.277200704612,0.0,0.032116643434496876,430.38248520420984,633.882383319246,0,-001,1001776
13700.0,13.0,1.27758353409753,1.2614727455556882e-10,0.0,0.0001,13.0,1.27758353409753,1.2615535715853434e-10,0.0,0.0001,-1.0,-1.0,2,-001,1001776
