tphys,kstar_1,mass_1,lum_1,deltam_1,RRLO_1,kstar_2,mass_2,lum_2,deltam_2,RRLO_2,porb,sep,bin_state,merger_type,bin_num
0.0,1.0,13.436643364560512,14064.657473462219,0.0,0.4081171248751335,1.0,10.495168548100043,6893.980989993397,0.0,0.39262937846184454,2.220480781339127,20.633604386511767,0,-001,1001161
13700.0,13.0,1.3784733343931304,1.3247298735766962e-10,0.0,0.0001,14.0,8.181195555910216,1e-10,0.0,0.0001,-1.0,-1.0,2,-001,1001161
