tphys,kstar_1,mass_1,lum_1,deltam_1,RRLO_1,kstar_2,mass_2,lum_2,deltam_2,RRLO_2,porb,sep,bin_state,merger_type,bin_num
0.0,1.0,13.551172523646768,14405.459412214625,0.0,0.08595796548108994,1.0,7.515676263724142,2513.6939726273245,0.0,0.07836229806573057,37.89404590367456,131.0787840383559,0,-001,1001322
13700.0,13.0,1.5756619561401501,1.4488239257948048e-10,0.0,0.0001,14.0,3.1131460314970916,1e-10,0.0,9.999999999999999e-05,-1.0,-1.0,2,-001,1001322
