tphys,kstar_1,mass_1,lum_1,deltam_1,RRLO_1,kstar_2,mass_2,lum_2,deltam_2,RRLO_2,porb,sep,bin_state,merger_type,bin_num
0.0,1.0,18.374472610024647,33119.87300660867,0.0,0.6448980209230394,1.0,14.561817356134574,17618.749912140516,0.0,0.6224393729993517,2.1299123879281314,22.322934186921415,0,-001,1001209
13700.0,13.0,1.870681463961286,1.6240296152945448e-10,0.0,0.0001,14.0,20.08610620687501,1e-10,0.0,0.0001,-1.0,-1.0,2,-001,1001209
