tphys,kstar_1,mass_1,lum_1,deltam_1,RRLO_1,kstar_2,mass_2,lum_2,deltam_2,RRLO_2,porb,sep,bin_state,merger_type,bin_num
0.0,1.0,11.586588529514515,9205.455354982363,0.0,0.06214446938426483,1.0,10.471995860607093,6849.222601347385,0.0,0.06116662444657133,38.600965880890804,134.7544825240971,0,-001,1001345
13700.0,13.0,1.3918409042124293,1.3341664698319417e-10,0.0,0.0001,14.0,4.961583855803491,1e-10,0.0,9.999999999999999e-05,-1.0,-1.0,2,-001,1001345
