tphys,kstar_1,mass_1,lum_1,deltam_1,RRLO_1,kstar_2,mass_2,lum_2,deltam_2,RRLO_2,porb,sep,bin_state,merger_type,bin_num
0.0,1.0,11.759079740480678,9607.817784476052,0.0,0.3155050667201405,1.0,7.196838808167923,2197.3918701253792,0.0,0.2921603622293731,2.8001049305793924,22.28348137905613,0,-001,1001782
13700.0,13.0,1.27758353409753,1.2596618334926577e-10,0.0,0.0001,13.0,2.5037361076559574,1.9799995453625434e-10,0.0,0.0001,-1.0,-1.0,2,-001,1001782
