tphys,kstar_1,mass_1,lum_1,deltam_1,RRLO_1,kstar_2,mass_2,lum_2,deltam_2,RRLO_2,porb,sep,bin_state,merger_type,bin_num
0.0,1.0,19.241206418477628,37391.89624954492,0.0,0.05586837719481046,1.0,9.15370324619414,4587.850257054136,0.0,0.049764219791386365,101.37865355376911,279.03781965130867,0,-001,1001040
13700.0,13.0,2.590348679750438,2.019564303936047e-10,0.0,0.0001,14.0,9.945582282084148,1e-10,0.0,0.0001,-1.0,-1.0,2,-001,1001040
