tphys,kstar_1,mass_1,lum_1,deltam_1,RRLO_1,kstar_2,mass_2,lum_2,deltam_2,RRLO_2,porb,sep,bin_state,merger_type,bin_num
0.0,1.0,15.976701606345156,22745.09301947459,0.0,0.03803698264990551,1.0,10.62726614699174,7152.513510560355,0.0,0.03569401314146255,962.9291573771239,1224.6075213885106,0,-001,1001186
13700.0,13.0,2.0315953902459123,1.7168968024949378e-10,0.0,0.0001,14.0,9.2415837409919,1e-10,0.0,0.0001,-1.0,-1.0,2,-001,1001186
