tphys,kstar_1,mass_1,lum_1,deltam_1,RRLO_1,kstar_2,mass_2,lum_2,deltam_2,RRLO_2,porb,sep,bin_state,merger_type,bin_num
0.0,1.0,8.232884225065114,3326.6086216012272,0.0,0.0008782761099243309,1.0,5.730727635737878,1070.3484218734507,0.0,0.000830749141076728,19161.266279585445,7253.828558898349,0,-001,1001169
13700.0,13.0,1.27758353409753,1.2627651880757738e-10,0.0,0.0001,12.0,1.3307133457614648,5.591771187632061e-07,0.0,9.999999999999999e-05,-1.0,-1.0,2,-001,1001169
