tphys,kstar_1,mass_1,lum_1,deltam_1,RRLO_1,kstar_2,mass_2,lum_2,deltam_2,RRLO_2,porb,sep,bin_state,merger_type,bin_num
0.0,1.0,13.457664008609884,14126.854232907013,0.0,0.010504306933143694,1.0,12.564312463870523,11623.006898362926,0.0,0.010392388275004437,2646.534514018458,2385.157312231651,0,-001,1001734
13700.0,13.0,1.6433066037970157,1.4902505134415888e-10,0.0,0.0001,13.0,1.970947026006305,1.684103821500638e-10,0.0,0.0001,-1.0,-1.0,2,-001,1001734
