tphys,kstar_1,mass_1,lum_1,deltam_1,RRLO_1,kstar_2,mass_2,lum_2,deltam_2,RRLO_2,porb,sep,bin_state,merger_type,bin_num
0.0,1.0,8.664164390547063,3885.977966657311,0.0,0.09829984338299383,1.0,4.272333361515094,410.5220680870098,0.0,0.08827968415890544,13.248897180410161,55.29390800707957,0,-001,1001977
13700.0,13.0,1.27758353409753,1.2621652080167208e-10,0.0,0.0001,13.0,1.27758353409753,1.2663089075468086e-10,0.0,0.0001,-1.0,-1.0,2,-001,1001977
