tphys,kstar_1,mass_1,lum_1,deltam_1,RRLO_1,kstar_2,mass_2,lum_2,deltam_2,RRLO_2,porb,sep,bin_state,merger_type,bin_num
0.0,1.0,14.87182838916728,18679.03796769205,0.0,0.14867653431271297,1.0,6.698110693770691,1755.5389060908747,0.0,0.13116965930710645,78.64304275083315,214.9521228014242,0,-001,1001297
13700.0,13.0,1.6648595543306706,1.5028064253852104e-10,0.0,0.0001,14.0,3.2929702431800445,1e-10,0.0,0.0001,-1.0,-1.0,2,-001,1001297
