tphys,kstar_1,mass_1,lum_1,deltam_1,RRLO_1,kstar_2,mass_2,lum_2,deltam_2,RRLO_2,porb,sep,bin_state,merger_type,bin_num
0.0,1.0,12.875550614098447,12463.037261521322,0.0,0.5273021536797602,1.0,6.8470498609083315,1880.8934392264994,0.0,0.47760154414027833,1.956731806578509,17.78118997966648,0,-001,1001187
13700.0,13.0,1.27758353409753,1.259227350121626e-10,0.0,0.0001,14.0,3.1282538444589933,1e-10,0.0,0.0001,-1.0,-1.0,2,-001,1001187
