tphys,kstar_1,mass_1,lum_1,deltam_1,RRLO_1,kstar_2,mass_2,lum_2,deltam_2,RRLO_2,porb,sep,bin_state,merger_type,bin_num
0.0,1.0,13.558687386819797,14427.986459822183,0.0,0.4409797023636481,1.0,9.152251138847225,4585.660805415703,0.0,0.4146178841998016,4.6551225067666335,33.21373097908912,0,-001,1001261
13700.0,13.0,1.2964921342947617,1.2713901717504445e-10,0.0,0.0001,14.0,6.395641412524145,1e-10,0.0,9.999999999999999e-05,-1.0,-1.0,2,-001,1001261
