tphys,kstar_1,mass_1,lum_1,deltam_1,RRLO_1,kstar_2,mass_2,lum_2,deltam_2,RRLO_2,porb,sep,bin_state,merger_type,bin_num
0.0,1.0,12.88033486834223,12476.21833758208,0.0,0.017124693297792426,1.0,9.11706805004328,4532.810056804646,0.0,0.0162211367520346,291.27989385809417,517.9438751016664,0,-001,1001787
13700.0,13.0,1.571033672280023,1.4462562030284566e-10,0.0,0.0001,14.0,4.014057903810381,1e-10,0.0,0.0001,-1.0,-1.0,2,-001,1001787
