tphys,kstar_1,mass_1,lum_1,deltam_1,RRLO_1,kstar_2,mass_2,lum_2,deltam_2,RRLO_2,porb,sep,bin_state,merger_type,bin_num
0.0,1.0,6.387969178624736,1511.9911718071933,0.0,0.014572368751461609,1.0,3.0261872055714387,127.00210496823404,0.0,0.013078916267023646,1293.5790239593125,1054.567393864943,0,-001,1001869
13700.0,13.0,1.242,1.2432486467381298e-10,0.0,0.0001,13.0,1.27758353409753,1.27394201176923e-10,0.0,0.0001,-1.0,-1.0,2,-001,1001869
