tphys,kstar_1,mass_1,lum_1,deltam_1,RRLO_1,kstar_2,mass_2,lum_2,deltam_2,RRLO_2,porb,sep,bin_state,merger_type,bin_num
0.0,1.0,16.288592938220766,23974.36305875702,0.0,0.01885882047264811,1.0,12.68947396861634,11956.688891929047,0.0,0.01814396785256717,211.28569694536503,458.3758861322619,0,-001,1001847
13700.0,13.0,2.2021912952926006,1.8121002397258266e-10,0.0,0.0001,14.0,10.315367248654338,1e-10,0.0,0.0001,-1.0,-1.0,2,-001,1001847
