tphys,kstar_1,mass_1,lum_1,deltam_1,RRLO_1,kstar_2,mass_2,lum_2,deltam_2,RRLO_2,porb,sep,bin_state,merger_type,bin_num
0.0,1.0,20.15923096219069,42216.65403855336,0.0,0.17603382321043154,1.0,7.66633496212983,2672.6393899491923,0.0,0.1513306627684281,35.360709650910714,137.33478233138862,0,-001,1001611
13700.0,13.0,2.518558868720172,1.9817152599986105e-10,0.0,0.0001,14.0,9.403180593745022,1e-10,0.0,0.0001,-1.0,-1.0,2,-001,1001611
