tphys,kstar_1,mass_1,lum_1,deltam_1,RRLO_1,kstar_2,mass_2,lum_2,deltam_2,RRLO_2,porb,sep,bin_state,merger_type,bin_num
0.0,1.0,16.061444408341725,23075.537749796025,0.0,0.25217588926344564,1.0,8.772306516921576,4034.822587347916,0.0,0.22937998074501167,4.5820196094623045,33.85872728255386,0,-001,1001028
13700.0,13.0,1.7962195235048224,1.5809069037979198e-10,0.0,0.0001,14.0,7.830920131246122,1e-10,0.0,0.0001,-1.0,-1.0,2,-001,1001028
