tphys,kstar_1,mass_1,lum_1,deltam_1,RRLO_1,kstar_2,mass_2,lum_2,deltam_2,RRLO_2,porb,sep,bin_state,merger_type,bin_num
0.0,1.0,14.027675165702648,15874.246215648207,0.0,0.00135453263270849,1.0,7.505373343071207,2503.048947717491,0.0,0.001227864784074428,262815.23102179996,48019.84492967019,0,-001,1001860
13700.0,13.0,1.875398665403875,1.6279331887443719e-10,0.0,0.0001,13.0,1.27758353409753,1.264019367810238e-10,0.0,0.0001,-1.0,-1.0,2,-001,1001860
