tphys,kstar_1,mass_1,lum_1,deltam_1,RRLO_1,kstar_2,mass_2,lum_2,deltam_2,RRLO_2,porb,sep,bin_state,merger_type,bin_num
0.0,1.0,6.99720016485437,2012.91404986821,0.0,0.007852310473824887,1.0,5.652308250578033,1024.0928808474994,0.0,0.007601469867264959,570.1712262846551,673.979428034409,0,-001,1001324
13700.0,13.0,1.27758353409753,1.265151939793025e-10,0.0,0.0001,12.0,1.3198277673130907,5.551412031953661e-07,0.0,9.999999999999999e-05,-1.0,-1.0,2,-001,1001324
