tphys,kstar_1,mass_1,lum_1,deltam_1,RRLO_1,kstar_2,mass_2,lum_2,deltam_2,RRLO_2,porb,sep,bin_state,merger_type,bin_num
0.0,1.0,7.255511492211891,2253.5785991209805,0.0,0.00023795894649116507,1.0,6.259921968702298,1418.164095859606,0.0,0.00023264004248158102,119629.6377035656,24328.821833377893,0,-001,1001068
13700.0,13.0,1.27758353409753,1.2645447032311556e-10,0.0,0.0001,13.0,1.242,1.243735585227957e-10,0.0,0.0001,-1.0,-1.0,2,-001,1001068
