tphys,kstar_1,mass_1,lum_1,deltam_1,RRLO_1,kstar_2,mass_2,lum_2,deltam_2,RRLO_2,porb,sep,bin_state,merger_type,bin_num
0.0,1.0,12.340665896413965,11040.53200243355,0.0,0.001151598818115645,1.0,8.94147593410116,4274.685692569776,0.0,0.0010948394125028125,30506.152334959927,11381.91385181953,0,-001,1001449
13700.0,13.0,1.5032515113248763,1.404395939810073e-10,0.0,0.0001,13.0,1.27758353409753,1.2618349876306994e-10,0.0,0.0001,-1.0,-1.0,2,-001,1001449
