tphys,kstar_1,mass_1,lum_1,deltam_1,RRLO_1,kstar_2,mass_2,lum_2,deltam_2,RRLO_2,porb,sep,bin_state,merger_type,bin_num
0.0,1.0,7.1688628594658015,2170.918197898593,0.0,0.012795813899757364,1.0,2.655778291785902,80.18515311674271,0.0,0.01109168844199932,264.1674955308633,370.94573161864423,0,-001,1001254
13700.0,13.0,1.27758353409753,1.264740616567049e-10,0.0,0.0001,12.0,1.318689551516376,5.666205074705097e-07,0.0,0.0001,-1.0,-1.0,2,-001,1001254
