tphys,kstar_1,mass_1,lum_1,deltam_1,RRLO_1,kstar_2,mass_2,lum_2,deltam_2,RRLO_2,porb,sep,bin_state,merger_type,bin_num
0.0,1.0,13.577248754086618,14483.714502936939,0.0,0.01119315322531663,1.0,11.551978876673234,9125.956279502147,0.0,0.010914155532237506,2026.9562278865415,1973.5184322693424,0,-001,1001350
13700.0,13.0,1.6582447717732614,1.4992648323645491e-10,0.0,0.0001,13.0,1.8351249829017615,1.6059789867909797e-10,0.0,0.0001,-1.0,-1.0,2,-001,1001350
