tphys,kstar_1,mass_1,lum_1,deltam_1,RRLO_1,kstar_2,mass_2,lum_2,deltam_2,RRLO_2,porb,sep,bin_state,merger_type,bin_num
0.0,1.0,14.370629541235779,16982.379823510368,0.0,0.00034434717831231874,1.0,14.322943347127287,16825.734886478014,0.0,0.0003441700477878577,84228.52508872743,24746.829555848402,0,-001,1001601
13700.0,13.0,2.013948832119957,1.7074234634343897e-10,0.0,0.0001,13.0,1.994324886296158,1.696277062162609e-10,0.0,0.0001,-1.0,-1.0,2,-001,1001601
