tphys,kstar_1,mass_1,lum_1,deltam_1,RRLO_1,kstar_2,mass_2,lum_2,deltam_2,RRLO_2,porb,sep,bin_state,merger_type,bin_num
0.0,1.0,8.633992214607341,3845.0697640973567,0.0,0.035082115318485124,1.0,6.8030156269743465,1843.2555010225242,0.0,0.033810631460787374,1057.096865502337,1086.9664137801833,0,-001,1001804
13700.0,13.0,1.27758353409753,1.262209978561595e-10,0.0,0.0001,13.0,1.518010810779911,1.4193967081612936e-10,0.0,0.0001,-1.0,-1.0,2,-001,1001804
