tphys,kstar_1,mass_1,lum_1,deltam_1,RRLO_1,kstar_2,mass_2,lum_2,deltam_2,RRLO_2,porb,sep,bin_state,merger_type,bin_num
0.0,1.0,8.847684273204218,4140.637051892845,0.0,0.020353077136040534,1.0,3.2326762837128102,159.6810142065299,0.0,0.017499770391947375,367.29021908445355,495.05270109896946,0,-001,1001871
13700.0,13.0,1.27758353409753,1.261945390678706e-10,0.0,0.0001,13.0,1.27758353409753,1.26921324534686e-10,0.0,0.0001,-1.0,-1.0,2,-001,1001871
