tphys,kstar_1,mass_1,lum_1,deltam_1,RRLO_1,kstar_2,mass_2,lum_2,deltam_2,RRLO_2,porb,sep,bin_state,merger_type,bin_num
0.0,1.0,12.073288317371727,10367.214816487502,0.0,0.024195231678462617,1.0,4.303575523846572,420.58080821978433,0.0,0.020618107781068366,379.31810251585966,559.7977979077575,0,-001,1001588
13700.0,13.0,1.4618970504213833,1.3785284362320058e-10,0.0,0.0001,13.0,1.4692637842635923,1.3871562829489384e-10,0.0,0.0001,-1.0,-1.0,2,-001,1001588
