tphys,kstar_1,mass_1,lum_1,deltam_1,RRLO_1,kstar_2,mass_2,lum_2,deltam_2,RRLO_2,porb,sep,bin_state,merger_type,bin_num
0.0,1.0,11.709821835326553,9491.86986855313,0.0,0.6348591339722511,1.0,9.890129209686464,5782.768810447826,0.0,0.6182634958800767,1.5176000070642606,15.471806632347613,0,-001,1001608
13700.0,13.0,1.27758353409753,1.2598148628302184e-10,0.0,0.0001,14.0,6.152115198584882,1e-10,0.0,9.999999999999999e-05,-1.0,-1.0,2,-001,1001608
