tphys,kstar_1,mass_1,lum_1,deltam_1,RRLO_1,kstar_2,mass_2,lum_2,deltam_2,RRLO_2,porb,sep,bin_state,merger_type,bin_num
0.0,1.0,10.509404369135916,6921.565399204846,0.0,0.001862622447352955,1.0,8.521228356967196,3694.5625019604654,0.0,0.0018024540994393348,122019.31845118976,27630.497155572426,0,-001,1001575
13700.0,13.0,1.27758353409753,1.2604141041519867e-10,0.0,0.0001,13.0,1.27758353409753,1.2623578282935765e-10,0.0,0.0001,-1.0,-1.0,2,-001,1001575
