tphys,kstar_1,mass_1,lum_1,deltam_1,RRLO_1,kstar_2,mass_2,lum_2,deltam_2,RRLO_2,porb,sep,bin_state,merger_type,bin_num
0.0,1.0,9.405668480473366,4977.597405787923,0.0,0.05511651597498577,1.0,9.225186293701725,4696.431098011745,0.0,0.05494967039915125,34.607253700313855,118.43341294548392,0,-001,1001293
13700.0,13.0,1.27758353409753,1.261344996862875e-10,0.0,0.0001,13.0,1.27758353409753,1.261523038902306e-10,0.0,0.0001,-1.0,-1.0,2,-001,1001293
