tphys,kstar_1,mass_1,lum_1,deltam_1,RRLO_1,kstar_2,mass_2,lum_2,deltam_2,RRLO_2,porb,sep,bin_state,merger_type,bin_num
0.0,1.0,9.684529857172057,5432.006059660785,0.0,0.0024750280015384822,1.0,9.274028839513276,4771.526232556318,0.0,0.0024583018617860067,5887.08649046982,3657.244061817549,0,-001,1001405
13700.0,13.0,1.27758353409753,1.2610752212625149e-10,0.0,0.0001,13.0,1.27758353409753,1.2614722138280636e-10,0.0,0.0001,-1.0,-1.0,2,-001,1001405
