tphys,kstar_1,mass_1,lum_1,deltam_1,RRLO_1,kstar_2,mass_2,lum_2,deltam_2,RRLO_2,porb,sep,bin_state,merger_type,bin_num
0.0,1.0,16.037598789257633,22982.286368834822,0.0,0.11640773116138987,1.0,15.229750692151491,19947.030217565345,0.0,0.11548861081073923,20.502648125241763,99.27857956015106,0,-001,1001128
13700.0,13.0,1.9620261792739906,1.6772569918511253e-10,0.0,0.0001,14.0,16.424436836989894,1e-10,0.0,0.0001,-1.0,-1.0,2,-001,1001128
