tphys,kstar_1,mass_1,lum_1,deltam_1,RRLO_1,kstar_2,mass_2,lum_2,deltam_2,RRLO_2,porb,sep,bin_state,merger_type,bin_num
0.0,1.0,8.569359122671942,3758.3447537296497,0.0,0.021854314342753426,1.0,6.191461472331772,1369.5773553056786,0.0,0.020785174460984254,295.4199364353846,457.73620103702655,0,-001,1001673
13700.0,13.0,1.27758353409753,1.2622940398144627e-10,0.0,0.0001,13.0,1.433609367867062,1.36663600706508e-10,0.0,0.0001,-1.0,-1.0,2,-001,1001673
