tphys,kstar_1,mass_1,lum_1,deltam_1,RRLO_1,kstar_2,mass_2,lum_2,deltam_2,RRLO_2,porb,sep,bin_state,merger_type,bin_num
0.0,1.0,8.725602116981896,3970.1122668692515,0.0,0.06962515053783616,1.0,3.5970114976301133,230.2217765435793,0.0,0.06091420464708287,21.6316312556002,75.43606356660901,0,-001,1001570
13700.0,13.0,1.27758353409753,1.2620921144131617e-10,0.0,0.0001,13.0,1.27758353409753,1.2673031085838856e-10,0.0,0.0001,-1.0,-1.0,2,-001,1001570
