tphys,kstar_1,mass_1,lum_1,deltam_1,RRLO_1,kstar_2,mass_2,lum_2,deltam_2,RRLO_2,porb,sep,bin_state,merger_type,bin_num
0.0,1.0,6.564993840370804,1648.1441670613938,0.0,0.007009476965994513,1.0,2.9704042874228285,119.01512410039685,0.0,0.006248936112362808,699.4891888565411,702.9409456410244,0,-001,1001308
13700.0,14.0,2.556489875855818,1e-10,0.0,9.999999999999999e-05,15.0,0.0,1.2677275498662802e-05,0.0,-1.0,0.0,0.0,1,1313,1001308
