tphys,kstar_1,mass_1,lum_1,deltam_1,RRLO_1,kstar_2,mass_2,lum_2,deltam_2,RRLO_2,porb,sep,bin_state,merger_type,bin_num
0.0,1.0,14.8194196244856,18497.318833502257,0.0,0.0008996602222151834,1.0,6.160468140242785,1347.9391525205515,0.0,0.0007838164707416552,64141.550628438046,18591.4209114624,0,-001,1001694
13700.0,13.0,2.203723366731635,1.8134331446827964e-10,0.0,0.0001,13.0,1.242,1.2440964243022077e-10,0.0,0.0001,-1.0,-1.0,2,-001,1001694
