tphys,kstar_1,mass_1,lum_1,deltam_1,RRLO_1,kstar_2,mass_2,lum_2,deltam_2,RRLO_2,porb,sep,bin_state,merger_type,bin_num
0.0,1.0,15.136872450379961,19613.473766038074,0.0,0.0013366867916221048,1.0,14.785066618717286,18378.75147740368,0.0,0.0013318499765834373,123486.31050624557,32386.27616201652,0,-001,1001301
13700.0,13.0,2.3434551270518873,1.8895670529956653e-10,0.0,0.0001,13.0,2.188853479012933,1.8052386205305062e-10,0.0,0.0001,-1.0,-1.0,2,-001,1001301
