tphys,kstar_1,mass_1,lum_1,deltam_1,RRLO_1,kstar_2,mass_2,lum_2,deltam_2,RRLO_2,porb,sep,bin_state,merger_type,bin_num
0.0,1.0,10.474949094601968,6854.916986756092,0.0,0.0009017471547422727,1.0,7.6962076569204525,2704.889908445127,0.0,0.0008593226066479263,18702.375124138467,7792.508070512045,0,-001,1001981
13700.0,13.0,1.27758353409753,1.260438641015233e-10,0.0,0.0001,13.0,1.27758353409753,1.2636534726079346e-10,0.0,0.0001,-1.0,-1.0,2,-001,1001981
