tphys,kstar_1,mass_1,lum_1,deltam_1,RRLO_1,kstar_2,mass_2,lum_2,deltam_2,RRLO_2,porb,sep,bin_state,merger_type,bin_num
0.0,1.0,9.211588799276619,4675.655870941282,0.0,0.005961066201443268,1.0,7.231757412542668,2230.722293332126,0.0,0.005740867699268825,4383.144059698518,2865.0956382401,0,-001,1001490
13700.0,13.0,1.27758353409753,1.2615373579555733e-10,0.0,0.0001,13.0,1.27758353409753,1.264594372825686e-10,0.0,0.0001,-1.0,-1.0,2,-001,1001490
