tphys,kstar_1,mass_1,lum_1,deltam_1,RRLO_1,kstar_2,mass_2,lum_2,deltam_2,RRLO_2,porb,sep,bin_state,merger_type,bin_num
0.0,1.0,11.679104549700488,9419.988445357298,0.0,0.474851727330637,1.0,10.091679494254496,6139.74907435863,0.0,0.46409602230345354,7.674093274740594,45.70123808916996,0,-001,1001442
13700.0,13.0,1.27758353409753,1.2597403102111488e-10,0.0,0.0001,14.0,5.8452907626951625,1e-10,0.0,9.999999999999999e-05,-1.0,-1.0,2,-001,1001442
