tphys,kstar_1,mass_1,lum_1,deltam_1,RRLO_1,kstar_2,mass_2,lum_2,deltam_2,RRLO_2,porb,sep,bin_state,merger_type,bin_num
0.0,1.0,9.141940721810748,4570.133600338792,0.0,0.10501822736571396,1.0,6.947825262495381,1968.8693085594186,0.0,0.10063555070538754,214.80030378445338,380.9123585525394,0,-001,1001323
13700.0,13.0,1.27758353409753,1.2616095394531052e-10,0.0,0.0001,13.0,1.593229955319181,1.4652914401220888e-10,0.0,0.0001,-1.0,-1.0,2,-001,1001323
