tphys,kstar_1,mass_1,lum_1,deltam_1,RRLO_1,kstar_2,mass_2,lum_2,deltam_2,RRLO_2,porb,sep,bin_state,merger_type,bin_num
0.0,1.0,16.025128282534393,22933.6024722955,0.0,0.0007891527794498954,1.0,6.385800803343612,1510.3699985107814,0.0,0.0006828993785511713,25325.9003289848,10228.574422496633,0,-001,1001136
13700.0,13.0,2.827341900918796,2.142454669108234e-10,0.0,0.0001,13.0,1.242,1.2433053162476422e-10,0.0,0.0001,-1.0,-1.0,2,-001,1001136
