tphys,kstar_1,mass_1,lum_1,deltam_1,RRLO_1,kstar_2,mass_2,lum_2,deltam_2,RRLO_2,porb,sep,bin_state,merger_type,bin_num
0.0,1.0,10.133354625041642,6215.196759711776,0.0,0.0714686269511426,1.0,9.308133743450618,4824.399154802408,0.0,0.07052385575575891,38.26511476112314,128.44890611049294,0,-001,1001723
13700.0,13.0,1.27758353409753,1.260697806322551e-10,0.0,0.0001,13.0,2.787379302730648,2.1283003154493723e-10,0.0,0.0001,-1.0,-1.0,2,-001,1001723
