tphys,kstar_1,mass_1,lum_1,deltam_1,RRLO_1,kstar_2,mass_2,lum_2,deltam_2,RRLO_2,porb,sep,bin_state,merger_type,bin_num
0.0,1.0,8.629626550776699,3839.1730168906365,0.0,0.08049047669662253,1.0,4.021862865811984,335.5699008564755,0.0,0.07169433008894467,17.163321148473464,65.22288395823995,0,-001,1001862
13700.0,13.0,1.27758353409753,1.262212870934744e-10,0.0,0.0001,13.0,1.27758353409753,1.2669358566753723e-10,0.0,0.0001,-1.0,-1.0,2,-001,1001862
