tphys,kstar_1,mass_1,lum_1,deltam_1,RRLO_1,kstar_2,mass_2,lum_2,deltam_2,RRLO_2,porb,sep,bin_state,merger_type,bin_num
0.0,1.0,6.100309616207022,1306.5712199408235,0.0,0.0007502078481528692,1.0,5.795863183507372,1109.7821738960206,0.0,0.0007444272424988024,28019.489964802215,8859.1991625476,0,-001,1001461
13700.0,13.0,1.242,1.2443241335433467e-10,0.0,0.0001,12.0,1.3428295373427874,5.638267473554975e-07,0.0,0.0001,-1.0,-1.0,2,-001,1001461
