tphys,kstar_1,mass_1,lum_1,deltam_1,RRLO_1,kstar_2,mass_2,lum_2,deltam_2,RRLO_2,porb,sep,bin_state,merger_type,bin_num
0.0,1.0,13.271261037130511,13580.85877027975,0.0,0.005574862202737647,1.0,6.311273373934243,1455.3276482980095,0.0,0.004961804330069046,1243.8058541335793,1311.4243922477951,0,-001,1001112
13700.0,13.0,1.6199993830052943,1.4761326621046228e-10,0.0,0.0001,13.0,1.242,1.2435199353924982e-10,0.0,0.0001,-1.0,-1.0,2,-001,1001112
