tphys,kstar_1,mass_1,lum_1,deltam_1,RRLO_1,kstar_2,mass_2,lum_2,deltam_2,RRLO_2,porb,sep,bin_state,merger_type,bin_num
0.0,1.0,12.723697918664833,12048.896124190662,0.0,0.04778043980825335,1.0,6.5424669125877015,1630.3984557135223,0.0,0.04305239105833077,59.68046444079768,172.22853735660885,0,-001,1001623
13700.0,13.0,1.5126726216753918,1.4101038516213052e-10,0.0,0.0001,13.0,2.2046083668764567,1.8183899262221586e-10,0.0,0.0001,-1.0,-1.0,2,-001,1001623
