tphys,kstar_1,mass_1,lum_1,deltam_1,RRLO_1,kstar_2,mass_2,lum_2,deltam_2,RRLO_2,porb,sep,bin_state,merger_type,bin_num
0.0,1.0,6.697489974765822,1755.0280181082412,0.0,0.01586660109436155,1.0,3.713026562975121,256.403582528331,0.0,0.014540449201053773,183.73926009933484,296.8775073803068,0,-001,1001127
13700.0,14.0,2.5555855134982024,1e-10,0.0,0.0001,15.0,0.0,1.0820436146802258e-08,-4.9541903317974894e-36,-1.0,0.0,0.0,1,1313,1001127
