tphys,kstar_1,mass_1,lum_1,deltam_1,RRLO_1,kstar_2,mass_2,lum_2,deltam_2,RRLO_2,porb,sep,bin_state,merger_type,bin_num
0.0,1.0,6.713401691404545,1768.1543764187422,0.0,0.0016467498488426644,1.0,5.415676045288576,892.4389401165669,0.0,0.0015940590077183142,22513.7930785013,7706.5547245546095,0,-001,1001648
13700.0,13.0,1.27758353409753,1.265965236640524e-10,0.0,0.0001,12.0,1.2776743024579311,5.391801877396757e-07,0.0,9.999999999999999e-05,-1.0,-1.0,2,-001,1001648
