tphys,kstar_1,mass_1,lum_1,deltam_1,RRLO_1,kstar_2,mass_2,lum_2,deltam_2,RRLO_2,porb,sep,bin_state,merger_type,bin_num
0.0,1.0,16.16388033418303,23478.515938396846,0.0,0.0006077100704346076,1.0,8.511105387761255,3681.2343218272595,0.0,0.0005495909464779793,104261.9660792802,27130.31295779149,0,-001,1001481
13700.0,13.0,2.923046236436348,2.1907259545128162e-10,0.0,0.0001,13.0,1.27758353409753,1.2623714224769408e-10,0.0,0.0001,-1.0,-1.0,2,-001,1001481
