tphys,kstar_1,mass_1,lum_1,deltam_1,RRLO_1,kstar_2,mass_2,lum_2,deltam_2,RRLO_2,porb,sep,bin_state,merger_type,bin_num
0.0,1.0,17.397966707224914,28638.238197188035,0.0,0.06833963752511335,1.0,13.267206785767446,13569.122063863955,0.0,0.06554793949318091,176.56535806819966,414.41681479265355,0,-001,1001328
13700.0,13.0,2.221955012247664,1.8226901439415696e-10,0.0,0.0001,14.0,14.282173837635588,1e-10,0.0,9.999999999999999e-05,-1.0,-1.0,2,-001,1001328
