tphys,kstar_1,mass_1,lum_1,deltam_1,RRLO_1,kstar_2,mass_2,lum_2,deltam_2,RRLO_2,porb,sep,bin_state,merger_type,bin_num
0.0,1.0,13.324438833334186,13735.349945876173,0.0,0.059884316689935935,1.0,11.131159823036151,8192.071230873968,0.0,0.058222848574149194,43.865426338984555,151.87730985443235,0,-001,1001203
13700.0,13.0,1.5936072281778302,1.459954360429828e-10,0.0,0.0001,14.0,7.874003558894804,1e-10,0.0,9.999999999999999e-05,-1.0,-1.0,2,-001,1001203
