tphys,kstar_1,mass_1,lum_1,deltam_1,RRLO_1,kstar_2,mass_2,lum_2,deltam_2,RRLO_2,porb,sep,bin_state,merger_type,bin_num
0.0,1.0,7.674368136942054,2681.2879747297225,0.0,0.03271038643629104,1.0,4.45440761513318,471.43455935154526,0.0,0.030128651780064908,89.9114190550813,193.98468783442436,0,-001,1001802
13700.0,13.0,1.27758353409753,1.263694467691752e-10,0.0,0.0001,13.0,1.27758353409753,1.2683366468149502e-10,0.0,0.0001,-1.0,-1.0,2,-001,1001802
