tphys,kstar_1,mass_1,lum_1,deltam_1,RRLO_1,kstar_2,mass_2,lum_2,deltam_2,RRLO_2,porb,sep,bin_state,merger_type,bin_num
0.0,1.0,6.876183990404441,1906.0635036586552,0.0,0.009548482024707018,1.0,6.260245973989817,1418.3966433202697,0.0,0.009412591875998163,442.7554874787743,576.6163862406268,0,-001,1001899
13700.0,13.0,1.27758353409753,1.2654639833231125e-10,0.0,0.0001,13.0,1.242,1.243829619351922e-10,0.0,0.0001,-1.0,-1.0,2,-001,1001899
