tphys,kstar_1,mass_1,lum_1,deltam_1,RRLO_1,kstar_2,mass_2,lum_2,deltam_2,RRLO_2,porb,sep,bin_state,merger_type,bin_num
0.0,1.0,9.06026359038373,4448.279318697865,0.0,0.1090122866465604,1.0,4.065406711241812,347.8877943088708,0.0,0.09649736374181402,11.108727735671431,49.40473858022132,0,-001,1001437
13700.0,13.0,1.27758353409753,1.2616928413072151e-10,0.0,0.0001,13.0,1.27758353409753,1.2658679409717513e-10,0.0,0.0001,-1.0,-1.0,2,-001,1001437
