tphys,kstar_1,mass_1,lum_1,deltam_1,RRLO_1,kstar_2,mass_2,lum_2,deltam_2,RRLO_2,porb,sep,bin_state,merger_type,bin_num
0.0,1.0,6.445630313710974,1555.5125408007275,0.0,0.009365041605347632,1.0,4.1593235900715015,375.46654708838514,0.0,0.008774725134942266,891.0634393415145,855.8426098964928,0,-001,1001719
13700.0,13.0,1.242,1.2431044329596407e-10,0.0,0.0001,13.0,1.27758353409753,1.2717712004167174e-10,0.0,0.0001,-1.0,-1.0,2,-001,1001719
