tphys,kstar_1,mass_1,lum_1,deltam_1,RRLO_1,kstar_2,mass_2,lum_2,deltam_2,RRLO_2,porb,sep,bin_state,merger_type,bin_num
0.0,1.0,19.59785085341117,39229.740348719926,0.0,0.5081753932540594,1.0,11.377489468447731,8731.40201893041,0.0,0.4673228665994962,2.3186336197190234,23.144368818496986,0,-001,1001258
13700.0,13.0,2.0411243673549078,1.7215055071883558e-10,0.0,0.0001,14.0,15.522040426165901,1e-10,0.0,0.0001,-1.0,-1.0,2,-001,1001258
