tphys,kstar_1,mass_1,lum_1,deltam_1,RRLO_1,kstar_2,mass_2,lum_2,deltam_2,RRLO_2,porb,sep,bin_state,merger_type,bin_num
0.0,1.0,11.317075065423955,8597.217522892533,0.0,0.016902661544229883,1.0,10.353835182195978,6623.737601715098,0.0,0.01666849741174642,977.7493391404469,1155.3918469084972,0,-001,1001946
13700.0,13.0,1.3741283503977542,1.3229207693210558e-10,0.0,0.0001,14.0,4.052818787828959,1e-10,0.0,0.0001,-1.0,-1.0,2,-001,1001946
