tphys,kstar_1,mass_1,lum_1,deltam_1,RRLO_1,kstar_2,mass_2,lum_2,deltam_2,RRLO_2,porb,sep,bin_state,merger_type,bin_num
0.0,1.0,9.81461841811732,5652.3800981609675,0.0,0.0033120560183548518,1.0,5.300192338883964,832.4099373617487,0.0,0.0030113730627461316,4145.212441745219,2684.0091583366175,0,-001,1001290
13700.0,13.0,1.27758353409753,1.2609597749506993e-10,0.0,0.0001,12.0,1.2554406049631963,5.30734006522064e-07,0.0,0.0001,-1.0,-1.0,2,-001,1001290
