tphys,kstar_1,mass_1,lum_1,deltam_1,RRLO_1,kstar_2,mass_2,lum_2,deltam_2,RRLO_2,porb,sep,bin_state,merger_type,bin_num
0.0,1.0,6.017081126639526,1250.7040202498133,0.0,0.004600225652123671,1.0,5.36936583374986,868.0392578194048,0.0,0.004522159583106523,1464.9816764020536,1220.7763233643705,0,-001,1001478
13700.0,13.0,1.242,1.244662018209361e-10,0.0,0.0001,13.0,1.27758353409753,1.2710500615886695e-10,0.0,0.0001,-1.0,-1.0,2,-001,1001478
