tphys,kstar_1,mass_1,lum_1,deltam_1,RRLO_1,kstar_2,mass_2,lum_2,deltam_2,RRLO_2,porb,sep,bin_state,merger_type,bin_num
0.0,1.0,11.675506996087725,9411.591100798854,0.0,0.042150444623754266,1.0,4.685809539211924,557.0686344143212,0.0,0.03658214730748666,95.54456381546244,223.20056882422938,0,-001,1001436
13700.0,13.0,1.3960663299937095,1.336827955892858e-10,0.0,0.0001,13.0,1.4964455758860893,1.4043159217058743e-10,0.0,0.0001,-1.0,-1.0,2,-001,1001436
