tphys,kstar_1,mass_1,lum_1,deltam_1,RRLO_1,kstar_2,mass_2,lum_2,deltam_2,RRLO_2,porb,sep,bin_state,merger_type,bin_num
0.0,1.0,6.785473896644944,1828.3971054846804,0.0,0.0028745971912750396,1.0,5.9071044359104565,1179.28335401761,0.0,0.002814587047104245,3496.39522157114,2260.5573153860837,0,-001,1001292
13700.0,13.0,1.27758353409753,1.2657223934349113e-10,0.0,0.0001,12.0,1.3588836971659057,5.698299489024013e-07,0.0,9.999999999999999e-05,-1.0,-1.0,2,-001,1001292
