tphys,kstar_1,mass_1,lum_1,deltam_1,RRLO_1,kstar_2,mass_2,lum_2,deltam_2,RRLO_2,porb,sep,bin_state,merger_type,bin_num
0.0,1.0,6.381507191713411,1507.163203765959,0.0,0.005527827736619786,1.0,2.7272855198225554,88.1202770553197,0.0,0.004896536689616887,3070.721007672909,1856.0901804070697,0,-001,1001835
13700.0,13.0,1.2781240241803922,1.2674355838854213e-10,0.0,8.574794236239268e-07,13.0,1.27758353409753,1.2765970964549903e-10,0.0,8.576451573972748e-07,1751.7977756797447,835.8177557642994,0,-001,1001835
