tphys,kstar_1,mass_1,lum_1,deltam_1,RRLO_1,kstar_2,mass_2,lum_2,deltam_2,RRLO_2,porb,sep,bin_state,merger_type,bin_num
0.0,1.0,12.302832879305116,10943.738541637053,0.0,0.028834364587407197,1.0,8.241101181033997,3336.7611840469585,0.0,0.027077953146140817,119.61263701914424,279.7034399385974,0,-001,1001219
13700.0,13.0,1.4984918208218034,1.4014338041954022e-10,0.0,0.0001,13.0,2.8912465940386785,2.1799713387606356e-10,0.0,0.0001,-1.0,-1.0,2,-001,1001219
