tphys,kstar_1,mass_1,lum_1,deltam_1,RRLO_1,kstar_2,mass_2,lum_2,deltam_2,RRLO_2,porb,sep,bin_state,merger_type,bin_num
0.0,1.0,11.819433066088324,9751.026152925368,0.0,0.38148961417137134,1.0,6.523469758262348,1615.5290333165733,0.0,0.3476335221812308,2.6752235908741033,21.380341552634253,0,-001,1001703
13700.0,13.0,1.27758353409753,1.259662375927952e-10,0.0,0.0001,13.0,2.3522254741047712,1.8991337445304423e-10,0.0,0.0001,-1.0,-1.0,2,-001,1001703
