tphys,kstar_1,mass_1,lum_1,deltam_1,RRLO_1,kstar_2,mass_2,lum_2,deltam_2,RRLO_2,porb,sep,bin_state,merger_type,bin_num
0.0,1.0,10.648995424326358,7195.593500158856,0.0,0.18269097403087559,1.0,8.190188310940657,3274.1669446000883,0.0,0.17533557903068284,14.528247430713806,66.64712286021717,0,-001,1001486
13700.0,13.0,1.27758353409753,1.260309139049535e-10,0.0,0.0001,13.0,2.4379902962301796,1.945602870713478e-10,0.0,0.0001,-1.0,-1.0,2,-001,1001486
