tphys,kstar_1,mass_1,lum_1,deltam_1,RRLO_1,kstar_2,mass_2,lum_2,deltam_2,RRLO_2,porb,sep,bin_state,merger_type,bin_num
0.0,1.0,7.770072053709483,2785.6859228615926,0.0,0.0001835049279843582,1.0,5.518731420284522,948.3288502092136,0.0,0.0001741562103368667,193331.20343095492,33315.665208054685,0,-001,1001823
13700.0,13.0,1.27758353409753,1.2635202267795294e-10,0.0,0.0001,12.0,1.2925149100164872,5.446368405096892e-07,0.0,0.0001,-1.0,-1.0,2,-001,1001823
