tphys,kstar_1,mass_1,lum_1,deltam_1,RRLO_1,kstar_2,mass_2,lum_2,deltam_2,RRLO_2,porb,sep,bin_state,merger_type,bin_num
0.0,1.0,9.51699793562607,5156.084370091486,0.0,0.04667490606646845,1.0,4.0529115997043546,344.3230060299083,0.0,0.040972569135707355,58.90706928816754,151.9109764111828,0,-001,1001452
13700.0,13.0,1.27758353409753,1.261232923911899e-10,0.0,0.0001,13.0,1.27758353409753,1.2657023119550049e-10,0.0,0.0001,-1.0,-1.0,2,-001,1001452
