tphys,kstar_1,mass_1,lum_1,deltam_1,RRLO_1,kstar_2,mass_2,lum_2,deltam_2,RRLO_2,porb,sep,bin_state,merger_type,bin_num
0.0,1.0,6.557751074585445,1642.4251911218519,0.0,0.0009655179525082554,1.0,5.611769853062625,1000.6992112058438,0.0,0.0009430020544915265,12615.861952445734,5243.899254157994,0,-001,1001727
13700.0,13.0,1.27758353409753,1.2664788719730028e-10,0.0,0.0001,12.0,1.3149992439778275,5.533766213671517e-07,0.0,0.0001,-1.0,-1.0,2,-001,1001727
