tphys,kstar_1,mass_1,lum_1,deltam_1,RRLO_1,kstar_2,mass_2,lum_2,deltam_2,RRLO_2,porb,sep,bin_state,merger_type,bin_num
0.0,1.0,9.275727469517744,4774.151114329876,0.0,0.1446696490602144,1.0,7.923999602121793,2958.9102505810865,0.0,0.14115949587640786,29.214263003829714,103.00438221145461,0,-001,1001978
13700.0,13.0,1.27758353409753,1.2614647908183452e-10,0.0,0.0001,13.0,1.9298715510504285,1.6649536834986236e-10,0.0,0.0001,-1.0,-1.0,2,-001,1001978
