tphys,kstar_1,mass_1,lum_1,deltam_1,RRLO_1,kstar_2,mass_2,lum_2,deltam_2,RRLO_2,porb,sep,bin_state,merger_type,bin_num
0.0,1.0,10.36161280705779,6638.438792885237,0.0,0.005745466901780891,1.0,6.267330222102353,1423.4873438406162,0.0,0.005313163539459066,2586.651950106325,2023.3240276962024,0,-001,1001388
13700.0,13.0,1.27758353409753,1.2605210740156501e-10,0.0,0.0001,13.0,1.242,1.2436994841763964e-10,0.0,0.0001,-1.0,-1.0,2,-001,1001388
