tphys,kstar_1,mass_1,lum_1,deltam_1,RRLO_1,kstar_2,mass_2,lum_2,deltam_2,RRLO_2,porb,sep,bin_state,merger_type,bin_num
0.0,1.0,10.402609863840274,6716.258589675513,0.0,0.2831717067258067,1.0,5.519156872348974,948.5641781459193,0.0,0.25666177381559613,5.666343894733563,33.6370265594162,0,-001,1001841
13700.0,13.0,1.27758353409753,1.2605735225848262e-10,0.0,0.0001,13.0,1.6234967858664742,1.4829229740562638e-10,0.0,0.0001,-1.0,-1.0,2,-001,1001841
