tphys,kstar_1,mass_1,lum_1,deltam_1,RRLO_1,kstar_2,mass_2,lum_2,deltam_2,RRLO_2,porb,sep,bin_state,merger_type,bin_num
0.0,1.0,19.91627826896518,40909.89728637422,0.0,0.12809246330187002,1.0,12.583186548839828,11672.970633387215,0.0,0.11939955217149853,17.598411814377293,90.82936555920078,0,-001,1001509
13700.0,13.0,2.6413382132876846,2.0459786923230122e-10,0.0,0.0001,14.0,15.929068208994934,1e-10,0.0,0.0001,-1.0,-1.0,2,-001,1001509
