tphys,kstar_1,mass_1,lum_1,deltam_1,RRLO_1,kstar_2,mass_2,lum_2,deltam_2,RRLO_2,porb,sep,bin_state,merger_type,bin_num
0.0,1.0,13.186042427035424,13335.398194139221,0.0,0.0009992540830272099,1.0,8.443022571996481,3592.3744815218533,0.0,0.000931740876311444,15710.054243910032,7352.182266552745,0,-001,1001677
13700.0,13.0,1.6093350824822494,1.4696510503066774e-10,0.0,0.0001,13.0,1.27758353409753,1.26246330512997e-10,0.0,0.0001,-1.0,-1.0,2,-001,1001677
