tphys,kstar_1,mass_1,lum_1,deltam_1,RRLO_1,kstar_2,mass_2,lum_2,deltam_2,RRLO_2,porb,sep,bin_state,merger_type,bin_num
0.0,1.0,6.71604175343966,1770.3383542700983,0.0,0.035288319252643766,1.0,4.094202816644601,356.1960244558304,0.0,0.03278037155988579,131.22984151877145,240.20689501694773,0,-001,1001132
13700.0,13.0,1.27758353409753,1.2659564596718498e-10,0.0,0.0001,13.0,1.27758353409753,1.27071110963388e-10,0.0,0.0001,-1.0,-1.0,2,-001,1001132
