tphys,kstar_1,mass_1,lum_1,deltam_1,RRLO_1,kstar_2,mass_2,lum_2,deltam_2,RRLO_2,porb,sep,bin_state,merger_type,bin_num
0.0,1.0,6.890527973596295,1918.534438366578,0.0,0.0014493793134348894,1.0,5.2395237339988485,801.9582700290846,0.0,0.0013905151402818406,7735.937548197597,3780.7800628935147,0,-001,1001761
13700.0,13.0,1.27758353409753,1.2654260008427883e-10,0.0,0.0001,12.0,1.247591934648376,5.279514564522039e-07,0.0,0.0001,-1.0,-1.0,2,-001,1001761
