tphys,kstar_1,mass_1,lum_1,deltam_1,RRLO_1,kstar_2,mass_2,lum_2,deltam_2,RRLO_2,porb,sep,bin_state,merger_type,bin_num
0.0,1.0,8.01036653730457,3059.002686705752,0.0,0.03909291024508328,1.0,3.076014406458468,134.43302953008717,0.0,0.033924295263128866,243.22915156909144,365.50409117186337,0,-001,1001241
13700.0,13.0,1.27758353409753,1.2631186918401528e-10,0.0,0.0001,13.0,1.27758353409753,1.2701119566889558e-10,0.0,0.0001,-1.0,-1.0,2,-001,1001241
