tphys,kstar_1,mass_1,lum_1,deltam_1,RRLO_1,kstar_2,mass_2,lum_2,deltam_2,RRLO_2,porb,sep,bin_state,merger_type,bin_num
0.0,1.0,15.264339007096751,20072.05892646024,0.0,0.6473343848019496,1.0,12.568685624208115,11634.57238345381,0.0,0.6280960936670662,1.9102039999956264,19.62720814364797,0,-001,1001672
13700.0,13.0,1.4478528367665553,1.3684971300537335e-10,0.0,0.0001,14.0,13.135982297543208,1e-10,0.0,9.999999999999999e-05,-1.0,-1.0,2,-001,1001672
