tphys,kstar_1,mass_1,lum_1,deltam_1,RRLO_1,kstar_2,mass_2,lum_2,deltam_2,RRLO_2,porb,sep,bin_state,merger_type,bin_num
0.0,1.0,18.424384611199116,33358.389077993794,0.0,0.2572769400455715,1.0,15.900148954714568,22448.86459934605,0.0,0.25160207032955084,8.496816917086548,56.927784427762106,0,-001,1001999
13700.0,13.0,2.206682313591892,1.8140541271072616e-10,0.0,0.0001,14.0,21.044479441862812,1e-10,0.0,0.0001,-1.0,-1.0,2,-001,1001999
