tphys,kstar_1,mass_1,lum_1,deltam_1,RRLO_1,kstar_2,mass_2,lum_2,deltam_2,RRLO_2,porb,sep,bin_state,merger_type,bin_num
0.0,1.0,12.630635384461419,11799.134138357538,0.0,0.22405349437539485,1.0,11.895192157906113,9932.57489505078,0.0,0.2219611241794395,4.7508511975762895,34.541463580947486,0,-001,1001124
13700.0,13.0,1.4042867959487018,1.3416157902539e-10,0.0,0.0001,14.0,8.89191610494324,1e-10,0.0,0.0001,-1.0,-1.0,2,-001,1001124
