tphys,kstar_1,mass_1,lum_1,deltam_1,RRLO_1,kstar_2,mass_2,lum_2,deltam_2,RRLO_2,porb,sep,bin_state,merger_type,bin_num
0.0,1.0,7.622317525045378,2625.562803743522,0.0,0.04438651935234532,1.0,3.5119112846802296,212.19221529521076,0.0,0.03954630122022953,276.4780647261304,398.6689337176867,0,-001,1001983
13700.0,13.0,1.27758353409753,1.2638012012821865e-10,0.0,0.0001,13.0,1.27758353409753,1.2698036739113018e-10,0.0,0.0001,-1.0,-1.0,2,-001,1001983
