tphys,kstar_1,mass_1,lum_1,deltam_1,RRLO_1,kstar_2,mass_2,lum_2,deltam_2,RRLO_2,porb,sep,bin_state,merger_type,bin_num
0.0,1.0,15.227852841928096,19940.182665409106,0.0,0.0024509314566869343,1.0,6.282210672389719,1434.2186383376031,0.0,0.0021326631068713064,4358.400098134045,3121.647458922403,0,-001,1001392
13700.0,13.0,2.3843492772322485,1.9115623170197852e-10,0.0,0.0001,13.0,1.242,1.243651973135331e-10,0.0,0.0001,-1.0,-1.0,2,-001,1001392
