tphys,kstar_1,mass_1,lum_1,deltam_1,RRLO_1,kstar_2,mass_2,lum_2,deltam_2,RRLO_2,porb,sep,bin_state,merger_type,bin_num
0.0,1.0,13.585716291468525,14509.17843462567,0.0,0.23914234262799172,1.0,7.182543684767648,2183.8388730975407,0.0,0.21638001345369473,14.304410066425294,68.13944078053245,0,-001,1001536
13700.0,13.0,1.4250069830321188,1.3544689686529324e-10,0.0,0.0001,14.0,3.2620246580978023,1e-10,0.0,9.999999999999999e-05,-1.0,-1.0,2,-001,1001536
