tphys,kstar_1,mass_1,lum_1,deltam_1,RRLO_1,kstar_2,mass_2,lum_2,deltam_2,RRLO_2,porb,sep,bin_state,merger_type,bin_num
0.0,1.0,11.376712790561047,8729.669068518406,0.0,0.0005526800180138303,1.0,7.520411550273441,2518.5960918099345,0.0,0.0005180001866933866,35586.29156000498,12122.874857291717,0,-001,1001217
13700.0,13.0,1.3816706461615562,1.327745889898582e-10,0.0,0.0001,13.0,1.27758353409753,1.2639891810457117e-10,0.0,0.0001,-1.0,-1.0,2,-001,1001217
