tphys,kstar_1,mass_1,lum_1,deltam_1,RRLO_1,kstar_2,mass_2,lum_2,deltam_2,RRLO_2,porb,sep,bin_state,merger_type,bin_num
0.0,1.0,15.974851611532344,22737.9087593201,0.0,0.3439583836262783,1.0,14.501910861443658,17417.914375211294,0.0,0.3388770578390792,11.818725338511259,68.17972786831942,0,-001,1001830
13700.0,13.0,1.809859163892957,1.5889616266166147e-10,0.0,0.0001,14.0,15.927796445056117,1e-10,0.0,9.999999999999999e-05,-1.0,-1.0,2,-001,1001830
