tphys,kstar_1,mass_1,lum_1,deltam_1,RRLO_1,kstar_2,mass_2,lum_2,deltam_2,RRLO_2,porb,sep,bin_state,merger_type,bin_num
0.0,1.0,8.79955161506551,4072.87247998504,0.0,0.022432373107613774,1.0,8.633186271682133,3843.9807440933164,0.0,0.022365654360561975,193.9954146539863,365.53985628126014,0,-001,1001247
13700.0,13.0,1.27758353409753,1.2620032658010327e-10,0.0,0.0001,13.0,1.27758353409753,1.2622109942923338e-10,0.0,0.0001,-1.0,-1.0,2,-001,1001247
