tphys,kstar_1,mass_1,lum_1,deltam_1,RRLO_1,kstar_2,mass_2,lum_2,deltam_2,RRLO_2,porb,sep,bin_state,merger_type,bin_num
0.0,1.0,10.534590522719336,6970.531687699154,0.0,0.0002096322479636384,1.0,10.260680866036221,6449.195012315314,0.0,0.00020876797313780913,274139.96725601004,48818.93811078051,0,-001,1001892
13700.0,13.0,1.27758353409753,1.260396319574564e-10,0.0,0.0001,13.0,1.27758353409753,1.2605967834993386e-10,0.0,0.0001,-1.0,-1.0,2,-001,1001892
