tphys,kstar_1,mass_1,lum_1,deltam_1,RRLO_1,kstar_2,mass_2,lum_2,deltam_2,RRLO_2,porb,sep,bin_state,merger_type,bin_num
0.0,1.0,12.388050148910198,11162.471085506893,0.0,0.0002110213491749539,1.0,10.733041419760623,7363.69683575065,0.0,0.00020633225327846647,173198.25798584856,37237.77164379167,0,-001,1001821
13700.0,13.0,1.5092113851487705,1.408100723194309e-10,0.0,0.0001,13.0,1.3001644231562581,1.2751413492475662e-10,0.0,0.0001,-1.0,-1.0,2,-001,1001821
