tphys,kstar_1,mass_1,lum_1,deltam_1,RRLO_1,kstar_2,mass_2,lum_2,deltam_2,RRLO_2,porb,sep,bin_state,merger_type,bin_num
0.0,1.0,8.689333560604291,3920.309550792549,0.0,0.007259053981971348,1.0,5.9816206185696865,1227.3784428146473,0.0,0.006852826058196191,17399.98783050753,6915.187762258788,0,-001,1001960
13700.0,13.0,1.27758353409753,1.2621395304452175e-10,0.0,0.0001,12.0,1.3714797579870015,5.74641628204196e-07,0.0,9.999999999999999e-05,-1.0,-1.0,2,-001,1001960
