tphys,kstar_1,mass_1,lum_1,deltam_1,RRLO_1,kstar_2,mass_2,lum_2,deltam_2,RRLO_2,porb,sep,bin_state,merger_type,bin_num
0.0,1.0,6.704177129411514,1760.536951418046,0.0,0.00257882923726289,1.0,6.23520199513696,1400.4942413342715,0.0,0.002550465247725996,10191.329100102705,4642.411037406006,0,-001,1001484
13700.0,13.0,1.27758353409753,1.2659958538562852e-10,0.0,0.0001,13.0,1.242,1.243819291896197e-10,0.0,0.0001,-1.0,-1.0,2,-001,1001484
