tphys,kstar_1,mass_1,lum_1,deltam_1,RRLO_1,kstar_2,mass_2,lum_2,deltam_2,RRLO_2,porb,sep,bin_state,merger_type,bin_num
0.0,1.0,7.4231353271871905,2419.1029606022744,0.0,0.004077262137627425,1.0,6.2494789846382,1410.6820285226786,0.0,0.003971078347388873,1664.488149801806,1412.8288439852954,0,-001,1001629
13700.0,13.0,1.27758353409753,1.2641861468688853e-10,0.0,0.0001,13.0,1.242,1.2437693697941788e-10,0.0,0.0001,-1.0,-1.0,2,-001,1001629
