tphys,kstar_1,mass_1,lum_1,deltam_1,RRLO_1,kstar_2,mass_2,lum_2,deltam_2,RRLO_2,porb,sep,bin_state,merger_type,bin_num
0.0,1.0,6.240606044228736,1404.3448716362286,0.0,0.0027495277259585184,1.0,3.99998059397936,329.49035077754303,0.0,0.0025745124060507036,2511.233806126705,1687.7894643193194,0,-001,1001359
13700.0,13.0,1.27758353409753,1.2675850658551322e-10,0.0,0.0001,13.0,1.27758353409753,1.274363381018297e-10,0.0,0.0001,-1.0,-1.0,2,-001,1001359
