tphys,kstar_1,mass_1,lum_1,deltam_1,RRLO_1,kstar_2,mass_2,lum_2,deltam_2,RRLO_2,porb,sep,bin_state,merger_type,bin_num
0.0,1.0,8.620574897956688,3826.964823791688,0.0,0.031742848148800955,1.0,4.914294477027271,651.0758348940382,0.0,0.029128128975990545,90.02431879558254,201.37697471260648,0,-001,1001101
13700.0,13.0,1.27758353409753,1.2622272694572853e-10,0.0,0.0001,13.0,1.2797198200340996,1.267571283342631e-10,0.0,0.0001,-1.0,-1.0,2,-001,1001101
