tphys,kstar_1,mass_1,lum_1,deltam_1,RRLO_1,kstar_2,mass_2,lum_2,deltam_2,RRLO_2,porb,sep,bin_state,merger_type,bin_num
0.0,1.0,13.482805211401038,14201.45195472999,0.0,0.005321146991631744,1.0,10.182047129594464,6304.061242359312,0.0,0.00509216179235233,1535.0284060727556,1607.1784633882605,0,-001,1001216
13700.0,13.0,1.646448083946363,1.492148415011596e-10,0.0,0.0001,13.0,1.27758353409753,1.260654427825703e-10,0.0,0.0001,-1.0,-1.0,2,-001,1001216
