tphys,kstar_1,mass_1,lum_1,deltam_1,RRLO_1,kstar_2,mass_2,lum_2,deltam_2,RRLO_2,porb,sep,bin_state,merger_type,bin_num
0.0,1.0,14.046547814424171,15934.113867042477,0.0,0.0006150931217113149,1.0,8.151594969310018,3227.213197786735,0.0,0.0005647420924666174,131638.59288576557,30594.70437634755,0,-001,1001318
13700.0,13.0,1.8828721155853154,1.632269338882404e-10,0.0,0.0001,13.0,1.27758353409753,1.2628880764034864e-10,0.0,0.0001,-1.0,-1.0,2,-001,1001318
