tphys,kstar_1,mass_1,lum_1,deltam_1,RRLO_1,kstar_2,mass_2,lum_2,deltam_2,RRLO_2,porb,sep,bin_state,merger_type,bin_num
0.0,1.0,18.713686717844396,34758.94455184729,0.0,0.036781417232416624,1.0,17.066853368942986,27198.571636102723,0.0,0.036275836798933564,380.47748796615826,727.8694657183925,0,-001,1001547
13700.0,13.0,2.862897574609131,2.159686561003212e-10,0.0,0.0001,14.0,22.450887171416834,1e-10,0.0,0.0001,-1.0,-1.0,2,-001,1001547
