tphys,kstar_1,mass_1,lum_1,deltam_1,RRLO_1,kstar_2,mass_2,lum_2,deltam_2,RRLO_2,porb,sep,bin_state,merger_type,bin_num
0.0,1.0,10.13688096053533,6221.606553583439,0.0,0.0012337617679182946,1.0,9.890396968849501,5783.234406644494,0.0,0.0012290103268033298,22509.610058610902,9107.611904195815,0,-001,1001460
13700.0,13.0,1.27758353409753,1.2606927411625438e-10,0.0,0.0001,13.0,1.27758353409753,1.260894624265592e-10,0.0,0.0001,-1.0,-1.0,2,-001,1001460
