tphys,kstar_1,mass_1,lum_1,deltam_1,RRLO_1,kstar_2,mass_2,lum_2,deltam_2,RRLO_2,porb,sep,bin_state,merger_type,bin_num
0.0,1.0,10.814041957997752,7527.933683595348,0.0,0.11551272363271238,1.0,8.786355648485133,4054.4155523187233,0.0,0.1118147385509169,15.483001536944778,70.4601600117806,0,-001,1001470
13700.0,13.0,1.27758353409753,1.260203748428198e-10,0.0,0.0001,13.0,2.7729267642639295,2.120553864908863e-10,0.0,0.0001,-1.0,-1.0,2,-001,1001470
