tphys,kstar_1,mass_1,lum_1,deltam_1,RRLO_1,kstar_2,mass_2,lum_2,deltam_2,RRLO_2,porb,sep,bin_state,merger_type,bin_num
0.0,1.0,14.102325823751393,16111.808868530505,0.0,0.016212152301578842,1.0,6.66980352600704,1732.337200955186,0.0,0.014414479174369705,278.9161540753779,493.66008265703823,0,-001,1001386
13700.0,13.0,1.8022700834997163,1.5850951630660303e-10,0.0,0.0001,13.0,2.5353170979795285,1.9960377565101979e-10,0.0,0.0001,-1.0,-1.0,2,-001,1001386
