tphys,kstar_1,mass_1,lum_1,deltam_1,RRLO_1,kstar_2,mass_2,lum_2,deltam_2,RRLO_2,porb,sep,bin_state,merger_type,bin_num
0.0,1.0,10.801104881833675,7501.555593628377,0.0,0.0012295617861862386,1.0,10.629485189553,7156.9057602971525,0.0,0.00122647718003084,11366.128954073452,5907.0637213716045,0,-001,1001686
13700.0,13.0,1.3087814619650173,1.2807518738223135e-10,0.0,0.0001,13.0,1.2870105108052896,1.2665536500821242e-10,0.0,0.0001,-1.0,-1.0,2,-001,1001686
