tphys,kstar_1,mass_1,lum_1,deltam_1,RRLO_1,kstar_2,mass_2,lum_2,deltam_2,RRLO_2,porb,sep,bin_state,merger_type,bin_num
0.0,1.0,7.512875636998517,2510.797520548339,0.0,0.0006347014383924519,1.0,6.731806900979356,1783.415946199769,0.0,0.0006240677241350978,32481.99196238037,10381.607085371821,0,-001,1001551
13700.0,13.0,1.27758353409753,1.2640045361336972e-10,0.0,0.0001,13.0,1.27758353409753,1.2659037134160658e-10,0.0,0.0001,-1.0,-1.0,2,-001,1001551
