tphys,kstar_1,mass_1,lum_1,deltam_1,RRLO_1,kstar_2,mass_2,lum_2,deltam_2,RRLO_2,porb,sep,bin_state,merger_type,bin_num
0.0,1.0,8.080749663797375,3142.1256470355097,0.0,0.027715192169748396,1.0,6.821176576782894,1858.7195146212086,0.0,0.026999080276197997,130.05174659641165,265.7317755026384,0,-001,1001951
13700.0,13.0,1.27758353409753,1.2629985222942716e-10,0.0,0.0001,13.0,1.4760603717837366,1.3937327161996803e-10,0.0,0.0001,-1.0,-1.0,2,-001,1001951
