tphys,kstar_1,mass_1,lum_1,deltam_1,RRLO_1,kstar_2,mass_2,lum_2,deltam_2,RRLO_2,porb,sep,bin_state,merger_type,bin_num
0.0,1.0,8.909383226244731,4228.519691519067,0.0,0.05048556228343536,1.0,6.864504131241202,1895.947158027522,0.0,0.04848433643507288,111.22625212350115,244.007405657129,0,-001,1001016
13700.0,13.0,1.27758353409753,1.2618799186305832e-10,0.0,0.0001,13.0,1.5523498104861038,1.4404148798709304e-10,0.0,0.0001,-1.0,-1.0,2,-001,1001016
