tphys,kstar_1,mass_1,lum_1,deltam_1,RRLO_1,kstar_2,mass_2,lum_2,deltam_2,RRLO_2,porb,sep,bin_state,merger_type,bin_num
0.0,1.0,6.368056019582447,1497.1452073833027,0.0,0.08703593990425453,1.0,5.062665518599761,717.3616853444724,0.0,0.08408602365905554,219.2062911748223,344.5178946029384,0,-001,1001789
13700.0,13.0,1.242,1.2432542492249296e-10,0.0,0.0001,13.0,1.27758353409753,1.2696793100710735e-10,0.0,0.0001,-1.0,-1.0,2,-001,1001789
