tphys,kstar_1,mass_1,lum_1,deltam_1,RRLO_1,kstar_2,mass_2,lum_2,deltam_2,RRLO_2,porb,sep,bin_state,merger_type,bin_num
0.0,1.0,8.850017096904471,4143.939036534147,0.0,0.012482356339129103,1.0,6.81673209245808,1854.927408745866,0.0,0.011987238644634298,1033.2375818380422,1075.8333093620854,0,-001,1001196
13700.0,13.0,1.27758353409753,1.2619426084867305e-10,0.0,0.0001,13.0,1.27758353409753,1.2648000875945131e-10,0.0,0.0001,-1.0,-1.0,2,-001,1001196
