tphys,kstar_1,mass_1,lum_1,deltam_1,RRLO_1,kstar_2,mass_2,lum_2,deltam_2,RRLO_2,porb,sep,bin_state,merger_type,bin_num
0.0,1.0,19.379729447988566,38100.20147552988,0.0,0.040655427172562174,1.0,12.881710177130016,12480.008951647036,0.0,0.038191065169279226,351.9417318748304,667.5651437934711,0,-001,1001814
13700.0,13.0,2.7267816554843796,2.0902002888597995e-10,0.0,0.0001,14.0,15.312293604887506,1e-10,0.0,0.0001,-1.0,-1.0,2,-001,1001814
