tphys,kstar_1,mass_1,lum_1,deltam_1,RRLO_1,kstar_2,mass_2,lum_2,deltam_2,RRLO_2,porb,sep,bin_state,merger_type,bin_num
0.0,1.0,12.088997813899875,10406.08361794913,0.0,0.22401083224812826,1.0,8.914383441171227,4235.692144080293,0.0,0.213558494442147,6.68724992929397,41.19836698408875,0,-001,1001182
13700.0,13.0,1.3157521373101853,1.284581172363642e-10,0.0,0.0001,14.0,3.9111420868782565,1e-10,0.0,0.0001,-1.0,-1.0,2,-001,1001182
