tphys,kstar_1,mass_1,lum_1,deltam_1,RRLO_1,kstar_2,mass_2,lum_2,deltam_2,RRLO_2,porb,sep,bin_state,merger_type,bin_num
0.0,1.0,14.22586039218236,16509.38759520099,0.0,0.1919549548693427,1.0,9.710743280481676,5475.980399960399,0.0,0.18080974865576396,99.72257022603615,260.71641677605834,0,-001,1001225
13700.0,13.0,1.5842152819022748,1.4538408154169444e-10,0.0,0.0001,14.0,6.925613109739986,1e-10,0.0,0.0001,-1.0,-1.0,2,-001,1001225
