tphys,kstar_1,mass_1,lum_1,deltam_1,RRLO_1,kstar_2,mass_2,lum_2,deltam_2,RRLO_2,porb,sep,bin_state,merger_type,bin_num
0.0,1.0,8.954309322399403,4293.233918384195,0.0,0.08683856352046614,1.0,8.857771641798614,4154.926927919809,0.0,0.08669164891533018,106.86467171284212,247.4075132955355,0,-001,1001007
13700.0,13.0,1.27758353409753,1.2618220496928174e-10,0.0,0.0001,13.0,1.27758353409753,1.2619746215119898e-10,0.0,0.0001,-1.0,-1.0,2,-001,1001007
