tphys,kstar_1,mass_1,lum_1,deltam_1,RRLO_1,kstar_2,mass_2,lum_2,deltam_2,RRLO_2,porb,sep,bin_state,merger_type,bin_num
0.0,1.0,7.497738965998097,2495.179520911443,0.0,0.01195149556206668,1.0,3.5105747018563505,211.9168166642896,0.0,0.010675476310978907,4177.316779502134,2427.3017310286227,0,-001,1001762
13700.0,13.0,1.27758353409753,1.2640346861502149e-10,0.0,0.0001,13.0,1.27758353409753,1.273561889121464e-10,0.0,0.0001,-1.0,-1.0,2,-001,1001762
