tphys,kstar_1,mass_1,lum_1,deltam_1,RRLO_1,kstar_2,mass_2,lum_2,deltam_2,RRLO_2,porb,sep,bin_state,merger_type,bin_num
0.0,1.0,15.422065536898055,20647.784606911904,0.0,0.0006327721305776546,1.0,10.020871546342963,6012.846635302411,0.0,0.0005915293864039099,57243.77063119563,18377.783456137488,0,-001,1001034
13700.0,13.0,2.4727693900718686,1.9586986459863882e-10,0.0,0.0001,13.0,1.27758353409753,1.2607857971987006e-10,0.0,0.0001,-1.0,-1.0,2,-001,1001034
