tphys,kstar_1,mass_1,lum_1,deltam_1,RRLO_1,kstar_2,mass_2,lum_2,deltam_2,RRLO_2,porb,sep,bin_state,merger_type,bin_num
0.0,1.0,13.732474451374955,14954.627884973605,0.0,0.26775653262421995,1.0,10.724438146185824,7346.381247260156,0.0,0.25759602539561754,4.28338842188399,32.20654042972869,0,-001,1001251
13700.0,13.0,1.4923664069053924,1.396980996949994e-10,0.0,0.0001,14.0,8.489970284394877,1e-10,0.0,0.0001,-1.0,-1.0,2,-001,1001251
