tphys,kstar_1,mass_1,lum_1,deltam_1,RRLO_1,kstar_2,mass_2,lum_2,deltam_2,RRLO_2,porb,sep,bin_state,merger_type,bin_num
0.0,1.0,8.694133894791333,3926.878733520773,0.0,0.0032589634819100675,1.0,5.957874156772607,1211.9166316900405,0.0,0.003074459933872304,6085.076525467333,3431.0599447178392,0,-001,1001890
13700.0,13.0,1.27758353409753,1.2621334849935515e-10,0.0,0.0001,12.0,1.3673567729685783,5.730635598882652e-07,0.0,0.0001,-1.0,-1.0,2,-001,1001890
