tphys,kstar_1,mass_1,lum_1,deltam_1,RRLO_1,kstar_2,mass_2,lum_2,deltam_2,RRLO_2,porb,sep,bin_state,merger_type,bin_num
0.0,1.0,15.98140725375992,22763.37260159156,0.0,0.024291849428625285,1.0,15.542182561978908,21092.374488025016,0.0,0.024188352185749024,165.82886417748995,401.1165057875529,0,-001,1001834
13700.0,13.0,2.0509123837046004,1.7278097824295073e-10,0.0,0.0001,14.0,3.2642547637983395,1e-10,0.0,9.999999999999999e-05,-1.0,-1.0,2,-001,1001834
