tphys,kstar_1,mass_1,lum_1,deltam_1,RRLO_1,kstar_2,mass_2,lum_2,deltam_2,RRLO_2,porb,sep,bin_state,merger_type,bin_num
0.0,1.0,8.225810900744149,3317.884615068824,0.0,0.014661288505286738,1.0,2.766026127797109,92.63164170427747,0.0,0.0124919509913477,1005.0527603174315,938.5006131967102,0,-001,1001620
13700.0,13.0,1.27758353409753,1.2627757402735001e-10,0.0,0.0001,12.0,1.300115717085336,5.565143176171175e-07,0.0,0.0001,-1.0,-1.0,2,-001,1001620
