tphys,kstar_1,mass_1,lum_1,deltam_1,RRLO_1,kstar_2,mass_2,lum_2,deltam_2,RRLO_2,porb,sep,bin_state,merger_type,bin_num
0.0,1.0,9.281224781311376,4782.652185466302,0.0,0.1923745674180469,1.0,6.512791190447737,1607.2090803149877,0.0,0.18208982200157822,5.760469854130671,33.917306536100675,0,-001,1001403
13700.0,13.0,1.27758353409753,1.2614554980761477e-10,0.0,0.0001,13.0,1.564608088544838,1.4473435982236018e-10,0.0,0.0001,-1.0,-1.0,2,-001,1001403
