tphys,kstar_1,mass_1,lum_1,deltam_1,RRLO_1,kstar_2,mass_2,lum_2,deltam_2,RRLO_2,porb,sep,bin_state,merger_type,bin_num
0.0,1.0,17.90022104816014,30899.35936810948,0.0,0.2794759503609788,1.0,17.73378295098911,30139.742300843973,0.0,0.2790837208100447,7.8062994418932385,54.475794438880115,0,-001,1001093
13700.0,13.0,2.122135266570436,1.7672958640482607e-10,0.0,0.0001,14.0,24.33200268335032,1e-10,0.0,9.999999999999999e-05,-1.0,-1.0,2,-001,1001093
