tphys,kstar_1,mass_1,lum_1,deltam_1,RRLO_1,kstar_2,mass_2,lum_2,deltam_2,RRLO_2,porb,sep,bin_state,merger_type,bin_num
0.0,1.0,12.039971107197449,10285.065400644828,0.0,0.007440725540330862,1.0,7.959499820704037,2999.7986282184474,0.0,0.00697325069415736,941.443553967894,1096.8677134713669,0,-001,1001529
13700.0,13.0,1.4653938882210753,1.380750869627911e-10,0.0,0.0001,13.0,1.27758353409753,1.2631501893561677e-10,0.0,0.0001,-1.0,-1.0,2,-001,1001529
