tphys,kstar_1,mass_1,lum_1,deltam_1,RRLO_1,kstar_2,mass_2,lum_2,deltam_2,RRLO_2,porb,sep,bin_state,merger_type,bin_num
0.0,1.0,14.275797392963964,16671.679647799443,0.0,0.020967466864657336,1.0,9.923665238910061,5841.261907708796,0.0,0.019806867543157435,387.41690724911086,646.6553088364083,0,-001,1001639
13700.0,13.0,1.8213378833663623,1.5962463034587367e-10,0.0,0.0001,14.0,6.33811010878388,1e-10,0.0,9.999999999999999e-05,-1.0,-1.0,2,-001,1001639
