tphys,kstar_1,mass_1,lum_1,deltam_1,RRLO_1,kstar_2,mass_2,lum_2,deltam_2,RRLO_2,porb,sep,bin_state,merger_type,bin_num
0.0,1.0,15.125833184928188,19574.038971964368,0.0,0.0027751834398271192,1.0,13.89098483828982,15444.497766227933,0.0,0.002738872520210839,12560.951605399789,6985.275139469996,0,-001,1001788
13700.0,13.0,2.3385474335495244,1.8869189461817127e-10,0.0,0.0001,13.0,1.8229374527712574,1.597333389294364e-10,0.0,0.0001,-1.0,-1.0,2,-001,1001788
