tphys,kstar_1,mass_1,lum_1,deltam_1,RRLO_1,kstar_2,mass_2,lum_2,deltam_2,RRLO_2,porb,sep,bin_state,merger_type,bin_num
0.0,1.0,9.226620577299258,4698.625818650246,0.0,0.039343461914459706,1.0,7.815367905608162,2835.9769037023466,0.0,0.03833851411005651,56.652396914363436,159.6874706579487,0,-001,1001307
13700.0,13.0,1.27758353409753,1.2615215516750925e-10,0.0,0.0001,13.0,1.8042969601987309,1.5920319650026722e-10,0.0,0.0001,-1.0,-1.0,2,-001,1001307
