tphys,kstar_1,mass_1,lum_1,deltam_1,RRLO_1,kstar_2,mass_2,lum_2,deltam_2,RRLO_2,porb,sep,bin_state,merger_type,bin_num
0.0,1.0,15.191283499588096,19808.497047596178,0.0,0.5258286228828368,1.0,10.55237957722529,7005.242857772133,0.0,0.4967396313335658,2.251252070754395,21.33657751696973,0,-001,1001556
13700.0,13.0,1.4952766483435385,1.3983677551625765e-10,0.0,0.0001,14.0,10.022634970951392,1e-10,0.0,0.0001,-1.0,-1.0,2,-001,1001556
