tphys,kstar_1,mass_1,lum_1,deltam_1,RRLO_1,kstar_2,mass_2,lum_2,deltam_2,RRLO_2,porb,sep,bin_state,merger_type,bin_num
0.0,1.0,18.548392956597205,33954.96168472514,0.0,0.18942460660647423,1.0,12.615310186727939,11758.29832812457,0.0,0.17852570926032502,7.539373904319099,50.900857765130965,0,-001,1001029
13700.0,13.0,2.2668392802175754,1.8470151811220155e-10,0.0,0.0001,14.0,14.928197252586042,1e-10,0.0,9.999999999999999e-05,-1.0,-1.0,2,-001,1001029
