tphys,kstar_1,mass_1,lum_1,deltam_1,RRLO_1,kstar_2,mass_2,lum_2,deltam_2,RRLO_2,porb,sep,bin_state,merger_type,bin_num
0.0,1.0,9.207399326237217,4669.266361653298,0.0,0.00031259105195132695,1.0,8.555975065580709,3740.5399736178865,0.0,0.00030902897202541435,106348.17886679317,24638.47109015054,0,-001,1001900
13700.0,13.0,1.27758353409753,1.261541776829747e-10,0.0,0.0001,13.0,1.27758353409753,1.2623116726423635e-10,0.0,0.0001,-1.0,-1.0,2,-001,1001900
