tphys,kstar_1,mass_1,lum_1,deltam_1,RRLO_1,kstar_2,mass_2,lum_2,deltam_2,RRLO_2,porb,sep,bin_state,merger_type,bin_num
0.0,1.0,14.533772449563124,17524.56653532484,0.0,0.0025411028147109185,1.0,6.568939479917798,1651.2650604312669,0.0,0.002243202133573241,9188.089680535266,5099.7411605459065,0,-001,1001062
13700.0,13.0,2.0818312718929657,1.7457073035752258e-10,0.0,0.0001,13.0,1.27758353409753,1.2664387731794168e-10,0.0,0.0001,-1.0,-1.0,2,-001,1001062
