tphys,kstar_1,mass_1,lum_1,deltam_1,RRLO_1,kstar_2,mass_2,lum_2,deltam_2,RRLO_2,porb,sep,bin_state,merger_type,bin_num
0.0,1.0,18.40436854169431,33262.62747159898,0.0,0.23082054675627717,1.0,17.712372667160295,30042.769096657772,0.0,0.2294976731515879,50.22226560050693,189.28619714916897,0,-001,1001561
13700.0,13.0,2.2433297558268013,1.834188548554474e-10,0.0,0.0001,14.0,24.776619406353387,1e-10,0.0,9.999999999999999e-05,-1.0,-1.0,2,-001,1001561
