tphys,kstar_1,mass_1,lum_1,deltam_1,RRLO_1,kstar_2,mass_2,lum_2,deltam_2,RRLO_2,porb,sep,bin_state,merger_type,bin_num
0.0,1.0,7.250927479665504,2249.156301386114,0.0,0.018314444878644257,1.0,3.5667511115814103,223.69842618639245,0.0,0.016482619765751785,1316.14990755203,1117.3781030982093,0,-001,1001373
13700.0,13.0,1.27758353409753,1.2645548803974127e-10,0.0,0.0001,13.0,1.27758353409753,1.2708291183622952e-10,0.0,0.0001,-1.0,-1.0,2,-001,1001373
