tphys,kstar_1,mass_1,lum_1,deltam_1,RRLO_1,kstar_2,mass_2,lum_2,deltam_2,RRLO_2,porb,sep,bin_state,merger_type,bin_num
0.0,1.0,10.58093081460412,7061.172433996731,0.0,0.02823691205669887,1.0,5.512641174259106,944.9643480271961,0.0,0.025519572729159373,248.8163351001848,420.16702757345996,0,-001,1001282
13700.0,13.0,1.2808480079028506,1.2625207337445562e-10,0.0,0.0001,13.0,1.5060836261118504,1.4108081157696538e-10,0.0,0.0001,-1.0,-1.0,2,-001,1001282
