tphys,kstar_1,mass_1,lum_1,deltam_1,RRLO_1,kstar_2,mass_2,lum_2,deltam_2,RRLO_2,porb,sep,bin_state,merger_type,bin_num
0.0,1.0,10.672290458925696,7241.951665493421,0.0,0.024419577615457176,1.0,4.1297669279375775,366.636870393198,0.0,0.021100877976575932,631.7518484360679,760.4843283583003,0,-001,1001180
13700.0,13.0,1.2924422085435068,1.2701031734251577e-10,0.0,0.0001,13.0,1.3383779953921,1.304424598540155e-10,0.0,0.0001,-1.0,-1.0,2,-001,1001180
