tphys,kstar_1,mass_1,lum_1,deltam_1,RRLO_1,kstar_2,mass_2,lum_2,deltam_2,RRLO_2,porb,sep,bin_state,merger_type,bin_num
0.0,1.0,10.661024710431645,7219.509834673646,0.0,0.047726201331176825,1.0,10.026928891874043,6023.639400716081,0.0,0.04726947723340547,1369.9662941649642,1424.5061416260382,0,-001,1001510
13700.0,13.0,1.2886692418858186,1.2676307750658205e-10,0.0,0.0001,14.0,3.629187263066661,1e-10,0.0,0.0001,-1.0,-1.0,2,-001,1001510
