tphys,kstar_1,mass_1,lum_1,deltam_1,RRLO_1,kstar_2,mass_2,lum_2,deltam_2,RRLO_2,porb,sep,bin_state,merger_type,bin_num
0.0,1.0,19.40192936499972,38214.36841505906,0.0,0.5690246603982823,1.0,10.759970661278071,7418.055919816984,0.0,0.5194431067634722,10.285399392354446,61.93254103124892,0,-001,1001525
13700.0,13.0,1.291231861971843,1.2668838273291024e-10,0.0,0.0001,14.0,17.860570838016045,1e-10,0.0,9.999999999999999e-05,-1.0,-1.0,2,-001,1001525
