tphys,kstar_1,mass_1,lum_1,deltam_1,RRLO_1,kstar_2,mass_2,lum_2,deltam_2,RRLO_2,porb,sep,bin_state,merger_type,bin_num
0.0,1.0,10.93381532716644,7774.804078907706,0.0,0.05235791955091855,1.0,7.16487526152824,2167.1613417889002,0.0,0.04901086120932772,81.09538890950697,206.93393637434409,0,-001,1001130
13700.0,13.0,1.309604305996836,1.2812066917065528e-10,0.0,0.0001,13.0,1.983756755803683,1.6952062985760596e-10,0.0,0.0001,-1.0,-1.0,2,-001,1001130
