tphys,kstar_1,mass_1,lum_1,deltam_1,RRLO_1,kstar_2,mass_2,lum_2,deltam_2,RRLO_2,porb,sep,bin_state,merger_type,bin_num
0.0,1.0,17.333253543681547,28353.6813716029,0.0,0.5214580606827304,1.0,10.740178357519829,7378.079863239794,0.0,0.4840706361212676,1.457360247671203,16.434696001865973,0,-001,1001346
13700.0,13.0,1.383841291378489,1.3272872141222962e-10,0.0,0.0001,14.0,13.808802428506961,1e-10,0.0,0.0001,-1.0,-1.0,2,-001,1001346
