tphys,kstar_1,mass_1,lum_1,deltam_1,RRLO_1,kstar_2,mass_2,lum_2,deltam_2,RRLO_2,porb,sep,bin_state,merger_type,bin_num
0.0,1.0,8.374538763339466,3504.356104430291,0.0,0.005415618727072634,1.0,7.252059336692137,2250.2477154719622,0.0,0.005296123754604965,1841.971351976019,1580.3815655609878,0,-001,1001614
13700.0,13.0,1.27758353409753,1.262559674938293e-10,0.0,0.0001,13.0,1.27758353409753,1.264549833946017e-10,0.0,0.0001,-1.0,-1.0,2,-001,1001614
