tphys,kstar_1,mass_1,lum_1,deltam_1,RRLO_1,kstar_2,mass_2,lum_2,deltam_2,RRLO_2,porb,sep,bin_state,merger_type,bin_num
0.0,1.0,16.32382916421737,24115.500872349643,0.0,0.42476629686942813,1.0,13.72313148804242,14926.037606830165,0.0,0.4135545201984141,1.997244074100622,20.74146861313065,0,-001,1001242
13700.0,13.0,1.6760805990288812,1.509199565710913e-10,0.0,0.0001,14.0,15.50735098195068,1e-10,0.0,0.0001,-1.0,-1.0,2,-001,1001242
