tphys,kstar_1,mass_1,lum_1,deltam_1,RRLO_1,kstar_2,mass_2,lum_2,deltam_2,RRLO_2,porb,sep,bin_state,merger_type,bin_num
0.0,1.0,6.86911712518388,1899.9385282165263,0.0,0.01238689854400138,1.0,5.4369832609602025,903.8135641315044,0.0,0.01195543224883955,430.56175030981245,553.7949721149016,0,-001,1001192
13700.0,13.0,1.27758353409753,1.265482790964236e-10,0.0,0.0001,12.0,1.3281718970267307,5.60154229360609e-07,0.0,9.999999999999999e-05,-1.0,-1.0,2,-001,1001192
