tphys,kstar_1,mass_1,lum_1,deltam_1,RRLO_1,kstar_2,mass_2,lum_2,deltam_2,RRLO_2,porb,sep,bin_state,merger_type,bin_num
0.0,1.0,10.440487770224069,6788.647728673839,0.0,0.05143558076076906,1.0,6.787494228232408,1830.1044715416665,0.0,0.048095441967497175,99.6015467192453,233.4572783786641,0,-001,1001311
13700.0,13.0,1.27758353409753,1.260466007058924e-10,0.0,0.0001,13.0,1.662990236950438,1.5068826903803108e-10,0.0,0.0001,-1.0,-1.0,2,-001,1001311
