tphys,kstar_1,mass_1,lum_1,deltam_1,RRLO_1,kstar_2,mass_2,lum_2,deltam_2,RRLO_2,porb,sep,bin_state,merger_type,bin_num
0.0,1.0,13.09629784957533,13079.712875912306,0.0,0.14913405423349038,1.0,7.271872264067827,2269.407240870982,0.0,0.1359867350363573,10.214594163906607,54.0858063408262,0,-001,1001939
13700.0,13.0,1.4633084192729728,1.3789387708197596e-10,0.0,0.0001,13.0,2.872938556048629,2.1704503488395434e-10,0.0,0.0001,-1.0,-1.0,2,-001,1001939
