tphys,kstar_1,mass_1,lum_1,deltam_1,RRLO_1,kstar_2,mass_2,lum_2,deltam_2,RRLO_2,porb,sep,bin_state,merger_type,bin_num
0.0,1.0,15.839628477412136,22216.20557534785,0.0,0.022412056555206002,1.0,8.018646558266816,3068.708802481322,0.0,0.020141660235643444,500.85095647092913,763.7840391093931,0,-001,1001042
13700.0,13.0,2.0277906959095766,1.7147761059068873e-10,0.0,0.0001,14.0,4.882133766012745,1e-10,0.0,0.0001,-1.0,-1.0,2,-001,1001042
