tphys,kstar_1,mass_1,lum_1,deltam_1,RRLO_1,kstar_2,mass_2,lum_2,deltam_2,RRLO_2,porb,sep,bin_state,merger_type,bin_num
0.0,1.0,11.99917549445545,10185.003385952194,0.0,0.14154194377256213,1.0,4.830225302560866,615.3660562705497,0.0,0.12286593260223704,8.65499482673765,45.44498728657005,0,-001,1001861
13700.0,13.0,1.3112753898939904,1.2816943021804722e-10,0.0,0.0001,13.0,1.589862339881191,1.4618383186390415e-10,0.0,0.0001,-1.0,-1.0,2,-001,1001861
