tphys,kstar_1,mass_1,lum_1,deltam_1,RRLO_1,kstar_2,mass_2,lum_2,deltam_2,RRLO_2,porb,sep,bin_state,merger_type,bin_num
0.0,1.0,6.028704258736008,1258.411459808021,0.0,0.006020218096546949,1.0,2.460828633667456,61.01872956961045,0.0,0.005318222812950191,1720.0041016335963,1231.968150028204,0,-001,1001425
13700.0,13.0,1.2433842341354233,1.2455369100578144e-10,0.0,3.650348034787679e-06,13.0,1.242,1.255174142793868e-10,0.0,3.6522063938130074e-06,2.4835385697164725,10.45033820488432,0,-001,1001425
