tphys,kstar_1,mass_1,lum_1,deltam_1,RRLO_1,kstar_2,mass_2,lum_2,deltam_2,RRLO_2,porb,sep,bin_state,merger_type,bin_num
0.0,1.0,20.42268864037734,43657.93086665758,0.0,0.7272102166002907,1.0,9.282291320914817,4784.302569484733,0.0,0.6433980028463643,1.9466968091454475,20.312366592557254,0,-001,1001799
13700.0,13.0,1.27758353409753,1.2577958843785924e-10,0.0,0.0001,14.0,17.258743095129873,1e-10,0.0,0.0001,-1.0,-1.0,2,-001,1001799
