tphys,kstar_1,mass_1,lum_1,deltam_1,RRLO_1,kstar_2,mass_2,lum_2,deltam_2,RRLO_2,porb,sep,bin_state,merger_type,bin_num
0.0,1.0,14.860563140782807,18639.89252405629,0.0,0.09366552931441804,1.0,7.1892074832967365,2190.150086005991,0.0,0.08357073156015746,43.7713480595763,146.51425016889212,0,-001,1001061
13700.0,13.0,1.8001493375917372,1.5835738801306385e-10,0.0,0.0001,14.0,3.618007108993071,1e-10,0.0,9.999999999999999e-05,-1.0,-1.0,2,-001,1001061
