tphys,kstar_1,mass_1,lum_1,deltam_1,RRLO_1,kstar_2,mass_2,lum_2,deltam_2,RRLO_2,porb,sep,bin_state,merger_type,bin_num
0.0,1.0,12.6703784165008,11905.421480356306,0.0,0.023661482677276288,1.0,8.755111414651774,4010.922537256166,0.0,0.022328392348850496,185.78997011768465,380.4319556642332,0,-001,1001530
13700.0,13.0,1.5446884589871983,1.4300569969728176e-10,0.0,0.0001,14.0,3.4794130890428505,1e-10,0.0,9.999999999999999e-05,-1.0,-1.0,2,-001,1001530
