tphys,kstar_1,mass_1,lum_1,deltam_1,RRLO_1,kstar_2,mass_2,lum_2,deltam_2,RRLO_2,porb,sep,bin_state,merger_type,bin_num
0.0,1.0,6.0043827415642,1242.3185134124221,0.0,0.0020354170367528138,1.0,5.023324235991772,699.3748414214151,0.0,0.0019817984292040233,24319.558483603443,7859.907289269978,0,-001,1001071
13700.0,13.0,1.2595029045323267,1.2599044531101413e-10,0.0,1.3097264475945058e-06,13.0,1.242,1.2481648701491576e-10,0.0,1.3181279001847262e-06,28.92394565117622,53.80928918296754,0,-001,1001071
