tphys,kstar_1,mass_1,lum_1,deltam_1,RRLO_1,kstar_2,mass_2,lum_2,deltam_2,RRLO_2,porb,sep,bin_state,merger_type,bin_num
0.0,1.0,9.841258933438699,5698.173960406818,0.0,0.011632449495750877,1.0,6.972971150301382,1991.2229363461126,0.0,0.011024742973213661,610.0112702712797,775.1804202405616,0,-001,1001338
13700.0,13.0,1.27758353409753,1.2609366981498892e-10,0.0,0.0001,13.0,1.27758353409753,1.2639846613215723e-10,0.0,0.0001,-1.0,-1.0,2,-001,1001338
