tphys,kstar_1,mass_1,lum_1,deltam_1,RRLO_1,kstar_2,mass_2,lum_2,deltam_2,RRLO_2,porb,sep,bin_state,merger_type,bin_num
0.0,1.0,10.476185537589586,6857.301931741223,0.0,0.020589395805093797,1.0,4.3861336759976295,447.94115601132313,0.0,0.018005638905642534,225.36437916231708,383.0342450840905,0,-001,1001239
13700.0,13.0,1.27758353409753,1.26043775633991e-10,0.0,0.0001,13.0,1.3528169194010466,1.3138491534951934e-10,0.0,0.0001,-1.0,-1.0,2,-001,1001239
