tphys,kstar_1,mass_1,lum_1,deltam_1,RRLO_1,kstar_2,mass_2,lum_2,deltam_2,RRLO_2,porb,sep,bin_state,merger_type,bin_num
0.0,1.0,7.691424721711483,2699.709820538501,0.0,0.038178980747740204,1.0,6.823030347198777,1860.3026450825428,0.0,0.03748033332599052,57.384548149536826,152.66826943673112,0,-001,1002054
13700.0,13.0,1.27758353409753,1.2636629124071412e-10,0.0,0.0001,13.0,1.4470218539938904,1.3758761188670888e-10,0.0,0.0001,-1.0,-1.0,2,-001,1002054
