tphys,kstar_1,mass_1,lum_1,deltam_1,RRLO_1,kstar_2,mass_2,lum_2,deltam_2,RRLO_2,porb,sep,bin_state,merger_type,bin_num
0.0,1.0,9.422442806367236,5004.242974195956,0.0,0.21529465903965506,1.0,6.9610741641516976,1980.6269476531327,0.0,0.20539364952834957,6.385534087640016,36.774978167513055,0,-001,1002585
13700.0,13.0,1.27758353409753,1.2613126410044525e-10,0.0,0.0001,13.0,1.6350315337184267,1.490201588663226e-10,0.0,0.0001,-1.0,-1.0,2,-001,1002585
