tphys,kstar_1,mass_1,lum_1,deltam_1,RRLO_1,kstar_2,mass_2,lum_2,deltam_2,RRLO_2,porb,sep,bin_state,merger_type,bin_num
0.0,1.0,7.39517736052368,2390.9767492837636,0.0,0.01397776063865785,1.0,4.751371864718008,583.0627182419768,0.0,0.013072988037709435,1486.160553086441,1259.3506907167955,0,-001,1002894
13700.0,13.0,1.27758353409753,1.2642441605702038e-10,0.0,0.0001,13.0,1.27758353409753,1.2694643411518734e-10,0.0,0.0001,-1.0,-1.0,2,-001,1002894
