tphys,kstar_1,mass_1,lum_1,deltam_1,RRLO_1,kstar_2,mass_2,lum_2,deltam_2,RRLO_2,porb,sep,bin_state,merger_type,bin_num
0.0,1.0,10.341212958832864,6599.921337112853,0.0,0.02979712426305124,1.0,7.583317101863573,2584.292928830646,0.0,0.028387489239467704,151.0475158960715,312.25558221874064,0,-001,1002698
13700.0,13.0,1.27758353409753,1.2605361987760065e-10,0.0,0.0001,13.0,1.9732284777008329,1.689464505294732e-10,0.0,0.0001,-1.0,-1.0,2,-001,1002698
