tphys,kstar_1,mass_1,lum_1,deltam_1,RRLO_1,kstar_2,mass_2,lum_2,deltam_2,RRLO_2,porb,sep,bin_state,merger_type,bin_num
0.0,1.0,13.492462012321862,14230.165632912584,0.0,0.0023191991403006544,1.0,10.248007675584873,6425.66816902655,0.0,0.0022214039533808745,5507.9515791531385,3770.871542843673,0,-001,1002463
13700.0,13.0,1.6476546050691185,1.4928770133328003e-10,0.0,0.0001,13.0,1.27758353409753,1.2606053393174701e-10,0.0,0.0001,-1.0,-1.0,2,-001,1002463
