tphys,kstar_1,mass_1,lum_1,deltam_1,RRLO_1,kstar_2,mass_2,lum_2,deltam_2,RRLO_2,porb,sep,bin_state,merger_type,bin_num
0.0,1.0,7.918303814129156,2952.382827733201,0.0,0.011830738820928754,1.0,3.952503324531624,316.5516856645775,0.0,0.01065597948184598,1148.336843582284,1052.345082126745,0,-001,1002899
13700.0,13.0,1.27758353409753,1.2632633040693045e-10,0.0,0.0001,13.0,1.27758353409753,1.2707095832286214e-10,0.0,0.0001,-1.0,-1.0,2,-001,1002899
