tphys,kstar_1,mass_1,lum_1,deltam_1,RRLO_1,kstar_2,mass_2,lum_2,deltam_2,RRLO_2,porb,sep,bin_state,merger_type,bin_num
0.0,1.0,10.559868166063056,7019.886339149824,0.0,0.020505961132433605,1.0,5.367382139802774,867.003928020962,0.0,0.01846329304675383,181.10754045628755,338.8102315711177,0,-001,1002269
13700.0,13.0,1.2781743278803874,1.260769068121853e-10,0.0,0.0001,13.0,1.4824578392589363,1.3960844186807536e-10,0.0,0.0001,-1.0,-1.0,2,-001,1002269
