tphys,kstar_1,mass_1,lum_1,deltam_1,RRLO_1,kstar_2,mass_2,lum_2,deltam_2,RRLO_2,porb,sep,bin_state,merger_type,bin_num
0.0,1.0,7.089250270363207,2096.69414961058,0.0,0.02288364911078336,1.0,4.274610053942917,411.2496465772092,0.0,0.02121193442502132,111.90249590248203,219.62766174761506,0,-001,1002430
13700.0,13.0,1.27758353409753,1.264927412566633e-10,0.0,0.0001,13.0,1.27758353409753,1.2700137015516564e-10,0.0,0.0001,-1.0,-1.0,2,-001,1002430
