tphys,kstar_1,mass_1,lum_1,deltam_1,RRLO_1,kstar_2,mass_2,lum_2,deltam_2,RRLO_2,porb,sep,bin_state,merger_type,bin_num
0.0,1.0,6.761256009758265,1808.0100311789545,0.0,0.00012607386177927266,1.0,6.18665703730025,1366.2085449330755,0.0,0.00012437765631438961,315652.6274251461,45795.70585209453,0,-001,1002357
13700.0,13.0,1.27758353409753,1.2658049012441277e-10,0.0,0.0001,13.0,1.242,1.243999937725816e-10,0.0,0.0001,-1.0,-1.0,2,-001,1002357
