tphys,kstar_1,mass_1,lum_1,deltam_1,RRLO_1,kstar_2,mass_2,lum_2,deltam_2,RRLO_2,porb,sep,bin_state,merger_type,bin_num
0.0,1.0,11.5848244812558,9201.393349628599,0.0,0.16562197552707997,1.0,6.1432501245828846,1336.0141608180659,0.0,0.1500067220862999,17.5983409913175,74.21418159876573,0,-001,1002581
13700.0,13.0,1.2997097464175666,1.27432072950466e-10,0.0,0.0001,13.0,1.8509332472510487,1.6182056111824914e-10,0.0,0.0001,-1.0,-1.0,2,-001,1002581
