tphys,kstar_1,mass_1,lum_1,deltam_1,RRLO_1,kstar_2,mass_2,lum_2,deltam_2,RRLO_2,porb,sep,bin_state,merger_type,bin_num
0.0,1.0,7.371258648229904,2367.079470134773,0.0,0.0015683407837752306,1.0,6.990192851664762,2006.625315055534,0.0,0.0015555704927979787,6753.124807825854,3653.321192348987,0,-001,1002644
13700.0,13.0,1.27758353409753,1.2642943489246545e-10,0.0,0.0001,13.0,1.27758353409753,1.2651694163657052e-10,0.0,0.0001,-1.0,-1.0,2,-001,1002644
