tphys,kstar_1,mass_1,lum_1,deltam_1,RRLO_1,kstar_2,mass_2,lum_2,deltam_2,RRLO_2,porb,sep,bin_state,merger_type,bin_num
0.0,1.0,7.556814891238504,2556.4841981760705,0.0,0.0003282988458881881,1.0,6.725026087877983,1777.7835365938586,0.0,0.0003224576674265487,77256.73236594719,18514.167193400648,0,-001,1002235
13700.0,13.0,1.27758353409753,1.2639180942997982e-10,0.0,0.0001,13.0,1.27758353409753,1.265926473069361e-10,0.0,0.0001,-1.0,-1.0,2,-001,1002235
