tphys,kstar_1,mass_1,lum_1,deltam_1,RRLO_1,kstar_2,mass_2,lum_2,deltam_2,RRLO_2,porb,sep,bin_state,merger_type,bin_num
0.0,1.0,9.291336007415142,4798.312627852193,0.0,0.1192750832468165,1.0,8.995386268130895,4352.938179375251,0.0,0.1186728525809603,20.408976483551434,82.77096146110061,0,-001,1002741
13700.0,13.0,1.27758353409753,1.2614523071680804e-10,0.0,0.0001,13.0,2.3707818995351597,1.9104716535124205e-10,0.0,0.0001,-1.0,-1.0,2,-001,1002741
