tphys,kstar_1,mass_1,lum_1,deltam_1,RRLO_1,kstar_2,mass_2,lum_2,deltam_2,RRLO_2,porb,sep,bin_state,merger_type,bin_num
0.0,1.0,11.9965126111106,10178.492106529893,0.0,0.001253448926740777,1.0,8.5784545809367,3770.474537648837,0.0,0.001189224785303174,44621.601732692056,14502.01603250855,0,-001,1002502
13700.0,13.0,1.4599172198998305,1.3773140106620156e-10,0.0,0.0001,13.0,1.27758353409753,1.2622817989489993e-10,0.0,0.0001,-1.0,-1.0,2,-001,1002502
