tphys,kstar_1,mass_1,lum_1,deltam_1,RRLO_1,kstar_2,mass_2,lum_2,deltam_2,RRLO_2,porb,sep,bin_state,merger_type,bin_num
0.0,1.0,16.361935970734205,24268.653257306934,0.0,0.9260878692679207,1.0,13.83188092911583,15260.775837522873,0.0,0.9024298867712922,2.5336086110413905,24.345437494764862,0,-001,1002137
13700.0,13.0,1.2794396107846522,1.259570420551458e-10,0.0,0.0001,14.0,18.00280013994931,1e-10,0.0,0.0001,-1.0,-1.0,2,-001,1002137
