tphys,kstar_1,mass_1,lum_1,deltam_1,RRLO_1,kstar_2,mass_2,lum_2,deltam_2,RRLO_2,porb,sep,bin_state,merger_type,bin_num
0.0,1.0,7.2449677602828775,2243.415081613436,0.0,0.00431533173146592,1.0,5.170929295361133,768.4151716291444,0.0,0.004100064504131285,1792.8276853256907,1437.5963488893913,0,-001,1002359
13700.0,13.0,1.27758353409753,1.2645681437518855e-10,0.0,0.0001,12.0,1.2386309745543378,5.247675366589101e-07,0.0,9.999999999999999e-05,-1.0,-1.0,2,-001,1002359
