tphys,kstar_1,mass_1,lum_1,deltam_1,RRLO_1,kstar_2,mass_2,lum_2,deltam_2,RRLO_2,porb,sep,bin_state,merger_type,bin_num
0.0,1.0,8.253850766082962,3352.552499947319,0.0,0.011609132892400575,1.0,8.125509655090854,3195.717786126829,0.0,0.0115808719527436,491.89896141662285,665.7351334005815,0,-001,1002438
13700.0,13.0,1.27758353409753,1.262734077011165e-10,0.0,0.0001,13.0,1.27758353409753,1.2629284407545836e-10,0.0,0.0001,-1.0,-1.0,2,-001,1002438
