tphys,kstar_1,mass_1,lum_1,deltam_1,RRLO_1,kstar_2,mass_2,lum_2,deltam_2,RRLO_2,porb,sep,bin_state,merger_type,bin_num
0.0,1.0,14.455111716771052,17261.933310243432,0.0,0.2795723552547252,1.0,6.526578191014293,1617.9560791408946,0.0,0.24675959445465787,9.722892004930939,52.8561698541676,0,-001,1002594
13700.0,13.0,1.4161246411461605,1.3485368019168063e-10,0.0,0.0001,14.0,3.522607496131233,1e-10,0.0,0.0001,-1.0,-1.0,2,-001,1002594
