tphys,kstar_1,mass_1,lum_1,deltam_1,RRLO_1,kstar_2,mass_2,lum_2,deltam_2,RRLO_2,porb,sep,bin_state,merger_type,bin_num
0.0,1.0,8.585177255660371,3779.4556313032404,0.0,0.00023337563453382698,1.0,5.007807471037394,692.3625837468501,0.0,0.00021489566717658673,139498.90438405878,27004.576291785004,0,-001,1002416
13700.0,13.0,1.27758353409753,1.262273286061176e-10,0.0,0.0001,12.0,1.2101297817612222,5.14239230276429e-07,0.0,0.0001,-1.0,-1.0,2,-001,1002416
