tphys,kstar_1,mass_1,lum_1,deltam_1,RRLO_1,kstar_2,mass_2,lum_2,deltam_2,RRLO_2,porb,sep,bin_state,merger_type,bin_num
0.0,1.0,11.739307060277222,9561.174333401268,0.0,0.3202109550863043,1.0,4.919686280607657,653.4113079113603,0.0,0.2797247086951412,2.446686476474046,19.508341940118125,0,-001,1002011
13700.0,13.0,1.27758353409753,1.2597623422160218e-10,0.0,0.0001,13.0,1.6811403824514382,1.5171567856432727e-10,0.0,0.0001,-1.0,-1.0,2,-001,1002011
