tphys,kstar_1,mass_1,lum_1,deltam_1,RRLO_1,kstar_2,mass_2,lum_2,deltam_2,RRLO_2,porb,sep,bin_state,merger_type,bin_num
0.0,1.0,16.828714409675133,26188.217345204186,0.0,0.01496823970904507,1.0,13.965341339414932,15677.430457834662,0.0,0.014545190829094161,830.841642371526,1165.3410032466861,0,-001,1002434
13700.0,13.0,2.930536174002375,2.1942597056589214e-10,0.0,0.0001,14.0,5.176163729513158,1e-10,0.0,0.0001,-1.0,-1.0,2,-001,1002434
