tphys,kstar_1,mass_1,lum_1,deltam_1,RRLO_1,kstar_2,mass_2,lum_2,deltam_2,RRLO_2,porb,sep,bin_state,merger_type,bin_num
0.0,1.0,8.725267421055975,3969.6508838778755,0.0,0.0729109980504447,1.0,6.793162716596652,1834.9003093263748,0.0,0.07013737575635916,25.365205281047906,90.5857899921746,0,-001,1002592
13700.0,13.0,1.27758353409753,1.2620983421737163e-10,0.0,0.0001,13.0,1.5340492070566878,1.4292626834673497e-10,0.0,0.0001,-1.0,-1.0,2,-001,1002592
