tphys,kstar_1,mass_1,lum_1,deltam_1,RRLO_1,kstar_2,mass_2,lum_2,deltam_2,RRLO_2,porb,sep,bin_state,merger_type,bin_num
0.0,1.0,11.371122436521695,8717.201749850059,0.0,0.02203859771568535,1.0,6.830920807200132,1867.0507859776405,0.0,0.020350988384377065,164.75942667886957,332.5769315118987,0,-001,1002099
13700.0,13.0,1.3809637393067957,1.3272940129671891e-10,0.0,0.0001,13.0,1.9139963833735583,1.6549425921545098e-10,0.0,0.0001,-1.0,-1.0,2,-001,1002099
