tphys,kstar_1,mass_1,lum_1,deltam_1,RRLO_1,kstar_2,mass_2,lum_2,deltam_2,RRLO_2,porb,sep,bin_state,merger_type,bin_num
0.0,1.0,8.445320835876307,3595.3520103767305,0.0,0.023484088528630702,1.0,3.1348411946616284,143.5739751635751,0.0,0.020258318608515055,591.597382110746,670.7195024036744,0,-001,1002400
13700.0,13.0,1.27758353409753,1.262460967817e-10,0.0,0.0001,13.0,1.27758353409753,1.2700354223827976e-10,0.0,0.0001,-1.0,-1.0,2,-001,1002400
