tphys,kstar_1,mass_1,lum_1,deltam_1,RRLO_1,kstar_2,mass_2,lum_2,deltam_2,RRLO_2,porb,sep,bin_state,merger_type,bin_num
0.0,1.0,6.796414863907138,1837.6554211530135,0.0,0.01677774620986963,1.0,5.720972486940963,1064.5220281282536,0.0,0.01634431138366003,180.9081481001687,312.4365804412992,0,-001,1002965
13700.0,13.0,1.277880319556847,1.2658769168834847e-10,0.0,6.2446374263585214e-06,13.0,1.27758353409753,1.268869478178819e-10,0.0,6.2453002102096625e-06,2.1879286023887006,9.693127039072317,0,-001,1002965
