tphys,kstar_1,mass_1,lum_1,deltam_1,RRLO_1,kstar_2,mass_2,lum_2,deltam_2,RRLO_2,porb,sep,bin_state,merger_type,bin_num
0.0,1.0,11.120453052269974,8169.095755540574,0.0,0.006078304373426728,1.0,8.803069288115454,4077.8013795257402,0.0,0.005859683993117431,7198.498848780463,4251.758220961291,0,-001,1002038
13700.0,13.0,1.3492458563169443,1.3069415628710326e-10,0.0,0.0001,13.0,1.27758353409753,1.2619968171920227e-10,0.0,0.0001,-1.0,-1.0,2,-001,1002038
