tphys,kstar_1,mass_1,lum_1,deltam_1,RRLO_1,kstar_2,mass_2,lum_2,deltam_2,RRLO_2,porb,sep,bin_state,merger_type,bin_num
0.0,1.0,7.807524560545938,2827.227960075116,0.0,0.08037353012316008,1.0,7.4488269918297805,2445.1333986690292,0.0,0.07979057645198219,23.911552463868183,86.5978889455312,0,-001,1002082
13700.0,13.0,1.27758353409753,1.2634609925236656e-10,0.0,0.0001,13.0,1.5442653223991425,1.436215951297392e-10,0.0,0.0001,-1.0,-1.0,2,-001,1002082
