tphys,kstar_1,mass_1,lum_1,deltam_1,RRLO_1,kstar_2,mass_2,lum_2,deltam_2,RRLO_2,porb,sep,bin_state,merger_type,bin_num
0.0,1.0,53.58347793931063,392130.2499986247,0.0,0.0007145346743139972,1.0,52.760362655147674,380232.94644768693,0.0,0.000713736089168889,162079.37318988968,59248.110672335046,0,-001,1002613
4.820544659252027,14.0,21.64137770528345,1e-10,-9.067237963766036e-07,3.925880794279255e-09,7.0,21.96688529801843,791470.9013378869,-8.50092386927791e-07,6.681048667221444e-05,951550.6454736916,143250.48299163315,0,-001,1002613
4.830544659252027,14.0,21.641377705283706,1e-10,2.8744512254967194e-17,3.924761743736488e-09,7.0,21.958339614019653,797249.421221049,-8.591295135145807e-07,6.630900370356883e-05,951923.7002995752,143278.5609790091,0,-001,1002613
4.840544659252027,14.0,21.64137770528396,1e-10,2.8594281332425795e-17,3.92363052735293e-09,7.0,21.949700612264255,803013.4870981916,-8.684682706074098e-07,6.571513325373155e-05,952301.0519203645,143306.95676945505,0,-001,1002613
4.8505446592520265,14.0,21.641377705284217,1e-10,2.8348634409865686e-17,3.922487133644152e-09,7.0,21.94096819160308,808762.9574572919,-8.77816873768843e-07,6.501869573898866e-05,952682.7122071146,143335.67106716128,0,-001,1002613
4.860544659252026,14.0,21.64137770528445,1e-10,0.0,3.8587472660890845e-09,14.0,21.433034777087837,1e-10,0.0,3.838528066608559e-09,974917.6574448624,144989.64007439854,0,-001,1002613
13700.0,14.0,21.64137770528445,1e-10,0.0,3.8587472660890845e-09,14.0,21.433034777087837,1e-10,0.0,3.838528066608559e-09,974917.6574448624,144989.64007439854,0,-001,1002613
