tphys,kstar_1,mass_1,lum_1,deltam_1,RRLO_1,kstar_2,mass_2,lum_2,deltam_2,RRLO_2,porb,sep,bin_state,merger_type,bin_num
0.0,1.0,15.417582424701619,20631.294114727323,0.0,0.001090708388353621,1.0,12.743231292628716,12101.709725232926,0.0,0.001058948974562167,49452.26535069751,17243.460263691166,0,-001,1002354
13700.0,13.0,2.4707104995178204,1.9576074591758586e-10,0.0,0.0001,13.0,1.5539022209359241,1.4357326632893438e-10,0.0,0.0001,-1.0,-1.0,2,-001,1002354
