tphys,kstar_1,mass_1,lum_1,deltam_1,RRLO_1,kstar_2,mass_2,lum_2,deltam_2,RRLO_2,porb,sep,bin_state,merger_type,bin_num
0.0,1.0,6.978973804454478,1996.5828674051959,0.0,0.037158054200655016,1.0,6.354090356422763,1486.789465263859,0.0,0.03662868349695407,61.12741179794635,154.79344109985036,0,-001,1002027
13700.0,13.0,1.27758353409753,1.2651975278959219e-10,0.0,0.0001,13.0,1.3313996258949958,1.3029550487016903e-10,0.0,0.0001,-1.0,-1.0,2,-001,1002027
