tphys,kstar_1,mass_1,lum_1,deltam_1,RRLO_1,kstar_2,mass_2,lum_2,deltam_2,RRLO_2,porb,sep,bin_state,merger_type,bin_num
0.0,1.0,9.659360775774047,5389.988256112454,0.0,0.3686682751567051,1.0,9.576417558162802,5252.936207227572,0.0,0.36817065513414643,2.1818122563614923,18.96123988626553,0,-001,1002192
13700.0,13.0,1.27758353409753,1.2611287956932945e-10,0.0,0.0001,14.0,3.2616971362636438,1e-10,0.0,9.999999999999999e-05,-1.0,-1.0,2,-001,1002192
