tphys,kstar_1,mass_1,lum_1,deltam_1,RRLO_1,kstar_2,mass_2,lum_2,deltam_2,RRLO_2,porb,sep,bin_state,merger_type,bin_num
0.0,1.0,7.036291252744506,2048.2271424904566,0.0,0.034841205071446626,1.0,5.10802886620399,738.4743383935447,0.0,0.03319256677943377,80.30328002666037,179.9831376561751,0,-001,1002632
13700.0,13.0,1.27758353409753,1.2650554379964675e-10,0.0,0.0001,13.0,1.27758353409753,1.2688578635647074e-10,0.0,0.0001,-1.0,-1.0,2,-001,1002632
