tphys,kstar_1,mass_1,lum_1,deltam_1,RRLO_1,kstar_2,mass_2,lum_2,deltam_2,RRLO_2,porb,sep,bin_state,merger_type,bin_num
0.0,1.0,11.11259139321182,8152.2502289855365,0.0,0.0019424099494919315,1.0,8.313758567127676,3427.379527984747,0.0,0.0018560845635436705,11167.952160516665,5650.210909997464,0,-001,1002623
13700.0,13.0,1.3482504599709422,1.3063003699709572e-10,0.0,0.0001,13.0,1.27758353409753,1.2626455341046364e-10,0.0,0.0001,-1.0,-1.0,2,-001,1002623
