tphys,kstar_1,mass_1,lum_1,deltam_1,RRLO_1,kstar_2,mass_2,lum_2,deltam_2,RRLO_2,porb,sep,bin_state,merger_type,bin_num
0.0,1.0,13.833585450559376,15266.056545740039,0.0,0.20380465499219183,1.0,4.762075208803723,587.3805457504726,0.0,0.17250515986348874,4.976237385497089,32.48552007521368,0,-001,1002580
13700.0,13.0,1.394472961921164,1.3348764526614208e-10,0.0,0.0001,13.0,2.082921279010676,1.7502434255026036e-10,0.0,0.0001,-1.0,-1.0,2,-001,1002580
