tphys,kstar_1,mass_1,lum_1,deltam_1,RRLO_1,kstar_2,mass_2,lum_2,deltam_2,RRLO_2,porb,sep,bin_state,merger_type,bin_num
0.0,1.0,9.530298655836996,5177.667799020484,0.0,0.05625077938960719,1.0,4.700269382201928,562.7347959230705,0.0,0.050464338080307286,31.622863315676476,101.94363128617638,0,-001,1002835
13700.0,13.0,1.27758353409753,1.2612191769844304e-10,0.0,0.0001,13.0,1.3347015597767846,1.302710682892321e-10,0.0,0.0001,-1.0,-1.0,2,-001,1002835
