tphys,kstar_1,mass_1,lum_1,deltam_1,RRLO_1,kstar_2,mass_2,lum_2,deltam_2,RRLO_2,porb,sep,bin_state,merger_type,bin_num
0.0,1.0,11.89087234777909,9922.169427854551,0.0,0.0077822693936540005,1.0,5.463669568671306,918.1923662940529,0.0,0.0068938236536956726,845.058437130702,973.5257421540446,0,-001,1002891
13700.0,13.0,1.4465989428068047,1.3689387624555213e-10,0.0,0.0001,12.0,1.3211285644209756,5.561530978985838e-07,0.0,0.0001,-1.0,-1.0,2,-001,1002891
