tphys,kstar_1,mass_1,lum_1,deltam_1,RRLO_1,kstar_2,mass_2,lum_2,deltam_2,RRLO_2,porb,sep,bin_state,merger_type,bin_num
0.0,1.0,8.321127842686462,3436.6555576327487,0.0,0.01838693619891196,1.0,4.56387673912176,510.77397615653285,0.0,0.016781372853196162,169.90222963728456,302.5376793531035,0,-001,1002730
13700.0,13.0,1.27758353409753,1.2626358888117665e-10,0.0,0.0001,13.0,1.27758353409753,1.2670369486939222e-10,0.0,0.0001,-1.0,-1.0,2,-001,1002730
