tphys,kstar_1,mass_1,lum_1,deltam_1,RRLO_1,kstar_2,mass_2,lum_2,deltam_2,RRLO_2,porb,sep,bin_state,merger_type,bin_num
0.0,1.0,7.532132234647281,2530.755739351962,0.0,0.005944156824982051,1.0,5.922327725162295,1189.0079695260113,0.0,0.005729359779094888,3909.526220194901,2483.0763319676807,0,-001,1002906
13700.0,13.0,1.27758353409753,1.263966456654995e-10,0.0,0.0001,12.0,1.3613647835758713,5.707740342363259e-07,0.0,9.999999999999999e-05,-1.0,-1.0,2,-001,1002906
