tphys,kstar_1,mass_1,lum_1,deltam_1,RRLO_1,kstar_2,mass_2,lum_2,deltam_2,RRLO_2,porb,sep,bin_state,merger_type,bin_num
0.0,1.0,13.087978308310836,13056.156137615299,0.0,0.0003409591510604841,1.0,8.967951442988035,4313.005673511896,0.0,0.00032132634219549745,105416.57487781692,26326.893557669126,0,-001,1002044
13700.0,13.0,1.597056489655657,1.462171022884222e-10,0.0,0.0001,13.0,1.27758353409753,1.2618048402371676e-10,0.0,0.0001,-1.0,-1.0,2,-001,1002044
