tphys,kstar_1,mass_1,lum_1,deltam_1,RRLO_1,kstar_2,mass_2,lum_2,deltam_2,RRLO_2,porb,sep,bin_state,merger_type,bin_num
0.0,1.0,12.298220816387111,10931.973223887024,0.0,0.002403438498553759,1.0,7.439673437838415,2435.8388885631734,0.0,0.002221346924278082,10065.460550241029,5299.984506757568,0,-001,1002305
13700.0,13.0,1.4979115171499129,1.4010724518008084e-10,0.0,0.0001,13.0,1.27758353409753,1.2641500539304207e-10,0.0,0.0001,-1.0,-1.0,2,-001,1002305
