tphys,kstar_1,mass_1,lum_1,deltam_1,RRLO_1,kstar_2,mass_2,lum_2,deltam_2,RRLO_2,porb,sep,bin_state,merger_type,bin_num
0.0,1.0,13.058784341155135,12973.689273440345,0.0,0.04119734394507304,1.0,8.326878426710634,3443.9049763157964,0.0,0.03838889963977269,299.57817490998195,522.7967894223398,0,-001,1002590
13700.0,13.0,1.5733978435211626,1.4476367272122565e-10,0.0,0.0001,14.0,3.3947663319571637,1e-10,0.0,0.0001,-1.0,-1.0,2,-001,1002590
