tphys,kstar_1,mass_1,lum_1,deltam_1,RRLO_1,kstar_2,mass_2,lum_2,deltam_2,RRLO_2,porb,sep,bin_state,merger_type,bin_num
0.0,1.0,7.175354246232662,2177.0428206855163,0.0,0.019411956399172408,1.0,5.527181963446899,953.0101702141693,0.0,0.018656246013542113,515.3249680170247,630.9130306001226,0,-001,1002012
13700.0,13.0,1.27758353409753,1.264725678193435e-10,0.0,0.0001,13.0,1.27758353409753,1.2681316319947445e-10,0.0,0.0001,-1.0,-1.0,2,-001,1002012
