tphys,kstar_1,mass_1,lum_1,deltam_1,RRLO_1,kstar_2,mass_2,lum_2,deltam_2,RRLO_2,porb,sep,bin_state,merger_type,bin_num
0.0,1.0,6.807632826431522,1847.1792072125806,0.0,0.0003561108236465344,1.0,6.7612504777298845,1808.005390912705,0.0,0.000355737950661636,57983.80456476151,15031.571988863976,0,-001,1002761
13700.0,13.0,1.27758353409753,1.2656490709780045e-10,0.0,0.0001,13.0,1.27758353409753,1.2658049192606661e-10,0.0,0.0001,-1.0,-1.0,2,-001,1002761
