tphys,kstar_1,mass_1,lum_1,deltam_1,RRLO_1,kstar_2,mass_2,lum_2,deltam_2,RRLO_2,porb,sep,bin_state,merger_type,bin_num
0.0,1.0,7.793277033535763,2811.378988571521,0.0,0.010457383070455302,1.0,6.662010807548449,1725.9846505155217,0.0,0.010207666413595464,381.5266637533504,539.068644423842,0,-001,1002396
13700.0,13.0,1.27758353409753,1.2634789913642883e-10,0.0,0.0001,13.0,1.27758353409753,1.2662431625736105e-10,0.0,0.0001,-1.0,-1.0,2,-001,1002396
