tphys,kstar_1,mass_1,lum_1,deltam_1,RRLO_1,kstar_2,mass_2,lum_2,deltam_2,RRLO_2,porb,sep,bin_state,merger_type,bin_num
0.0,1.0,10.020768862633831,6012.663778954902,0.0,0.001850081494470674,1.0,5.665022192956291,1031.5022251644539,0.0,0.0016936010854439899,11338.973034823026,5314.99895652465,0,-001,1002205
13700.0,13.0,1.27758353409753,1.2607859862376992e-10,0.0,0.0001,12.0,1.3203167236707247,5.552640952598881e-07,0.0,0.0001,-1.0,-1.0,2,-001,1002205
