tphys,kstar_1,mass_1,lum_1,deltam_1,RRLO_1,kstar_2,mass_2,lum_2,deltam_2,RRLO_2,porb,sep,bin_state,merger_type,bin_num
0.0,1.0,11.246550809277782,8442.150112125462,0.0,0.0007266350157487869,1.0,8.506461423786213,3675.130011238513,0.0,0.000695520443961178,61407.892319160535,17700.2390580598,0,-001,1002496
13700.0,13.0,1.3652063201465392,1.3172019533787617e-10,0.0,0.0001,13.0,1.27758353409753,1.2623775899988619e-10,0.0,0.0001,-1.0,-1.0,2,-001,1002496
