tphys,kstar_1,mass_1,lum_1,deltam_1,RRLO_1,kstar_2,mass_2,lum_2,deltam_2,RRLO_2,porb,sep,bin_state,merger_type,bin_num
0.0,1.0,17.995126375563054,31337.08112308094,0.0,0.042504039622081886,1.0,14.280550360115823,16687.17383728551,0.0,0.04102822512755258,65.85757710713708,218.43095191213854,0,-001,1002945
13700.0,13.0,2.3887180820697242,1.913103400828104e-10,0.0,0.0001,14.0,16.334397675228775,1e-10,0.0,9.999999999999999e-05,-1.0,-1.0,2,-001,1002945
