tphys,kstar_1,mass_1,lum_1,deltam_1,RRLO_1,kstar_2,mass_2,lum_2,deltam_2,RRLO_2,porb,sep,bin_state,merger_type,bin_num
0.0,1.0,16.645618987346012,25425.658350129055,0.0,0.0409539500599507,1.0,9.189488089060928,4642.010193168693,0.0,0.03732038380211808,91.58216163571866,252.67517512904314,0,-001,1002837
13700.0,13.0,2.122196980958656,1.7676373453311283e-10,0.0,0.0001,14.0,7.819326922262839,1e-10,0.0,9.999999999999999e-05,-1.0,-1.0,2,-001,1002837
