tphys,kstar_1,mass_1,lum_1,deltam_1,RRLO_1,kstar_2,mass_2,lum_2,deltam_2,RRLO_2,porb,sep,bin_state,merger_type,bin_num
0.0,1.0,20.001657813327924,41366.67693318258,0.0,0.037548846988821216,1.0,15.862953005622414,22305.71200382021,0.0,0.03626288251621394,99.98117678899054,298.8496583232514,0,-001,1002812
13700.0,13.0,2.9701581545609805,2.213293880688942e-10,0.0,0.0001,14.0,21.497229888294417,1e-10,0.0,9.999999999999999e-05,-1.0,-1.0,2,-001,1002812
