tphys,kstar_1,mass_1,lum_1,deltam_1,RRLO_1,kstar_2,mass_2,lum_2,deltam_2,RRLO_2,porb,sep,bin_state,merger_type,bin_num
0.0,1.0,13.0567205697207,12967.871074328195,0.0,0.10320878974914298,1.0,4.948093518852484,665.8066653128611,0.0,0.08870076212357345,55.386994692650106,160.20890094000947,0,-001,1002984
13700.0,13.0,1.4751039499361935,1.3863929703970265e-10,0.0,0.0001,13.0,1.6723996528186709,1.5115403774290367e-10,0.0,0.0001,-1.0,-1.0,2,-001,1002984
