tphys,kstar_1,mass_1,lum_1,deltam_1,RRLO_1,kstar_2,mass_2,lum_2,deltam_2,RRLO_2,porb,sep,bin_state,merger_type,bin_num
0.0,1.0,12.656349505833738,11867.839203203277,0.0,0.023715873259761353,1.0,11.457829056639886,8911.77121629391,0.0,0.02334947742999386,144.76818714888174,335.0874337962195,0,-001,1002499
13700.0,13.0,1.5429269683739477,1.4289707114079494e-10,0.0,0.0001,14.0,7.412976805135653,1e-10,0.0,0.0001,-1.0,-1.0,2,-001,1002499
