tphys,kstar_1,mass_1,lum_1,deltam_1,RRLO_1,kstar_2,mass_2,lum_2,deltam_2,RRLO_2,porb,sep,bin_state,merger_type,bin_num
0.0,1.0,16.094410172525667,23204.800525998777,0.0,0.000744770161306264,1.0,12.344499480430422,11050.368043184517,0.0,0.0007147626150970516,27349.89138512864,11656.279283047827,0,-001,1002963
13700.0,13.0,2.8749140763818195,2.1665154602705596e-10,0.0,0.0001,13.0,1.503823593443172,1.4047520046715794e-10,0.0,0.0001,-1.0,-1.0,2,-001,1002963
