tphys,kstar_1,mass_1,lum_1,deltam_1,RRLO_1,kstar_2,mass_2,lum_2,deltam_2,RRLO_2,porb,sep,bin_state,merger_type,bin_num
0.0,1.0,11.379363365917484,8735.583970734777,0.0,0.20140636542377963,1.0,6.764439246600976,1810.6813946682414,0.0,0.18568068068327187,9.338849521393072,49.021912368329566,0,-001,1002940
13700.0,13.0,1.27758353409753,1.259856178175043e-10,0.0,0.0001,13.0,2.0626226572437587,1.7395879973011931e-10,0.0,0.0001,-1.0,-1.0,2,-001,1002940
