tphys,kstar_1,mass_1,lum_1,deltam_1,RRLO_1,kstar_2,mass_2,lum_2,deltam_2,RRLO_2,porb,sep,bin_state,merger_type,bin_num
0.0,1.0,9.123407799987874,4542.305404028694,0.0,0.007069817801976832,1.0,8.515671839881518,3687.2429153156886,0.0,0.006994129522258557,1626.6614061221933,1514.6372810067412,0,-001,1002786
13700.0,13.0,1.27758353409753,1.261631681421709e-10,0.0,0.0001,13.0,1.27758353409753,1.2623641103821675e-10,0.0,0.0001,-1.0,-1.0,2,-001,1002786
