tphys,kstar_1,mass_1,lum_1,deltam_1,RRLO_1,kstar_2,mass_2,lum_2,deltam_2,RRLO_2,porb,sep,bin_state,merger_type,bin_num
0.0,1.0,15.500168726372756,20936.26397276257,0.0,0.000537018307910949,1.0,13.90582408549043,15490.82374976378,0.0,0.0005280902979069721,111398.72416517243,30061.961914564097,0,-001,1002558
13700.0,13.0,2.508773644395695,1.9777322482822051e-10,0.0,0.0001,13.0,1.8276620968131612,1.6001001510279396e-10,0.0,0.0001,-1.0,-1.0,2,-001,1002558
