tphys,kstar_1,mass_1,lum_1,deltam_1,RRLO_1,kstar_2,mass_2,lum_2,deltam_2,RRLO_2,porb,sep,bin_state,merger_type,bin_num
0.0,1.0,9.047574407718843,4429.5310510165145,0.0,0.06837603225211994,1.0,4.533824211102642,499.7669767894573,0.0,0.06152185394623154,182.47572362934295,322.90154409778495,0,-001,1002225
13700.0,13.0,1.27758353409753,1.261714547965123e-10,0.0,0.0001,13.0,1.2785496987839728,1.2664641561264308e-10,0.0,0.0001,-1.0,-1.0,2,-001,1002225
