tphys,kstar_1,mass_1,lum_1,deltam_1,RRLO_1,kstar_2,mass_2,lum_2,deltam_2,RRLO_2,porb,sep,bin_state,merger_type,bin_num
0.0,1.0,6.417307514989088,1534.035896009047,0.0,0.007377161609599188,1.0,2.8148100439874937,98.52975703755543,0.0,0.006554612175679648,570.3030249508365,606.9078927704303,0,-001,1002180
13700.0,13.0,1.242,1.2431811876152664e-10,0.0,0.0001,13.0,1.27758353409753,1.274494574025022e-10,0.0,0.0001,-1.0,-1.0,2,-001,1002180
