tphys,kstar_1,mass_1,lum_1,deltam_1,RRLO_1,kstar_2,mass_2,lum_2,deltam_2,RRLO_2,porb,sep,bin_state,merger_type,bin_num
0.0,1.0,12.477946151724167,11395.981580824406,0.0,0.022266999955764404,1.0,10.197909286449388,6333.176035954507,0.0,0.02157364518143092,154.94760199661374,343.5023344278462,0,-001,1002989
13700.0,13.0,1.520513867674217,1.4151136207372667e-10,0.0,0.0001,14.0,5.147238685929885,1e-10,0.0,9.999999999999999e-05,-1.0,-1.0,2,-001,1002989
