tphys,kstar_1,mass_1,lum_1,deltam_1,RRLO_1,kstar_2,mass_2,lum_2,deltam_2,RRLO_2,porb,sep,bin_state,merger_type,bin_num
0.0,1.0,10.79870204634942,7496.662477694047,0.0,0.012548665933169506,1.0,5.498890119469387,937.396283404596,0.0,0.011299939123926477,389.8957821636868,569.2356178706476,0,-001,1002724
13700.0,13.0,1.3084767676015365,1.2805536887256603e-10,0.0,0.0001,13.0,1.4834770345059651,1.396540002358255e-10,0.0,0.0001,-1.0,-1.0,2,-001,1002724
