tphys,kstar_1,mass_1,lum_1,deltam_1,RRLO_1,kstar_2,mass_2,lum_2,deltam_2,RRLO_2,porb,sep,bin_state,merger_type,bin_num
0.0,1.0,12.391974234976274,11172.604763225285,0.0,0.4049569731581714,1.0,9.425912087606306,5009.764777321007,0.0,0.387946673377999,2.2742875466225536,20.32917247325588,0,-001,1002475
13700.0,13.0,1.27758353409753,1.2593656610606198e-10,0.0,0.0001,14.0,5.206579472973343,1e-10,0.0,0.0001,-1.0,-1.0,2,-001,1002475
