tphys,kstar_1,mass_1,lum_1,deltam_1,RRLO_1,kstar_2,mass_2,lum_2,deltam_2,RRLO_2,porb,sep,bin_state,merger_type,bin_num
0.0,1.0,11.728102036627329,9534.801787486767,0.0,0.22995932261663998,1.0,9.373744965812168,4927.12972770448,0.0,0.22201771299695894,22.507593294569627,92.67119344028663,0,-001,1002310
13700.0,13.0,1.3138484691830006,1.2835158474565903e-10,0.0,0.0001,14.0,4.036886490800065,1e-10,0.0,9.999999999999999e-05,-1.0,-1.0,2,-001,1002310
