tphys,kstar_1,mass_1,lum_1,deltam_1,RRLO_1,kstar_2,mass_2,lum_2,deltam_2,RRLO_2,porb,sep,bin_state,merger_type,bin_num
0.0,1.0,14.601516060598907,17752.56193654002,0.0,0.015188276238128596,1.0,6.813566686197733,1852.2296514423517,0.0,0.013474897701371934,271.1791277705536,489.43608455440574,0,-001,1002980
13700.0,13.0,1.8593994920651638,1.6184012120131055e-10,0.0,0.0001,13.0,2.8006851370077905,2.1333327363761793e-10,0.0,0.0001,-1.0,-1.0,2,-001,1002980
