tphys,kstar_1,mass_1,lum_1,deltam_1,RRLO_1,kstar_2,mass_2,lum_2,deltam_2,RRLO_2,porb,sep,bin_state,merger_type,bin_num
0.0,1.0,7.974317807808107,3016.9702526627166,0.0,0.03051480229581473,1.0,4.380519449363758,446.0444009410899,0.0,0.0278689846095597,96.67361935672186,204.85011967978508,0,-001,1002690
13700.0,13.0,1.27758353409753,1.2631700938170992e-10,0.0,0.0001,13.0,1.27758353409753,1.2678388689442596e-10,0.0,0.0001,-1.0,-1.0,2,-001,1002690
