tphys,kstar_1,mass_1,lum_1,deltam_1,RRLO_1,kstar_2,mass_2,lum_2,deltam_2,RRLO_2,porb,sep,bin_state,merger_type,bin_num
0.0,1.0,20.545999941384853,44341.1635695225,0.0,0.18737997766962128,1.0,19.191525545912885,37139.57640861334,0.0,0.18551100337452733,8.557006243504057,60.057428434777044,0,-001,1002875
13700.0,13.0,2.791860169434372,2.123262750231604e-10,0.0,0.0001,14.0,31.11528968406679,1e-10,0.0,0.0001,-1.0,-1.0,2,-001,1002875
