tphys,kstar_1,mass_1,lum_1,deltam_1,RRLO_1,kstar_2,mass_2,lum_2,deltam_2,RRLO_2,porb,sep,bin_state,merger_type,bin_num
0.0,1.0,9.04041457766921,4418.974044006063,0.0,0.1543477603471255,1.0,8.96989647840244,4315.829237171351,0.0,0.1541589825858755,98.10264281169654,234.55576012723148,0,-001,1002116
13700.0,13.0,1.27758353409753,1.2617176434302366e-10,0.0,0.0001,13.0,2.309348505833489,1.8771853723892024e-10,0.0,0.0001,-1.0,-1.0,2,-001,1002116
