tphys,kstar_1,mass_1,lum_1,deltam_1,RRLO_1,kstar_2,mass_2,lum_2,deltam_2,RRLO_2,porb,sep,bin_state,merger_type,bin_num
0.0,1.0,9.78339254537767,5598.992077538857,0.0,0.007657981342497424,1.0,9.071271159380784,4464.582751230853,0.0,0.007567921711526202,679.3798226582203,865.2997664315833,0,-001,1002758
13700.0,13.0,1.27758353409753,1.260987063965957e-10,0.0,0.0001,13.0,1.27758353409753,1.2617859219795245e-10,0.0,0.0001,-1.0,-1.0,2,-001,1002758
