tphys,kstar_1,mass_1,lum_1,deltam_1,RRLO_1,kstar_2,mass_2,lum_2,deltam_2,RRLO_2,porb,sep,bin_state,merger_type,bin_num
0.0,1.0,8.143259968625651,3217.1284351657127,0.0,0.15119344306552948,1.0,7.4370502880062626,2433.1794801796595,0.0,0.1490822029641246,11.310120202341098,52.94058560853127,0,-001,1002178
13700.0,13.0,1.27758353409753,1.262897731764235e-10,0.0,0.0001,13.0,1.5792827153205184,1.457097741822967e-10,0.0,0.0001,-1.0,-1.0,2,-001,1002178
