tphys,kstar_1,mass_1,lum_1,deltam_1,RRLO_1,kstar_2,mass_2,lum_2,deltam_2,RRLO_2,porb,sep,bin_state,merger_type,bin_num
0.0,1.0,11.120807734127743,8169.856240608854,0.0,0.2520086208004044,1.0,6.925185405815767,1948.8810251987236,0.0,0.2340290638698775,3.769511825595291,26.726098381886327,0,-001,1002302
13700.0,13.0,1.27758353409753,1.2600057013147967e-10,0.0,0.0001,13.0,2.0888458378783543,1.7543648004775988e-10,0.0,0.0001,-1.0,-1.0,2,-001,1002302
