tphys,kstar_1,mass_1,lum_1,deltam_1,RRLO_1,kstar_2,mass_2,lum_2,deltam_2,RRLO_2,porb,sep,bin_state,merger_type,bin_num
0.0,1.0,17.814448251876584,30506.61843448429,0.0,0.19563063755106316,1.0,14.805155009840698,18448.03285518225,0.0,0.19018469394023646,6.915902032200305,48.79148166443728,0,-001,1002895
13700.0,13.0,2.154464569373389,1.7853087934079138e-10,0.0,0.0001,14.0,17.945284837917402,1e-10,0.0,0.0001,-1.0,-1.0,2,-001,1002895
