tphys,kstar_1,mass_1,lum_1,deltam_1,RRLO_1,kstar_2,mass_2,lum_2,deltam_2,RRLO_2,porb,sep,bin_state,merger_type,bin_num
0.0,1.0,12.608273152056418,11739.575147998905,0.0,0.02488483818321312,1.0,6.538109951666798,1626.9804530505194,0.0,0.02245256880618959,150.94179319368524,319.04637287204713,0,-001,1002844
13700.0,13.0,1.5368893300108402,1.4252443362985883e-10,0.0,0.0001,13.0,2.1082905111444523,1.7649276162897626e-10,0.0,0.0001,-1.0,-1.0,2,-001,1002844
