tphys,kstar_1,mass_1,lum_1,deltam_1,RRLO_1,kstar_2,mass_2,lum_2,deltam_2,RRLO_2,porb,sep,bin_state,merger_type,bin_num
0.0,1.0,7.3610297705720535,2356.9062149254314,0.0,0.014749836952611636,1.0,3.631509644573728,237.81171067794514,0.0,0.013276893107443096,1469.4731945349392,1208.998279250932,0,-001,1002171
13700.0,13.0,1.27758353409753,1.2643159700722398e-10,0.0,0.0001,13.0,1.27758353409753,1.270628813315151e-10,0.0,0.0001,-1.0,-1.0,2,-001,1002171
