tphys,kstar_1,mass_1,lum_1,deltam_1,RRLO_1,kstar_2,mass_2,lum_2,deltam_2,RRLO_2,porb,sep,bin_state,merger_type,bin_num
0.0,1.0,7.0972302445383235,2104.0599556947764,0.0,0.0007810545723073311,1.0,7.082882373496777,2090.8281487910103,0.0,0.0007808114207605968,19393.160023889544,7349.833611121398,0,-001,1002606
13700.0,13.0,1.27758353409753,1.26490838639681e-10,0.0,0.0001,13.0,1.27758353409753,1.2649426449016813e-10,0.0,0.0001,-1.0,-1.0,2,-001,1002606
