tphys,kstar_1,mass_1,lum_1,deltam_1,RRLO_1,kstar_2,mass_2,lum_2,deltam_2,RRLO_2,porb,sep,bin_state,merger_type,bin_num
0.0,1.0,9.74311228776633,5530.581504258016,0.0,0.007659760627875648,1.0,6.454729271927569,1562.4528793171835,0.0,0.0071851192125933884,648.6632873048235,797.5975684967685,0,-001,1002067
13700.0,13.0,1.27758353409753,1.26102265673291e-10,0.0,0.0001,13.0,1.27758353409753,1.26648783374195e-10,0.0,0.0001,-1.0,-1.0,2,-001,1002067
