tphys,kstar_1,mass_1,lum_1,deltam_1,RRLO_1,kstar_2,mass_2,lum_2,deltam_2,RRLO_2,porb,sep,bin_state,merger_type,bin_num
0.0,1.0,9.357755528100824,4901.971218072409,0.0,0.012561326026734557,1.0,3.382930527202168,186.6994068968366,0.0,0.010771096222643516,909.7388185250524,922.4878378972261,0,-001,1002634
13700.0,13.0,1.27758353409753,1.2613869311105616e-10,0.0,0.0001,13.0,1.27758353409753,1.2675761389704022e-10,0.0,0.0001,-1.0,-1.0,2,-001,1002634
