tphys,kstar_1,mass_1,lum_1,deltam_1,RRLO_1,kstar_2,mass_2,lum_2,deltam_2,RRLO_2,porb,sep,bin_state,merger_type,bin_num
0.0,1.0,7.647417388603957,2652.3422654821147,0.0,0.03845146404860239,1.0,3.6007076889001257,231.02714982641467,0.0,0.03436198424263646,71.55226360505908,162.45292078790786,0,-001,1002436
13700.0,13.0,1.27758353409753,1.2637566006953302e-10,0.0,0.0001,13.0,1.27758353409753,1.2696263669484432e-10,0.0,0.0001,-1.0,-1.0,2,-001,1002436
