tphys,kstar_1,mass_1,lum_1,deltam_1,RRLO_1,kstar_2,mass_2,lum_2,deltam_2,RRLO_2,porb,sep,bin_state,merger_type,bin_num
0.0,1.0,7.744610077048539,2757.6649086161165,0.0,0.01967562636427612,1.0,4.297527976336662,418.6211769262126,0.0,0.018001932939666156,184.74774982414476,312.7801610787821,0,-001,1002055
13700.0,13.0,1.27758353409753,1.2635659220595697e-10,0.0,0.0001,13.0,1.27758353409753,1.2684494814520262e-10,0.0,0.0001,-1.0,-1.0,2,-001,1002055
