tphys,kstar_1,mass_1,lum_1,deltam_1,RRLO_1,kstar_2,mass_2,lum_2,deltam_2,RRLO_2,porb,sep,bin_state,merger_type,bin_num
0.0,1.0,16.15665763096093,23449.97512532829,0.0,0.009686108127207507,1.0,5.751070055241286,1082.56465968318,0.0,0.008234282311836757,513.4386425419998,754.7620216410347,0,-001,1002687
13700.0,13.0,2.855295745543409,2.156576636888344e-10,0.0,0.0001,13.0,1.27758353409753,1.267720865638495e-10,0.0,0.0001,-1.0,-1.0,2,-001,1002687
