tphys,kstar_1,mass_1,lum_1,deltam_1,RRLO_1,kstar_2,mass_2,lum_2,deltam_2,RRLO_2,porb,sep,bin_state,merger_type,bin_num
0.0,1.0,14.589943422342813,17713.494646765917,0.0,0.0008698157300640408,1.0,7.866741824823808,2893.7047023327136,0.0,0.0007894352337782193,162106.73431516255,35285.89590751284,0,-001,1002883
13700.0,13.0,2.1054968562062566,1.7589567295304818e-10,0.0,0.0001,13.0,1.27758353409753,1.2633508567369815e-10,0.0,0.0001,-1.0,-1.0,2,-001,1002883
