tphys,kstar_1,mass_1,lum_1,deltam_1,RRLO_1,kstar_2,mass_2,lum_2,deltam_2,RRLO_2,porb,sep,bin_state,merger_type,bin_num
0.0,1.0,10.332851419098684,6584.173052523785,0.0,0.002318548989118277,1.0,7.508995589273504,2506.788208193793,0.0,0.0022057687978147807,4004.750001298447,2772.1417728206748,0,-001,1002058
13700.0,13.0,1.27758353409753,1.260542423227041e-10,0.0,0.0001,13.0,1.27758353409753,1.2640093819150525e-10,0.0,0.0001,-1.0,-1.0,2,-001,1002058
