tphys,kstar_1,mass_1,lum_1,deltam_1,RRLO_1,kstar_2,mass_2,lum_2,deltam_2,RRLO_2,porb,sep,bin_state,merger_type,bin_num
0.0,1.0,17.670574871308123,29853.94298112887,0.0,0.051419327007770334,1.0,16.546488987507047,25017.973045028768,0.0,0.05091016937404735,62.86846134063001,215.93416474020748,0,-001,1002365
13700.0,13.0,2.314736971881098,1.8732745945291553e-10,0.0,0.0001,14.0,20.318519424912072,1e-10,0.0,9.999999999999999e-05,-1.0,-1.0,2,-001,1002365
