tphys,kstar_1,mass_1,lum_1,deltam_1,RRLO_1,kstar_2,mass_2,lum_2,deltam_2,RRLO_2,porb,sep,bin_state,merger_type,bin_num
0.0,1.0,18.0505421389763,31594.20611136182,0.0,0.3970408435093015,1.0,7.740987430202124,2753.692691400387,0.0,0.3476987924471076,2.1581834456782127,20.757250714953106,0,-001,1002299
13700.0,13.0,1.7920157265227163,1.5780134806614202e-10,0.0,0.0001,14.0,9.211477338106095,1e-10,0.0,0.0001,-1.0,-1.0,2,-001,1002299
