tphys,kstar_1,mass_1,lum_1,deltam_1,RRLO_1,kstar_2,mass_2,lum_2,deltam_2,RRLO_2,porb,sep,bin_state,merger_type,bin_num
0.0,1.0,9.235683701066252,4712.508738242359,0.0,0.00019692335147041313,1.0,8.316546871127931,3430.8874422136228,0.0,0.00019372712380463244,238057.91602525552,41993.72663299867,0,-001,1002674
13700.0,13.0,1.27758353409753,1.2615120604710727e-10,0.0,0.0001,13.0,1.27758353409753,1.2626424859698212e-10,0.0,0.0001,-1.0,-1.0,2,-001,1002674
