tphys,kstar_1,mass_1,lum_1,deltam_1,RRLO_1,kstar_2,mass_2,lum_2,deltam_2,RRLO_2,porb,sep,bin_state,merger_type,bin_num
0.0,1.0,8.003595705036785,3051.0800579735337,0.0,0.06304470972854,1.0,7.02522033493901,2038.1864242540648,0.0,0.06178665825056151,76.43433963168778,186.97598425495264,0,-001,1002177
13700.0,13.0,1.27758353409753,1.263131638683319e-10,0.0,0.0001,13.0,1.5031611339061863,1.4107017937865021e-10,0.0,0.0001,-1.0,-1.0,2,-001,1002177
