tphys,kstar_1,mass_1,lum_1,deltam_1,RRLO_1,kstar_2,mass_2,lum_2,deltam_2,RRLO_2,porb,sep,bin_state,merger_type,bin_num
0.0,1.0,8.075047206457915,3135.338815129179,0.0,0.02033266728069738,1.0,2.9868370896814342,121.3319241915582,0.0,0.017551686138552004,2284.857212715244,1626.0515405551666,0,-001,1002821
13700.0,13.0,1.27758353409753,1.26300753632321e-10,0.0,0.0001,13.0,1.27758353409753,1.2721107967591622e-10,0.0,0.0001,-1.0,-1.0,2,-001,1002821
