tphys,kstar_1,mass_1,lum_1,deltam_1,RRLO_1,kstar_2,mass_2,lum_2,deltam_2,RRLO_2,porb,sep,bin_state,merger_type,bin_num
0.0,1.0,10.768469567357904,7435.26187724042,0.0,0.0011225966016088114,1.0,10.295285673211321,6513.702974784583,0.0,0.0011147132457833338,20231.25088674245,8626.05687153553,0,-001,1002301
13700.0,13.0,1.3046428099985719,1.2780586655626498e-10,0.0,0.0001,13.0,1.27758353409753,1.2605705764040783e-10,0.0,0.0001,-1.0,-1.0,2,-001,1002301
