tphys,kstar_1,mass_1,lum_1,deltam_1,RRLO_1,kstar_2,mass_2,lum_2,deltam_2,RRLO_2,porb,sep,bin_state,merger_type,bin_num
0.0,1.0,18.087931144089698,31768.328253133237,0.0,0.19169598789098982,1.0,9.740180982808177,5525.62319613324,0.0,0.17407828452667112,6.649395858947324,45.078341983236726,0,-001,1002921
13700.0,13.0,2.147966066317315,1.7816395922244743e-10,0.0,0.0001,14.0,10.430972028575297,1e-10,0.0,9.999999999999999e-05,-1.0,-1.0,2,-001,1002921
