tphys,kstar_1,mass_1,lum_1,deltam_1,RRLO_1,kstar_2,mass_2,lum_2,deltam_2,RRLO_2,porb,sep,bin_state,merger_type,bin_num
0.0,1.0,6.5119570984973,1606.5603782334651,0.0,0.004766694437088709,1.0,3.3631472707381915,182.97989984669775,0.0,0.004326928858899756,1273.0146956009125,1060.1192881234024,0,-001,1002643
13700.0,13.0,1.278005384082708,1.266911536353916e-10,0.0,2.777348498693729e-06,12.0,1.3071704958440724,5.587765316131882e-07,0.0,0.0006071744602459066,3.5246461256573864,13.371873887658502,0,-001,1002643
