tphys,kstar_1,mass_1,lum_1,deltam_1,RRLO_1,kstar_2,mass_2,lum_2,deltam_2,RRLO_2,porb,sep,bin_state,merger_type,bin_num
0.0,1.0,5.997638910807768,1237.8799706696668,0.0,0.0023140508234768408,1.0,4.398558534097493,452.15776871582574,0.0,0.002210007982057805,3322.1919954736654,2044.2149090413182,0,-001,1002667
13700.0,13.0,1.242,1.244745311554664e-10,0.0,0.0001,13.0,1.242,1.2506120099725251e-10,0.0,0.0001,-1.0,-1.0,2,-001,1002667
