tphys,kstar_1,mass_1,lum_1,deltam_1,RRLO_1,kstar_2,mass_2,lum_2,deltam_2,RRLO_2,porb,sep,bin_state,merger_type,bin_num
0.0,1.0,10.22110061267699,6375.890589985616,0.0,0.00022253227683103797,1.0,7.903625596904434,2935.603277315289,0.0,0.00021376525189688785,161142.69318971154,32722.724568421858,0,-001,1002680
13700.0,13.0,1.27758353409753,1.2606270843749837e-10,0.0,0.0001,13.0,1.27758353409753,1.2632880304970733e-10,0.0,0.0001,-1.0,-1.0,2,-001,1002680
