tphys,kstar_1,mass_1,lum_1,deltam_1,RRLO_1,kstar_2,mass_2,lum_2,deltam_2,RRLO_2,porb,sep,bin_state,merger_type,bin_num
0.0,1.0,9.206083153161249,4667.260135618832,0.0,0.09140574246484909,1.0,4.364651742108818,440.7121969485573,0.0,0.0815543176959869,28.21760914623594,93.00361392240296,0,-001,1002714
13700.0,13.0,1.27758353409753,1.2615387402522823e-10,0.0,0.0001,13.0,1.27758353409753,1.2657161588207913e-10,0.0,0.0001,-1.0,-1.0,2,-001,1002714
