tphys,kstar_1,mass_1,lum_1,deltam_1,RRLO_1,kstar_2,mass_2,lum_2,deltam_2,RRLO_2,porb,sep,bin_state,merger_type,bin_num
0.0,1.0,10.521337718241703,6944.739835468713,0.0,0.007830823553251608,1.0,9.690905529334174,5442.681550007841,0.0,0.007730535060417656,783.592784992532,973.9806999264655,0,-001,1002909
13700.0,13.0,1.27758353409753,1.2604056616945045e-10,0.0,0.0001,13.0,1.27758353409753,1.2611322202643626e-10,0.0,0.0001,-1.0,-1.0,2,-001,1002909
