tphys,kstar_1,mass_1,lum_1,deltam_1,RRLO_1,kstar_2,mass_2,lum_2,deltam_2,RRLO_2,porb,sep,bin_state,merger_type,bin_num
0.0,1.0,12.460515780898199,11350.482644108157,0.0,0.6523999644371979,1.0,10.143171852503224,6233.05146546984,0.0,0.6316895688508849,3.0507897686765353,25.019954364401684,0,-001,1002683
13700.0,13.0,1.27758353409753,1.2593456056642068e-10,0.0,0.0001,14.0,6.576639780889964,1e-10,0.0,9.999999999999999e-05,-1.0,-1.0,2,-001,1002683
