tphys,kstar_1,mass_1,lum_1,deltam_1,RRLO_1,kstar_2,mass_2,lum_2,deltam_2,RRLO_2,porb,sep,bin_state,merger_type,bin_num
0.0,1.0,14.167884474653006,16322.108699211663,0.0,0.043165037640733206,1.0,11.264774228337162,8482.057416813364,0.0,0.04164643650506986,452.42765920873524,729.0912948749412,0,-001,1002685
13700.0,13.0,1.7963157784717145,1.581562854237288e-10,0.0,0.0001,14.0,8.752886547688874,1e-10,0.0,0.0001,-1.0,-1.0,2,-001,1002685
