tphys,kstar_1,mass_1,lum_1,deltam_1,RRLO_1,kstar_2,mass_2,lum_2,deltam_2,RRLO_2,porb,sep,bin_state,merger_type,bin_num
0.0,1.0,7.356612370401528,2352.5214296868658,0.0,0.014963039976729691,1.0,6.7173307681969305,1771.4053123600436,0.0,0.014755351023247442,235.64649775280486,387.49355524250063,0,-001,1002677
13700.0,13.0,1.27758353409753,1.2643253363202097e-10,0.0,0.0001,13.0,1.27758353409753,1.2665334364534982e-10,0.0,0.0001,-1.0,-1.0,2,-001,1002677
