tphys,kstar_1,mass_1,lum_1,deltam_1,RRLO_1,kstar_2,mass_2,lum_2,deltam_2,RRLO_2,porb,sep,bin_state,merger_type,bin_num
0.0,1.0,9.195932948755162,4651.806205387201,0.0,0.020880036869515173,1.0,3.4424990355591367,198.20291544658,0.0,0.017999832394658136,2068.674844197715,1590.9057350989149,0,-001,1002727
13700.0,13.0,1.27758353409753,1.261553901874015e-10,0.0,0.0001,13.0,1.27758353409753,1.2674440139662958e-10,0.0,0.0001,-1.0,-1.0,2,-001,1002727
