tphys,kstar_1,mass_1,lum_1,deltam_1,RRLO_1,kstar_2,mass_2,lum_2,deltam_2,RRLO_2,porb,sep,bin_state,merger_type,bin_num
0.0,1.0,8.243673361440223,3339.9432598311655,0.0,0.004044408466410798,1.0,6.198081558855096,1374.228045909719,0.0,0.0038705561449648325,1875.384321862647,1557.9448177165568,0,-001,1002941
13700.0,13.0,1.27758353409753,1.26274914855084e-10,0.0,0.0001,13.0,1.242,1.243952798771773e-10,0.0,0.0001,-1.0,-1.0,2,-001,1002941
