tphys,kstar_1,mass_1,lum_1,deltam_1,RRLO_1,kstar_2,mass_2,lum_2,deltam_2,RRLO_2,porb,sep,bin_state,merger_type,bin_num
0.0,1.0,10.09311827150559,6142.344440183701,0.0,0.007338344447762073,1.0,8.80090759244364,4074.772011836557,0.0,0.007182638261078149,1428.6859671031436,1421.296155245305,0,-001,1002836
13700.0,13.0,1.27758353409753,1.260727507755766e-10,0.0,0.0001,13.0,1.27758353409753,1.2620012573671006e-10,0.0,0.0001,-1.0,-1.0,2,-001,1002836
