tphys,kstar_1,mass_1,lum_1,deltam_1,RRLO_1,kstar_2,mass_2,lum_2,deltam_2,RRLO_2,porb,sep,bin_state,merger_type,bin_num
0.0,1.0,9.103860397696756,4513.067805379768,0.0,0.0006209736772552858,1.0,6.9126174312789646,1937.8411577546672,0.0,0.0005949828149003358,289786.6128884003,46436.532013190656,0,-001,1002619
13700.0,13.0,1.27758353409753,1.2616529686193467e-10,0.0,0.0001,13.0,1.27758353409753,1.2653679625060752e-10,0.0,0.0001,-1.0,-1.0,2,-001,1002619
