tphys,kstar_1,mass_1,lum_1,deltam_1,RRLO_1,kstar_2,mass_2,lum_2,deltam_2,RRLO_2,porb,sep,bin_state,merger_type,bin_num
0.0,1.0,8.538837636781995,3717.819062972236,0.0,0.08552157758378712,1.0,6.913564163857644,1938.6713852565117,0.0,0.08276970574379006,34.605894378493744,111.27150004336481,0,-001,1002023
13700.0,13.0,1.27758353409753,1.2623364830439843e-10,0.0,0.0001,13.0,1.537513595392247,1.4315284476115095e-10,0.0,0.0001,-1.0,-1.0,2,-001,1002023
