tphys,kstar_1,mass_1,lum_1,deltam_1,RRLO_1,kstar_2,mass_2,lum_2,deltam_2,RRLO_2,porb,sep,bin_state,merger_type,bin_num
0.0,1.0,7.565102018923037,2565.159414457409,0.0,0.0071326726965430885,1.0,6.339818182243988,1476.2541728954177,0.0,0.006941731990130033,709.7967762529936,804.9410489907916,0,-001,1002788
13700.0,13.0,1.27758353409753,1.2639019684638767e-10,0.0,0.0001,13.0,1.242,1.2434556214495603e-10,0.0,0.0001,-1.0,-1.0,2,-001,1002788
