tphys,kstar_1,mass_1,lum_1,deltam_1,RRLO_1,kstar_2,mass_2,lum_2,deltam_2,RRLO_2,porb,sep,bin_state,merger_type,bin_num
0.0,1.0,9.20938946495334,4672.300917212788,0.0,0.011454440457499845,1.0,8.363448840381416,3490.231148536342,0.0,0.01128343360049255,2944.0095809935005,2246.5978747773693,0,-001,1002053
13700.0,13.0,1.27758353409753,1.2615396763815583e-10,0.0,0.0001,13.0,1.279840707322832,1.2645656133357906e-10,0.0,0.0001,-1.0,-1.0,2,-001,1002053
