tphys,kstar_1,mass_1,lum_1,deltam_1,RRLO_1,kstar_2,mass_2,lum_2,deltam_2,RRLO_2,porb,sep,bin_state,merger_type,bin_num
0.0,1.0,60.06641106950962,490339.7895933525,0.0,0.0007621248290766755,1.0,59.528082531073046,481890.59690856957,0.0,0.0007617321349635373,68018.86525375466,34536.252409812725,0,-001,1002028
4.55842312087967,14.0,24.5533470576696,1e-10,-1.2114712981315555e-06,4.509866414458917e-09,7.0,24.785476682930174,970434.3765128464,-1.154151871842209e-06,7.173842846630074e-05,399718.9687757515,83724.2622603516,0,-001,1002028
4.56842312087967,14.0,24.55334705767035,1e-10,7.612602888525668e-17,4.5083225532436655e-09,7.0,24.773871705419634,977812.1858220645,-1.1671259189374232e-06,7.102130364799257e-05,399907.0732844331,83743.96000909027,0,-001,1002028
4.57842312087967,14.0,24.55334705767103,1e-10,0.0,4.487617486835631e-09,14.0,24.263270892293484,1e-10,0.0,4.4587466242555584e-09,412682.21932441456,85221.98147009923,0,-001,1002028
13700.0,14.0,24.55334705767103,1e-10,0.0,4.487617486835667e-09,14.0,24.263270892293484,1e-10,0.0,4.458746624255593e-09,412682.2193244031,85221.98147009766,0,-001,1002028
