tphys,kstar_1,mass_1,lum_1,deltam_1,RRLO_1,kstar_2,mass_2,lum_2,deltam_2,RRLO_2,porb,sep,bin_state,merger_type,bin_num
0.0,1.0,15.099432748595747,19479.91216080254,0.0,0.0015963692270656257,1.0,6.269838475688614,1425.292577598122,0.0,0.0013905103654445442,8104.406834679533,4710.090877286305,0,-001,1002831
13700.0,13.0,2.3267681871060244,1.8805555118104713e-10,0.0,0.0001,13.0,1.242,1.2436976330391418e-10,0.0,0.0001,-1.0,-1.0,2,-001,1002831
