tphys,kstar_1,mass_1,lum_1,deltam_1,RRLO_1,kstar_2,mass_2,lum_2,deltam_2,RRLO_2,porb,sep,bin_state,merger_type,bin_num
0.0,1.0,13.245789714528465,13507.219327774217,0.0,0.0008826452932137539,1.0,13.153872015003119,13243.412200502655,0.0,0.0008816881833852623,32104.494767206128,12653.050477093257,0,-001,1002782
13700.0,13.0,1.6168124661597554,1.4741971524290558e-10,0.0,0.0001,13.0,1.6053078056019043,1.4671997080884952e-10,0.0,0.0001,-1.0,-1.0,2,-001,1002782
