tphys,kstar_1,mass_1,lum_1,deltam_1,RRLO_1,kstar_2,mass_2,lum_2,deltam_2,RRLO_2,porb,sep,bin_state,merger_type,bin_num
0.0,1.0,16.69381858017415,25625.198585536098,0.0,0.4888425742990504,1.0,15.17084192048639,19735.101503927024,0.0,0.48173914454027555,1.673057355860468,18.795860442286834,0,-001,1002696
13700.0,13.0,1.640327889743798,1.4874894315565574e-10,0.0,0.0001,14.0,19.005114528357723,1e-10,0.0,0.0001,-1.0,-1.0,2,-001,1002696
