tphys,kstar_1,mass_1,lum_1,deltam_1,RRLO_1,kstar_2,mass_2,lum_2,deltam_2,RRLO_2,porb,sep,bin_state,merger_type,bin_num
0.0,1.0,8.552406983530503,3735.8022662484877,0.0,0.16218297844352966,1.0,8.008018625496799,3056.25390459552,0.0,0.16053140439735294,6.5478001971087885,37.52949067733219,0,-001,1002386
13700.0,13.0,1.27758353409753,1.2623116369145942e-10,0.0,0.0001,13.0,1.6844110596838446,1.520475948270033e-10,0.0,0.0001,-1.0,-1.0,2,-001,1002386
