tphys,kstar_1,mass_1,lum_1,deltam_1,RRLO_1,kstar_2,mass_2,lum_2,deltam_2,RRLO_2,porb,sep,bin_state,merger_type,bin_num
0.0,1.0,11.315422272044675,8593.56403132806,0.0,0.2226406289215267,1.0,5.485393464937989,930.0066877954079,0.0,0.1989180365789305,6.452930658858838,37.34507607888167,0,-001,1002842
13700.0,13.0,1.27758353409753,1.259894166981664e-10,0.0,0.0001,13.0,1.6289954340215569,1.485746370900782e-10,0.0,0.0001,-1.0,-1.0,2,-001,1002842
