tphys,kstar_1,mass_1,lum_1,deltam_1,RRLO_1,kstar_2,mass_2,lum_2,deltam_2,RRLO_2,porb,sep,bin_state,merger_type,bin_num
0.0,1.0,6.642014366993071,1709.752088911826,0.0,0.014322781139335229,1.0,3.489873141376631,207.68168412918772,0.0,0.013028350016802207,477.9411127804107,556.4569957901372,0,-001,1002204
13700.0,13.0,1.27758353409753,1.266200963241378e-10,0.0,0.0001,13.0,1.27758353409753,1.272069745240143e-10,0.0,0.0001,-1.0,-1.0,2,-001,1002204
