tphys,kstar_1,mass_1,lum_1,deltam_1,RRLO_1,kstar_2,mass_2,lum_2,deltam_2,RRLO_2,porb,sep,bin_state,merger_type,bin_num
0.0,1.0,10.183734084235846,6307.153743752402,0.0,0.00037204496149938535,1.0,9.600798558804726,5292.997422190801,0.0,0.00036862386991313653,79303.22246588884,21001.696689120097,0,-001,1002833
13700.0,13.0,1.27758353409753,1.2606560143845936e-10,0.0,0.0001,13.0,1.27758353409753,1.2611520398529102e-10,0.0,0.0001,-1.0,-1.0,2,-001,1002833
