tphys,kstar_1,mass_1,lum_1,deltam_1,RRLO_1,kstar_2,mass_2,lum_2,deltam_2,RRLO_2,porb,sep,bin_state,merger_type,bin_num
0.0,1.0,7.496713092792413,2494.1232588245534,0.0,0.005987823938622361,1.0,5.005373296090407,691.266738550875,0.0,0.005631679340259042,1000.8916226695833,976.946455183899,0,-001,1002338
13700.0,13.0,1.27758353409753,1.2640367364351091e-10,0.0,0.0001,12.0,1.210251206686758,5.142973983351778e-07,0.0,9.999999999999999e-05,-1.0,-1.0,2,-001,1002338
