tphys,kstar_1,mass_1,lum_1,deltam_1,RRLO_1,kstar_2,mass_2,lum_2,deltam_2,RRLO_2,porb,sep,bin_state,merger_type,bin_num
0.0,1.0,10.165843356038426,6274.403764122155,0.0,0.009676521411323335,1.0,3.4787241133433437,205.4243593916677,0.0,0.008218664387963858,11473.136369031483,5113.598055775424,0,-001,1002004
13700.0,13.0,1.27758353409753,1.2606699786087277e-10,0.0,0.0001,12.0,1.3221284962752167,5.616079357963843e-07,0.0,9.999999999999999e-05,-1.0,-1.0,2,-001,1002004
