tphys,kstar_1,mass_1,lum_1,deltam_1,RRLO_1,kstar_2,mass_2,lum_2,deltam_2,RRLO_2,porb,sep,bin_state,merger_type,bin_num
0.0,1.0,8.383844773078,3516.236487759836,0.0,0.05295943707395615,1.0,5.947139718910343,1204.9687741027524,0.0,0.0502327944488422,68.87089322313784,171.68580104905777,0,-001,1002194
13700.0,13.0,1.27758353409753,1.2625543300897817e-10,0.0,0.0001,13.0,1.3969034911957423,1.3435028226415948e-10,0.0,0.0001,-1.0,-1.0,2,-001,1002194
