tphys,kstar_1,mass_1,lum_1,deltam_1,RRLO_1,kstar_2,mass_2,lum_2,deltam_2,RRLO_2,porb,sep,bin_state,merger_type,bin_num
0.0,1.0,6.1701356754937535,1354.6647645890537,0.0,0.07685937349695467,1.0,5.34644908563464,856.1275694522712,0.0,0.07521983323701163,57.64497336447077,141.76447853441246,0,-001,1002442
13700.0,13.0,1.242,1.243956074734433e-10,0.0,0.0001,13.0,1.27758353409753,1.269966560149068e-10,0.0,0.0001,-1.0,-1.0,2,-001,1002442
