tphys,kstar_1,mass_1,lum_1,deltam_1,RRLO_1,kstar_2,mass_2,lum_2,deltam_2,RRLO_2,porb,sep,bin_state,merger_type,bin_num
0.0,1.0,8.963679819766334,4306.808677432035,0.0,0.025898261310214332,1.0,5.743060469850559,1077.7439278004388,0.0,0.02417980911670046,202.133694059804,354.99031918885504,0,-001,1002593
13700.0,13.0,1.27758353409753,1.2618098102536732e-10,0.0,0.0001,13.0,1.4085903041685335,1.3504797247840904e-10,0.0,0.0001,-1.0,-1.0,2,-001,1002593
