tphys,kstar_1,mass_1,lum_1,deltam_1,RRLO_1,kstar_2,mass_2,lum_2,deltam_2,RRLO_2,porb,sep,bin_state,merger_type,bin_num
0.0,1.0,17.47997401858799,29001.064502909732,0.0,0.46277403345244394,1.0,14.822465977479052,18507.854018157377,0.0,0.45126056950868365,2.2146468920951867,22.76320084899814,0,-001,1002563
13700.0,13.0,1.9069583851700853,1.6452217192074333e-10,0.0,0.0001,14.0,18.6231589036479,1e-10,0.0,0.0001,-1.0,-1.0,2,-001,1002563
