tphys,kstar_1,mass_1,lum_1,deltam_1,RRLO_1,kstar_2,mass_2,lum_2,deltam_2,RRLO_2,porb,sep,bin_state,merger_type,bin_num
0.0,1.0,10.51560031504818,6933.59199887325,0.0,0.01916725641686732,1.0,8.383517495553349,3515.8182468307637,0.0,0.018499263856338724,853.3216528885844,1008.1092076311367,0,-001,1002754
13700.0,13.0,1.27758353409753,1.2604097171623425e-10,0.0,0.0001,13.0,2.352015293582798,1.8997036106330438e-10,0.0,0.0001,-1.0,-1.0,2,-001,1002754
