tphys,kstar_1,mass_1,lum_1,deltam_1,RRLO_1,kstar_2,mass_2,lum_2,deltam_2,RRLO_2,porb,sep,bin_state,merger_type,bin_num
0.0,1.0,15.376492701206804,20480.496157637364,0.0,0.09338164940095718,1.0,11.282785167253351,8521.610298379888,0.0,0.08898400109214662,24.026871912987428,104.64042846509011,0,-001,1002202
13700.0,13.0,1.8815707113030762,1.6310484902583462e-10,0.0,0.0001,14.0,9.890909338356272,1e-10,0.0,0.0001,-1.0,-1.0,2,-001,1002202
