tphys,kstar_1,mass_1,lum_1,deltam_1,RRLO_1,kstar_2,mass_2,lum_2,deltam_2,RRLO_2,porb,sep,bin_state,merger_type,bin_num
0.0,1.0,7.177316691980322,2178.8965496828446,0.0,0.0021085692855688258,1.0,5.897438770759821,1173.1357429318984,0.0,0.0020462921246870995,13843.243624446144,5713.75559717551,0,-001,1002196
13700.0,13.0,1.27758353409753,1.2647211693734829e-10,0.0,0.0001,12.0,1.3567563098825883,5.690031357874712e-07,0.0,9.999999999999999e-05,-1.0,-1.0,2,-001,1002196
