tphys,kstar_1,mass_1,lum_1,deltam_1,RRLO_1,kstar_2,mass_2,lum_2,deltam_2,RRLO_2,porb,sep,bin_state,merger_type,bin_num
0.0,1.0,10.718712656270556,7334.871349469035,0.0,0.0009092127342490984,1.0,9.724248343997212,5498.720788735591,0.0,0.0008954371448777153,17684.17544381745,7807.69854105521,0,-001,1002224
13700.0,13.0,1.298331674579046,1.2739464380567623e-10,0.0,0.0001,13.0,1.27758353409753,1.2610393000197765e-10,0.0,0.0001,-1.0,-1.0,2,-001,1002224
