tphys,kstar_1,mass_1,lum_1,deltam_1,RRLO_1,kstar_2,mass_2,lum_2,deltam_2,RRLO_2,porb,sep,bin_state,merger_type,bin_num
0.0,1.0,6.170937402602369,1355.22348826615,0.0,0.003948935148674891,1.0,5.526356889424289,952.552446010014,0.0,0.0038837910835928854,9401.505775641732,4253.815443749178,0,-001,1002684
13700.0,13.0,1.242,1.2440777119981173e-10,0.0,0.0001,13.0,1.27758353409753,1.2697159809026382e-10,0.0,0.0001,-1.0,-1.0,2,-001,1002684
