tphys,kstar_1,mass_1,lum_1,deltam_1,RRLO_1,kstar_2,mass_2,lum_2,deltam_2,RRLO_2,porb,sep,bin_state,merger_type,bin_num
0.0,1.0,10.224565112749568,6382.286636487599,0.0,0.02318498951930447,1.0,5.372575409988501,869.7161061558916,0.0,0.02098630979275256,332.3531726921806,504.31293530490177,0,-001,1002130
13700.0,13.0,1.27758353409753,1.2606244180924181e-10,0.0,0.0001,13.0,1.4583138581283563,1.3811187554742087e-10,0.0,0.0001,-1.0,-1.0,2,-001,1002130
