tphys,kstar_1,mass_1,lum_1,deltam_1,RRLO_1,kstar_2,mass_2,lum_2,deltam_2,RRLO_2,porb,sep,bin_state,merger_type,bin_num
0.0,1.0,9.860087962980877,5730.676807116951,0.0,0.009048145022500958,1.0,9.077798530110206,4474.2679655291895,0.0,0.008931803978247187,570.6308351177951,771.4347894361703,0,-001,1002855
13700.0,13.0,1.27758353409753,1.2609205014196286e-10,0.0,0.0001,13.0,1.27758353409753,1.2618877854915827e-10,0.0,0.0001,-1.0,-1.0,2,-001,1002855
