tphys,kstar_1,mass_1,lum_1,deltam_1,RRLO_1,kstar_2,mass_2,lum_2,deltam_2,RRLO_2,porb,sep,bin_state,merger_type,bin_num
0.0,1.0,8.611113042043543,3814.229281027203,0.0,0.0001228975037685208,1.0,6.543506155766178,1631.214414159145,0.0,0.00011778759884194302,305538.97907210776,47225.65442184174,0,-001,1002958
13700.0,13.0,1.27758353409753,1.2622395121443664e-10,0.0,0.0001,13.0,1.27758353409753,1.2665261206620072e-10,0.0,0.0001,-1.0,-1.0,2,-001,1002958
