tphys,kstar_1,mass_1,lum_1,deltam_1,RRLO_1,kstar_2,mass_2,lum_2,deltam_2,RRLO_2,porb,sep,bin_state,merger_type,bin_num
0.0,1.0,14.753396708897512,18269.827758213825,0.0,0.001177398627984227,1.0,6.653819569687745,1719.323342251238,0.0,0.001038991187496805,22346.169054228685,9267.032347434899,0,-001,1002289
13700.0,13.0,2.175193565983346,1.7976946745846568e-10,0.0,0.0001,13.0,1.27758353409753,1.2661609645758625e-10,0.0,0.0001,-1.0,-1.0,2,-001,1002289
