tphys,kstar_1,mass_1,lum_1,deltam_1,RRLO_1,kstar_2,mass_2,lum_2,deltam_2,RRLO_2,porb,sep,bin_state,merger_type,bin_num
0.0,1.0,6.630377339414876,1700.350675984918,0.0,0.019177321446215805,1.0,4.733705533327812,575.9816495964661,0.0,0.018231351983465174,143.37173334606945,259.0830780034226,0,-001,1002525
13700.0,14.0,2.5561552797245133,1e-10,0.0,9.999999999999999e-05,15.0,0.0,2.326158274061386e-05,0.0,-1.0,0.0,0.0,1,1313,1002525
