tphys,kstar_1,mass_1,lum_1,deltam_1,RRLO_1,kstar_2,mass_2,lum_2,deltam_2,RRLO_2,porb,sep,bin_state,merger_type,bin_num
0.0,1.0,12.495751355122731,11442.569545655826,0.0,0.00023971920543764438,1.0,11.383354965398812,8744.495964036467,0.0,0.00023624553590786555,134716.31708806337,31834.989973930053,0,-001,1002854
13700.0,13.0,1.522751797408946,1.4165001951418786e-10,0.0,0.0001,13.0,1.382533018203109,1.3282971344419147e-10,0.0,0.0001,-1.0,-1.0,2,-001,1002854
