tphys,kstar_1,mass_1,lum_1,deltam_1,RRLO_1,kstar_2,mass_2,lum_2,deltam_2,RRLO_2,porb,sep,bin_state,merger_type,bin_num
0.0,1.0,7.0535746670216035,2063.965195499895,0.0,0.017106443179105715,1.0,3.7776213655503104,271.8036612083289,0.0,0.01558889020772978,2403.674556350414,1670.1717862563125,0,-001,1002934
13700.0,13.0,1.27758353409753,1.2650133183720793e-10,0.0,0.0001,13.0,1.27758353409753,1.2710442394270668e-10,0.0,0.0001,-1.0,-1.0,2,-001,1002934
