tphys,kstar_1,mass_1,lum_1,deltam_1,RRLO_1,kstar_2,mass_2,lum_2,deltam_2,RRLO_2,porb,sep,bin_state,merger_type,bin_num
0.0,1.0,13.425459268223973,14031.630306461288,0.0,0.0026217010225451517,1.0,11.326629146725695,8618.355000516814,0.0,0.002552930189160221,5792.270268676074,3954.1674300978707,0,-001,1002917
13700.0,13.0,1.6392817693875663,1.487817219373977e-10,0.0,0.0001,13.0,1.3759479629106184,1.324087848053048e-10,0.0,0.0001,-1.0,-1.0,2,-001,1002917
