tphys,kstar_1,mass_1,lum_1,deltam_1,RRLO_1,kstar_2,mass_2,lum_2,deltam_2,RRLO_2,porb,sep,bin_state,merger_type,bin_num
0.0,1.0,7.746209751961991,2759.420096034165,0.0,0.01471344315512661,1.0,6.006615208101431,1243.7901042462076,0.0,0.01415048551708281,697.9744585209942,793.0651858276976,0,-001,1002406
13700.0,13.0,1.27758353409753,1.2635630374336414e-10,0.0,0.0001,13.0,1.27758353409753,1.2667905805548103e-10,0.0,0.0001,-1.0,-1.0,2,-001,1002406
