tphys,kstar_1,mass_1,lum_1,deltam_1,RRLO_1,kstar_2,mass_2,lum_2,deltam_2,RRLO_2,porb,sep,bin_state,merger_type,bin_num
0.0,1.0,8.327671063677952,3444.9049565572614,0.0,0.03429556328385553,1.0,6.866152646769438,1897.3729120958365,0.0,0.033286746092854806,69.0223038654574,175.32097961489845,0,-001,1002358
13700.0,13.0,1.27758353409753,1.262626469684572e-10,0.0,0.0001,13.0,1.5018029388296386,1.4095732496345392e-10,0.0,0.0001,-1.0,-1.0,2,-001,1002358
