tphys,kstar_1,mass_1,lum_1,deltam_1,RRLO_1,kstar_2,mass_2,lum_2,deltam_2,RRLO_2,porb,sep,bin_state,merger_type,bin_num
0.0,1.0,15.612429247224929,21354.84275093861,0.0,0.017735396357409942,1.0,13.46948625730135,14161.904273551363,0.0,0.017335064587370632,244.97298827389596,506.49095736338,0,-001,1002918
13700.0,13.0,2.0975114273782727,1.7541281243929837e-10,0.0,0.0001,14.0,10.231132985255517,1e-10,0.0,0.0001,-1.0,-1.0,2,-001,1002918
