tphys,kstar_1,mass_1,lum_1,deltam_1,RRLO_1,kstar_2,mass_2,lum_2,deltam_2,RRLO_2,porb,sep,bin_state,merger_type,bin_num
0.0,1.0,10.079913633706905,6118.550107524153,0.0,0.001503620017911137,1.0,5.493671691068635,934.5346125548358,0.0,0.001368746538625656,16593.00680732178,6834.3647991200305,0,-001,1002801
13700.0,13.0,1.27758353409753,1.260738087442646e-10,0.0,0.0001,12.0,1.2899880482042425,5.437628898947861e-07,0.0,0.0001,-1.0,-1.0,2,-001,1002801
