tphys,kstar_1,mass_1,lum_1,deltam_1,RRLO_1,kstar_2,mass_2,lum_2,deltam_2,RRLO_2,porb,sep,bin_state,merger_type,bin_num
0.0,1.0,14.781409275678465,18366.15384763801,0.0,0.007029438156233843,1.0,9.019323812429148,4387.96684381641,0.0,0.0065056432648728894,15551.238562119574,7539.201088883186,0,-001,1002925
13700.0,13.0,2.1847999707442725,1.8029994467759356e-10,0.0,0.0001,13.0,1.27758353409753,1.2617203913183063e-10,0.0,0.0001,-1.0,-1.0,2,-001,1002925
