tphys,kstar_1,mass_1,lum_1,deltam_1,RRLO_1,kstar_2,mass_2,lum_2,deltam_2,RRLO_2,porb,sep,bin_state,merger_type,bin_num
0.0,1.0,7.290371180413199,2287.3893676713915,0.0,0.0016757371971033701,1.0,5.5164318649573945,947.0575672758049,0.0,0.0016060764914586528,8368.044624379674,4056.7800508801724,0,-001,1002155
13700.0,13.0,1.27758353409753,1.264467969436608e-10,0.0,0.0001,12.0,1.2923634207999064,5.445890242406294e-07,0.0,9.999999999999999e-05,-1.0,-1.0,2,-001,1002155
