tphys,kstar_1,mass_1,lum_1,deltam_1,RRLO_1,kstar_2,mass_2,lum_2,deltam_2,RRLO_2,porb,sep,bin_state,merger_type,bin_num
0.0,1.0,14.688688549150449,18048.416255999702,0.0,0.03680241993018597,1.0,11.276355904387607,8507.478673987514,0.0,0.035315098813771074,399.97267591297987,676.241468779978,0,-001,1002824
13700.0,13.0,1.8631273159305457,1.6205486414692908e-10,0.0,0.0001,14.0,9.08708767370366,1e-10,0.0,0.0001,-1.0,-1.0,2,-001,1002824
