tphys,kstar_1,mass_1,lum_1,deltam_1,RRLO_1,kstar_2,mass_2,lum_2,deltam_2,RRLO_2,porb,sep,bin_state,merger_type,bin_num
0.0,1.0,6.994435575970504,2010.4314618837766,0.0,0.04181019406765503,1.0,2.7597251137245182,91.88756901254516,0.0,0.03655598355921355,44.668190552409065,113.15682901870625,0,-001,1002928
13700.0,13.0,1.27758353409753,1.2651735710890188e-10,0.0,0.0001,13.0,1.27758353409753,1.2740192985089042e-10,0.0,0.0001,-1.0,-1.0,2,-001,1002928
