tphys,kstar_1,mass_1,lum_1,deltam_1,RRLO_1,kstar_2,mass_2,lum_2,deltam_2,RRLO_2,porb,sep,bin_state,merger_type,bin_num
0.0,1.0,9.0264687662773,4398.456051379449,0.0,0.05453929544853956,1.0,4.266365304703863,408.61885149415826,0.0,0.048650809516210945,39.880920067628374,116.32360883778638,0,-001,1002085
13700.0,13.0,1.27758353409753,1.2617403862153222e-10,0.0,0.0001,13.0,1.27758353409753,1.266142528588671e-10,0.0,0.0001,-1.0,-1.0,2,-001,1002085
