tphys,kstar_1,mass_1,lum_1,deltam_1,RRLO_1,kstar_2,mass_2,lum_2,deltam_2,RRLO_2,porb,sep,bin_state,merger_type,bin_num
0.0,1.0,8.736443508302258,3985.0753311886665,0.0,0.010057026118140699,1.0,7.7304652208174875,2742.17562049386,0.0,0.009867431587841917,982.5826708227368,1057.7961609231436,0,-001,1002976
13700.0,13.0,1.27758353409753,1.2620806391906988e-10,0.0,0.0001,13.0,1.27758353409753,1.263616816389437e-10,0.0,0.0001,-1.0,-1.0,2,-001,1002976
