tphys,kstar_1,mass_1,lum_1,deltam_1,RRLO_1,kstar_2,mass_2,lum_2,deltam_2,RRLO_2,porb,sep,bin_state,merger_type,bin_num
0.0,1.0,7.729961447641869,2741.6249804870354,0.0,0.11326272514832621,1.0,6.386262361635456,1510.714986212442,0.0,0.10998524126896383,11.776567281168848,52.626426805478474,0,-001,1002039
13700.0,13.0,1.27758353409753,1.263592510007311e-10,0.0,0.0001,13.0,1.4110198419276134,1.3526406453140587e-10,0.0,0.0001,-1.0,-1.0,2,-001,1002039
