tphys,kstar_1,mass_1,lum_1,deltam_1,RRLO_1,kstar_2,mass_2,lum_2,deltam_2,RRLO_2,porb,sep,bin_state,merger_type,bin_num
0.0,1.0,11.227671431519749,8400.925267747485,0.0,0.44983719051779264,1.0,9.519458856236884,5160.073589036982,0.0,0.4383435948819513,2.291735296514618,20.093127523729052,0,-001,1002638
13700.0,13.0,1.27758353409753,1.2599526371627186e-10,0.0,0.0001,14.0,4.092295277456899,1e-10,0.0,0.0001,-1.0,-1.0,2,-001,1002638
