tphys,kstar_1,mass_1,lum_1,deltam_1,RRLO_1,kstar_2,mass_2,lum_2,deltam_2,RRLO_2,porb,sep,bin_state,merger_type,bin_num
0.0,1.0,12.333224310806706,11021.4534487857,0.0,0.0019392417135172563,1.0,5.775364492900732,1097.2722337795838,0.0,0.0017224620343785826,5443.4778477652735,3418.4644593988914,0,-001,1002731
13700.0,13.0,1.5023153817623303,1.4038135907368442e-10,0.0,0.0001,12.0,1.338681935130993,5.622123632571884e-07,0.0,0.0001,-1.0,-1.0,2,-001,1002731
