tphys,kstar_1,mass_1,lum_1,deltam_1,RRLO_1,kstar_2,mass_2,lum_2,deltam_2,RRLO_2,porb,sep,bin_state,merger_type,bin_num
0.0,1.0,8.576014317539391,3767.2177873456526,0.0,0.00037993779858664414,1.0,5.1645779716625775,765.356563424575,0.0,0.0003515304284051557,56435.99677842515,14824.879699692363,0,-001,1002851
13700.0,13.0,1.27758353409753,1.262285293464581e-10,0.0,0.0001,12.0,1.237291857472808,5.242666611745181e-07,0.0,9.999999999999999e-05,-1.0,-1.0,2,-001,1002851
