tphys,kstar_1,mass_1,lum_1,deltam_1,RRLO_1,kstar_2,mass_2,lum_2,deltam_2,RRLO_2,porb,sep,bin_state,merger_type,bin_num
0.0,1.0,7.893118049835057,2923.6284401481935,0.0,0.12238897430668098,1.0,4.076429906203314,351.05286773970073,0.0,0.11078675239961941,10.262363993077127,45.44395133088971,0,-001,1002616
13700.0,13.0,1.242,1.2396794706139445e-10,0.0,0.0001,13.0,1.27758353409753,1.2670548239227966e-10,0.0,0.0001,-1.0,-1.0,2,-001,1002616
