tphys,kstar_1,mass_1,lum_1,deltam_1,RRLO_1,kstar_2,mass_2,lum_2,deltam_2,RRLO_2,porb,sep,bin_state,merger_type,bin_num
0.0,1.0,6.847348702600791,1881.1505350396699,0.0,0.03879798723496192,1.0,5.2123207448757025,788.5438094132832,0.0,0.03722939437715404,73.84085728281272,169.7962840179908,0,-001,1002639
13700.0,13.0,1.27758353409753,1.2655411139755468e-10,0.0,0.0001,13.0,1.27758353409753,1.2691584025170857e-10,0.0,0.0001,-1.0,-1.0,2,-001,1002639
