tphys,kstar_1,mass_1,lum_1,deltam_1,RRLO_1,kstar_2,mass_2,lum_2,deltam_2,RRLO_2,porb,sep,bin_state,merger_type,bin_num
0.0,1.0,8.870276354446505,4172.683717953504,0.0,0.012658888401138492,1.0,8.658528683084185,3878.3164377008084,0.0,0.01261123590645028,303.6688319017851,493.7072174811549,0,-001,1002529
13700.0,13.0,1.27758353409753,1.261918556490532e-10,0.0,0.0001,13.0,1.27758353409753,1.2621785609864745e-10,0.0,0.0001,-1.0,-1.0,2,-001,1002529
