tphys,kstar_1,mass_1,lum_1,deltam_1,RRLO_1,kstar_2,mass_2,lum_2,deltam_2,RRLO_2,porb,sep,bin_state,merger_type,bin_num
0.0,1.0,9.358145458327881,4902.5838074013545,0.0,0.016901644491216047,1.0,7.190950952114124,2191.8032194100383,0.0,0.016222863223270084,410.80979011470635,592.4301855476937,0,-001,1002198
13700.0,13.0,1.27758353409753,1.2613865393859725e-10,0.0,0.0001,13.0,1.6056451305438677,1.472694092947973e-10,0.0,0.0001,-1.0,-1.0,2,-001,1002198
