tphys,kstar_1,mass_1,lum_1,deltam_1,RRLO_1,kstar_2,mass_2,lum_2,deltam_2,RRLO_2,porb,sep,bin_state,merger_type,bin_num
0.0,1.0,13.864123670308015,15360.84408940872,0.0,0.0004132823554201711,1.0,13.80844741918464,15188.284098566488,0.0,0.00041302419956922053,114953.03405459787,30082.599116292873,0,-001,1002511
13700.0,13.0,1.8113801209731069,1.5905520437867296e-10,0.0,0.0001,13.0,1.7898945527079066,1.5779090455979077e-10,0.0,0.0001,-1.0,-1.0,2,-001,1002511
