tphys,kstar_1,mass_1,lum_1,deltam_1,RRLO_1,kstar_2,mass_2,lum_2,deltam_2,RRLO_2,porb,sep,bin_state,merger_type,bin_num
0.0,1.0,8.489089589782854,3652.3514706150504,0.0,0.0019048774866903119,1.0,6.877129372560893,1906.8838382136505,0.0,0.0018437676190171152,7128.1480010316145,3873.6945395279536,0,-001,1002423
13700.0,13.0,1.27758353409753,1.2624012028232909e-10,0.0,0.0001,13.0,1.27758353409753,1.2654602988304614e-10,0.0,0.0001,-1.0,-1.0,2,-001,1002423
