tphys,kstar_1,mass_1,lum_1,deltam_1,RRLO_1,kstar_2,mass_2,lum_2,deltam_2,RRLO_2,porb,sep,bin_state,merger_type,bin_num
0.0,1.0,11.015314875520716,7945.53757014319,0.0,0.011422980506162743,1.0,9.002188307768664,4362.874148144399,0.0,0.011067248305555118,1249.9043880966476,1325.3778978379921,0,-001,1002157
13700.0,13.0,1.3359307252144068,1.298351861156413e-10,0.0,0.0001,13.0,1.4604609773518504,1.380175181057811e-10,0.0,0.0001,-1.0,-1.0,2,-001,1002157
