tphys,kstar_1,mass_1,lum_1,deltam_1,RRLO_1,kstar_2,mass_2,lum_2,deltam_2,RRLO_2,porb,sep,bin_state,merger_type,bin_num
0.0,1.0,8.153720070996567,3229.7875907478847,0.0,0.16351998263308165,1.0,7.093968750928818,2101.047490381,0.0,0.16003418891104254,11.317246067476272,52.583207340611935,0,-001,1002454
13700.0,13.0,1.27758353409753,1.2628799858377016e-10,0.0,0.0001,13.0,1.539352492394237,1.4325328674680264e-10,0.0,0.0001,-1.0,-1.0,2,-001,1002454
