tphys,kstar_1,mass_1,lum_1,deltam_1,RRLO_1,kstar_2,mass_2,lum_2,deltam_2,RRLO_2,porb,sep,bin_state,merger_type,bin_num
0.0,1.0,19.245193351218017,37412.18431865676,0.0,0.36020203125341316,1.0,13.129171346032358,13173.03611155015,0.0,0.3397323901110731,33.283355786043465,138.72999903824325,0,-001,1002421
13700.0,13.0,2.1666861984420316,1.7918056804653306e-10,0.0,0.0001,14.0,17.42538165681446,1e-10,0.0,0.0001,-1.0,-1.0,2,-001,1002421
