tphys,kstar_1,mass_1,lum_1,deltam_1,RRLO_1,kstar_2,mass_2,lum_2,deltam_2,RRLO_2,porb,sep,bin_state,merger_type,bin_num
0.0,1.0,9.05743877950844,4444.1014155825715,0.0,0.0614778730644073,1.0,5.393836278535034,880.8772072010928,0.0,0.05676290488125008,42.665584210192364,125.113953289545,0,-001,1002988
13700.0,13.0,1.27758353409753,1.2617063361274506e-10,0.0,0.0001,13.0,1.3843522590476502,1.3349673180930285e-10,0.0,0.0001,-1.0,-1.0,2,-001,1002988
