tphys,kstar_1,mass_1,lum_1,deltam_1,RRLO_1,kstar_2,mass_2,lum_2,deltam_2,RRLO_2,porb,sep,bin_state,merger_type,bin_num
0.0,1.0,15.545903006105355,21106.229866359965,0.0,0.08548889308759741,1.0,7.2767989650979015,2274.1875006607706,0.0,0.07588076045529579,30.341998249374207,116.08346573360537,0,-001,1002553
13700.0,13.0,1.8858821177319882,1.6334995378905645e-10,0.0,0.0001,14.0,4.173707437586488,1e-10,0.0,0.0001,-1.0,-1.0,2,-001,1002553
