tphys,kstar_1,mass_1,lum_1,deltam_1,RRLO_1,kstar_2,mass_2,lum_2,deltam_2,RRLO_2,porb,sep,bin_state,merger_type,bin_num
0.0,1.0,18.08983576664964,31777.211960136287,0.0,0.3375884794999486,1.0,10.168639827645176,6279.5160126699275,0.0,0.30866330512001283,12.912411862263372,70.52445144942868,0,-001,1002859
13700.0,13.0,1.93616584442692,1.661938978365883e-10,0.0,0.0001,14.0,11.786879701544242,1e-10,0.0,9.999999999999999e-05,-1.0,-1.0,2,-001,1002859
