tphys,kstar_1,mass_1,lum_1,deltam_1,RRLO_1,kstar_2,mass_2,lum_2,deltam_2,RRLO_2,porb,sep,bin_state,merger_type,bin_num
0.0,1.0,15.566920993205631,21184.59917299676,0.0,0.008455359650635708,1.0,6.166230459547533,1351.945343674542,0.0,0.007310272860049757,1722.8297137288441,1687.1525960170848,0,-001,1002045
13700.0,13.0,2.5236003726688745,1.9855315070993823e-10,0.0,0.0001,13.0,1.27758353409753,1.26710633595258e-10,0.0,0.0001,-1.0,-1.0,2,-001,1002045
