tphys,kstar_1,mass_1,lum_1,deltam_1,RRLO_1,kstar_2,mass_2,lum_2,deltam_2,RRLO_2,porb,sep,bin_state,merger_type,bin_num
0.0,1.0,10.894956179437003,7694.183228652321,0.0,0.07736005724760107,1.0,10.609745933861564,7117.89225857349,0.0,0.07703889778070451,226.07977932697142,434.1477128575468,0,-001,1002140
13700.0,13.0,1.2956146410049034,1.2720436342215654e-10,0.0,0.0001,13.0,1.2845095425000157,1.2649177134473808e-10,0.0,0.0001,-1.0,-1.0,2,-001,1002140
