tphys,kstar_1,mass_1,lum_1,deltam_1,RRLO_1,kstar_2,mass_2,lum_2,deltam_2,RRLO_2,porb,sep,bin_state,merger_type,bin_num
0.0,1.0,15.166316249228913,19718.872839938856,0.0,0.3376860447873864,1.0,10.53178584408792,6965.068547789058,0.0,0.3189881007289239,3.572350950424389,29.010484942652795,0,-001,1002586
13700.0,13.0,1.607120886035981,1.4676006372081585e-10,0.0,0.0001,14.0,9.520870897296277,1e-10,0.0,9.999999999999999e-05,-1.0,-1.0,2,-001,1002586
