tphys,kstar_1,mass_1,lum_1,deltam_1,RRLO_1,kstar_2,mass_2,lum_2,deltam_2,RRLO_2,porb,sep,bin_state,merger_type,bin_num
0.0,1.0,9.602302385871742,5295.474536229839,0.0,0.10566953628301325,1.0,3.754557454772467,266.23641301104095,0.0,0.09159536546622772,13.170639183344225,55.66615840301363,0,-001,1002869
13700.0,13.0,1.27758353409753,1.2611429683749379e-10,0.0,0.0001,13.0,1.27758353409753,1.2657194484948757e-10,0.0,0.0001,-1.0,-1.0,2,-001,1002869
