tphys,kstar_1,mass_1,lum_1,deltam_1,RRLO_1,kstar_2,mass_2,lum_2,deltam_2,RRLO_2,porb,sep,bin_state,merger_type,bin_num
0.0,1.0,10.25071560575712,6430.690845918266,0.0,0.00573369633906673,1.0,5.807492747131152,1116.9203809598464,0.0,0.005249704455850157,1300.7075966843126,1264.6510454198906,0,-001,1002733
13700.0,13.0,1.27758353409753,1.2606043795168496e-10,0.0,0.0001,12.0,1.3449456014030436,5.646073735360329e-07,0.0,0.0001,-1.0,-1.0,2,-001,1002733
