tphys,kstar_1,mass_1,lum_1,deltam_1,RRLO_1,kstar_2,mass_2,lum_2,deltam_2,RRLO_2,porb,sep,bin_state,merger_type,bin_num
0.0,1.0,11.281803352600944,8519.451344547002,0.0,0.5009716061440829,1.0,6.99707541135342,2012.8019797002962,0.0,0.46491686437847235,1.9116214799520224,17.068800879629134,0,-001,1002517
13700.0,13.0,1.27758353409753,1.260006195810809e-10,0.0,0.0001,13.0,2.4940161787288075,1.9752086829042517e-10,0.0,0.0001,-1.0,-1.0,2,-001,1002517
