tphys,kstar_1,mass_1,lum_1,deltam_1,RRLO_1,kstar_2,mass_2,lum_2,deltam_2,RRLO_2,porb,sep,bin_state,merger_type,bin_num
0.0,1.0,7.288976751255323,2286.030750524636,0.0,0.008285047432225872,1.0,5.9945778412790895,1235.8686741207257,0.0,0.008041064014808573,558.0169979698182,675.2868311883599,0,-001,1002589
13700.0,13.0,1.27758353409753,1.264471017427073e-10,0.0,0.0001,12.0,1.378116498293248,5.773456515879882e-07,0.0,0.0001,-1.0,-1.0,2,-001,1002589
