tphys,kstar_1,mass_1,lum_1,deltam_1,RRLO_1,kstar_2,mass_2,lum_2,deltam_2,RRLO_2,porb,sep,bin_state,merger_type,bin_num
0.0,1.0,11.46208982001848,8921.398600966902,0.0,0.00042694904886167895,1.0,5.313424458944621,839.1502155405951,0.0,0.00037882256682408107,156256.12726635757,31241.739866431493,0,-001,1002316
13700.0,13.0,1.3924641652223533,1.3346362271856496e-10,0.0,0.0001,12.0,1.2581374159814274,5.317742244131824e-07,0.0,9.999999999999999e-05,-1.0,-1.0,2,-001,1002316
