tphys,kstar_1,mass_1,lum_1,deltam_1,RRLO_1,kstar_2,mass_2,lum_2,deltam_2,RRLO_2,porb,sep,bin_state,merger_type,bin_num
0.0,1.0,10.066270038600349,6094.023954825314,0.0,0.1150887230127159,1.0,9.597620217683087,5287.764380605957,0.0,0.11423213165596152,16.982242744418194,75.01908052597393,0,-001,1002969
13700.0,13.0,1.27758353409753,1.2607469959032718e-10,0.0,0.0001,14.0,3.000766563223169,1e-10,0.0,9.999999999999999e-05,-1.0,-1.0,2,-001,1002969
