tphys,kstar_1,mass_1,lum_1,deltam_1,RRLO_1,kstar_2,mass_2,lum_2,deltam_2,RRLO_2,porb,sep,bin_state,merger_type,bin_num
0.0,1.0,7.538879718696863,2537.7727553450422,0.0,0.028996773406666242,1.0,3.0649080878927166,132.7521644541288,0.0,0.025396587538386757,208.58234826554664,325.0553147040788,0,-001,1002070
13700.0,13.0,1.27758353409753,1.263968497527138e-10,0.0,0.0001,13.0,1.27758353409753,1.2712451632538064e-10,0.0,0.0001,-1.0,-1.0,2,-001,1002070
