tphys,kstar_1,mass_1,lum_1,deltam_1,RRLO_1,kstar_2,mass_2,lum_2,deltam_2,RRLO_2,porb,sep,bin_state,merger_type,bin_num
0.0,1.0,16.94279436221163,26669.608400506706,0.0,0.2767087424158235,1.0,8.058407181706611,3115.587213768151,0.0,0.2462788128674704,44.661992195526544,154.84514080466997,0,-001,1002927
13700.0,13.0,1.8199854452270308,1.59468095421408e-10,0.0,0.0001,14.0,7.970897854745262,1e-10,0.0,0.0001,-1.0,-1.0,2,-001,1002927
