tphys,kstar_1,mass_1,lum_1,deltam_1,RRLO_1,kstar_2,mass_2,lum_2,deltam_2,RRLO_2,porb,sep,bin_state,merger_type,bin_num
0.0,1.0,9.868207682418724,5744.728083573809,0.0,0.004963531655306272,1.0,7.2129046762901305,2212.6873954478074,0.0,0.004726851535524572,1327.6442571087377,1308.715031687486,0,-001,1002320
13700.0,13.0,1.27758353409753,1.2609135455080594e-10,0.0,0.0001,13.0,1.27758353409753,1.2646333075997947e-10,0.0,0.0001,-1.0,-1.0,2,-001,1002320
