tphys,kstar_1,mass_1,lum_1,deltam_1,RRLO_1,kstar_2,mass_2,lum_2,deltam_2,RRLO_2,porb,sep,bin_state,merger_type,bin_num
0.0,1.0,8.524331781641303,3698.6545806967492,0.0,0.0004970667287364186,1.0,7.607893160460565,2610.2508799316774,0.0,0.0004883596268135603,38945.310530909715,12212.936445227828,0,-001,1002412
13700.0,13.0,1.27758353409753,1.2623537678968394e-10,0.0,0.0001,13.0,1.27758353409753,1.2638194913683507e-10,0.0,0.0001,-1.0,-1.0,2,-001,1002412
