tphys,kstar_1,mass_1,lum_1,deltam_1,RRLO_1,kstar_2,mass_2,lum_2,deltam_2,RRLO_2,porb,sep,bin_state,merger_type,bin_num
0.0,1.0,7.2952013225362276,2292.0994262334575,0.0,0.0005259499520150284,1.0,6.239359807882876,1403.456267217011,0.0,0.0005135039988322253,58986.14499958636,15191.475658140995,0,-001,1002340
13700.0,13.0,1.27758353409753,1.2644574300876242e-10,0.0,0.0001,13.0,1.242,1.2438081113816535e-10,0.0,0.0001,-1.0,-1.0,2,-001,1002340
