tphys,kstar_1,mass_1,lum_1,deltam_1,RRLO_1,kstar_2,mass_2,lum_2,deltam_2,RRLO_2,porb,sep,bin_state,merger_type,bin_num
0.0,1.0,6.626684936717192,1697.3745700018824,0.0,0.006115586109748158,1.0,2.835863012558253,101.1510698610439,0.0,0.0054114790749820365,868.9281503392414,810.2340726132671,0,-001,1002832
13700.0,13.0,1.27758353409753,1.2662514092184988e-10,0.0,0.0001,13.0,1.27758353409753,1.2756334824091283e-10,0.0,0.0001,-1.0,-1.0,2,-001,1002832
