tphys,kstar_1,mass_1,lum_1,deltam_1,RRLO_1,kstar_2,mass_2,lum_2,deltam_2,RRLO_2,porb,sep,bin_state,merger_type,bin_num
0.0,1.0,8.76407630800701,4023.372121858141,0.0,0.0005262483234936439,1.0,5.538857226836886,959.5025672507978,0.0,0.0004903795303647371,131228.77721118266,26370.173565222092,0,-001,1002892
13700.0,13.0,1.27758353409753,1.262046549281547e-10,0.0,0.0001,12.0,1.295294689790273,5.456547757523502e-07,0.0,9.999999999999999e-05,-1.0,-1.0,2,-001,1002892
