tphys,kstar_1,mass_1,lum_1,deltam_1,RRLO_1,kstar_2,mass_2,lum_2,deltam_2,RRLO_2,porb,sep,bin_state,merger_type,bin_num
0.0,1.0,7.842074672620753,2865.8952189979077,0.0,0.0009113287195040159,1.0,6.1804976238865486,1361.8974630921368,0.0,0.0008785866002762194,103896.43732392041,22419.61892037558,0,-001,1002324
13700.0,13.0,1.27758353409753,1.2633935230857579e-10,0.0,0.0001,13.0,1.242,1.244022537498572e-10,0.0,0.0001,-1.0,-1.0,2,-001,1002324
