tphys,kstar_1,mass_1,lum_1,deltam_1,RRLO_1,kstar_2,mass_2,lum_2,deltam_2,RRLO_2,porb,sep,bin_state,merger_type,bin_num
0.0,1.0,9.98521789347541,5949.559588407735,0.0,0.0006943444584067816,1.0,5.135730210433713,751.564463568645,0.0,0.0006265848039485275,34054.976941936155,10929.458064227068,0,-001,1002440
13700.0,13.0,1.27758353409753,1.2608151883943892e-10,0.0,0.0001,12.0,1.23047292069262,5.216391124386135e-07,0.0,9.999999999999999e-05,-1.0,-1.0,2,-001,1002440
