tphys,kstar_1,mass_1,lum_1,deltam_1,RRLO_1,kstar_2,mass_2,lum_2,deltam_2,RRLO_2,porb,sep,bin_state,merger_type,bin_num
0.0,1.0,13.112878456512256,13126.73458302983,0.0,0.12998144608251785,1.0,12.473569224026091,11384.546306380193,0.0,0.12897129058094622,12.104380448484287,65.35070369697476,0,-001,1002814
13700.0,13.0,1.5173492497943006,1.4128496707266645e-10,0.0,0.0001,14.0,9.740963731426188,1e-10,0.0,0.0001,-1.0,-1.0,2,-001,1002814
