tphys,kstar_1,mass_1,lum_1,deltam_1,RRLO_1,kstar_2,mass_2,lum_2,deltam_2,RRLO_2,porb,sep,bin_state,merger_type,bin_num
0.0,1.0,6.626782997029817,1697.4535641984564,0.0,0.010047920434543561,1.0,6.22767029445776,1395.1389220132025,0.0,0.009953247627611083,538.0574190771906,651.9118062861322,0,-001,1002453
13700.0,13.0,1.27758353409753,1.2662510865496063e-10,0.0,0.0001,13.0,1.27758353409753,1.2684092821317852e-10,0.0,0.0001,-1.0,-1.0,2,-001,1002453
