tphys,kstar_1,mass_1,lum_1,deltam_1,RRLO_1,kstar_2,mass_2,lum_2,deltam_2,RRLO_2,porb,sep,bin_state,merger_type,bin_num
0.0,1.0,9.067313951963634,4458.717434071841,0.0,0.17052952679749256,1.0,5.167803835948061,766.9090474662813,0.0,0.15641167174729395,6.89227793797517,36.92445580647143,0,-001,1002226
13700.0,13.0,1.27758353409753,1.2616877025218378e-10,0.0,0.0001,13.0,1.4030028299503916,1.3465361300571942e-10,0.0,0.0001,-1.0,-1.0,2,-001,1002226
