tphys,kstar_1,mass_1,lum_1,deltam_1,RRLO_1,kstar_2,mass_2,lum_2,deltam_2,RRLO_2,porb,sep,bin_state,merger_type,bin_num
0.0,1.0,10.480675696164859,6865.967122258917,0.0,0.12709009712662414,1.0,7.030529752932075,2042.9978510951335,0.0,0.1194127082662317,9.886127191181561,50.320085489205375,0,-001,1002069
13700.0,13.0,1.27758353409753,1.2604288981844726e-10,0.0,0.0001,13.0,1.8738576366799786,1.632072552105525e-10,0.0,0.0001,-1.0,-1.0,2,-001,1002069
