tphys,kstar_1,mass_1,lum_1,deltam_1,RRLO_1,kstar_2,mass_2,lum_2,deltam_2,RRLO_2,porb,sep,bin_state,merger_type,bin_num
0.0,1.0,6.777414044154461,1821.59592995121,0.0,0.032411856762615626,1.0,6.4358519661988245,1548.0761091799577,0.0,0.032156704639227596,237.5820400294179,381.50276587459416,0,-001,1002640
13700.0,14.0,2.5199815144845625,1e-10,0.0,0.0001,15.0,0.0,2.964538784736365e-10,0.0,-1.0,0.0,0.0,1,1313,1002640
