tphys,kstar_1,mass_1,lum_1,deltam_1,RRLO_1,kstar_2,mass_2,lum_2,deltam_2,RRLO_2,porb,sep,bin_state,merger_type,bin_num
0.0,1.0,9.924322950006566,5842.412680456153,0.0,0.0005940797393820417,1.0,5.301680747755693,833.1663452137919,0.0,0.0005392146713580491,76873.53945605038,18850.886941074223,0,-001,1002323
13700.0,13.0,1.27758353409753,1.260865940629006e-10,0.0,0.0001,12.0,1.2554031717040084,5.30716521136771e-07,0.0,9.999999999999999e-05,-1.0,-1.0,2,-001,1002323
