tphys,kstar_1,mass_1,lum_1,deltam_1,RRLO_1,kstar_2,mass_2,lum_2,deltam_2,RRLO_2,porb,sep,bin_state,merger_type,bin_num
0.0,1.0,7.9257747370368286,2960.946426229842,0.0,0.0016028427148468874,1.0,7.395809982084067,2391.610872086982,0.0,0.0015857598732064405,7318.511009915253,3938.5371175112846,0,-001,1002779
13700.0,13.0,1.27758353409753,1.2632507520976323e-10,0.0,0.0001,13.0,1.27758353409753,1.2642425145488316e-10,0.0,0.0001,-1.0,-1.0,2,-001,1002779
