tphys,kstar_1,mass_1,lum_1,deltam_1,RRLO_1,kstar_2,mass_2,lum_2,deltam_2,RRLO_2,porb,sep,bin_state,merger_type,bin_num
0.0,1.0,6.811074327865068,1850.107274022549,0.0,0.003929735236489167,1.0,6.104803020745259,1309.632383309274,0.0,0.0038646857342375237,1568.7049848036036,1332.5618689781638,0,-001,1002233
13700.0,13.0,1.27758353409753,1.2656396358567928e-10,0.0,0.0001,13.0,1.242,1.2443047626256263e-10,0.0,0.0001,-1.0,-1.0,2,-001,1002233
