tphys,kstar_1,mass_1,lum_1,deltam_1,RRLO_1,kstar_2,mass_2,lum_2,deltam_2,RRLO_2,porb,sep,bin_state,merger_type,bin_num
0.0,1.0,6.233380474096505,1399.1978598183473,0.0,0.07347690492075304,1.0,5.101464892038145,735.3945753945568,0.0,0.07129882617173644,100.55728697322262,204.34599249569794,0,-001,1002946
13700.0,13.0,1.242,1.2437255365241263e-10,0.0,0.0001,13.0,1.27758353409753,1.2701351839120523e-10,0.0,0.0001,-1.0,-1.0,2,-001,1002946
