tphys,kstar_1,mass_1,lum_1,deltam_1,RRLO_1,kstar_2,mass_2,lum_2,deltam_2,RRLO_2,porb,sep,bin_state,merger_type,bin_num
0.0,1.0,8.819589355267105,4100.998595980349,0.0,0.12484379981752072,1.0,5.001874418952612,689.6935635159543,0.0,0.11444944962210632,12.985174491200297,55.77442477786955,0,-001,1002385
13700.0,13.0,1.27758353409753,1.2619718125889314e-10,0.0,0.0001,13.0,1.3316282283029255,1.300865024752587e-10,0.0,0.0001,-1.0,-1.0,2,-001,1002385
