tphys,kstar_1,mass_1,lum_1,deltam_1,RRLO_1,kstar_2,mass_2,lum_2,deltam_2,RRLO_2,porb,sep,bin_state,merger_type,bin_num
0.0,1.0,6.300768882066655,1447.6750364704544,0.0,0.004434645979489321,1.0,4.4537674128166485,471.2105754868922,0.0,0.004211198320063322,8412.813890296851,3840.9911887907474,0,-001,1002062
13700.0,13.0,1.27758353409753,1.2673636640603337e-10,0.0,0.0001,12.0,1.3106237141474237,5.595670776507005e-07,0.0,0.0001,-1.0,-1.0,2,-001,1002062
