tphys,kstar_1,mass_1,lum_1,deltam_1,RRLO_1,kstar_2,mass_2,lum_2,deltam_2,RRLO_2,porb,sep,bin_state,merger_type,bin_num
0.0,1.0,6.666614331195476,1729.7355919268136,0.0,0.029121792421943835,1.0,5.304168899667925,834.4318223755336,0.0,0.028132634968606306,109.686419450884,220.50984744288036,0,-001,1002364
13700.0,14.0,2.5559061469842814,1e-10,0.0,0.0001,15.0,0.0,1.738406603708481e-06,0.0,-1.0,0.0,0.0,1,1313,1002364
