tphys,kstar_1,mass_1,lum_1,deltam_1,RRLO_1,kstar_2,mass_2,lum_2,deltam_2,RRLO_2,porb,sep,bin_state,merger_type,bin_num
0.0,1.0,12.914892215299151,12571.669093867678,0.0,0.038737132058991,1.0,5.71377304332677,1060.2352871883304,0.0,0.034097452381883275,252.35790522808205,445.33867793511365,0,-001,1002261
13700.0,13.0,1.5449533458335025,1.4301103074541018e-10,0.0,0.0001,13.0,1.893724601987459,1.6426470411027609e-10,0.0,0.0001,-1.0,-1.0,2,-001,1002261
