tphys,kstar_1,mass_1,lum_1,deltam_1,RRLO_1,kstar_2,mass_2,lum_2,deltam_2,RRLO_2,porb,sep,bin_state,merger_type,bin_num
0.0,1.0,17.483818680885467,29018.135499029915,0.0,0.6983307769475373,1.0,11.316760260775318,8596.521577079207,0.0,0.6527844729155453,4.765193260435088,36.515112690570334,0,-001,1002036
13700.0,13.0,1.803561703391853,1.5849184662771814e-10,0.0,0.0001,14.0,13.240005285802857,1e-10,0.0,0.0001,-1.0,-1.0,2,-001,1002036
