tphys,kstar_1,mass_1,lum_1,deltam_1,RRLO_1,kstar_2,mass_2,lum_2,deltam_2,RRLO_2,porb,sep,bin_state,merger_type,bin_num
0.0,1.0,17.62898879416864,29666.71373423542,0.0,0.2963141006238268,1.0,9.5344355691476,5184.3921888414525,0.0,0.2692238512398104,4.860708781251586,36.286615892805315,0,-001,1002461
13700.0,13.0,1.9313454351941362,1.6592557732121924e-10,0.0,0.0001,14.0,10.329037944722685,1e-10,0.0,9.999999999999999e-05,-1.0,-1.0,2,-001,1002461
