tphys,kstar_1,mass_1,lum_1,deltam_1,RRLO_1,kstar_2,mass_2,lum_2,deltam_2,RRLO_2,porb,sep,bin_state,merger_type,bin_num
0.0,1.0,38.480977948325965,197033.983724337,0.0,0.02964450541081069,1.0,38.171543871941964,193598.0762335644,0.0,0.029618925516811858,242.57484388851657,695.0636066639037,0,-001,1002507
5.907628316853147,14.0,14.75197790196152,1e-10,-4.0972597707565526e-07,3.0825455764546346e-05,7.0,14.968766907322147,421549.7212887557,-3.1980222068714134e-07,0.6065216168496066,0.27158533581569616,5.464821748567841,0,-001,1002507
5.917628316853147,14.0,14.752063295953587,1e-10,8.512826571436003e-09,3.080799603044709e-05,7.0,14.965448616354282,424041.3055949737,-3.3322667658282705e-07,0.5999021010420454,0.2717384597276109,5.466677426527902,0,-001,1002507
5.927628316853147,14.0,14.75214806317499,1e-10,8.44057524536387e-09,3.0792283349412976e-05,7.0,14.96210096718512,426528.9888299294,-3.361647701695536e-07,0.5924604273632078,0.2718764194645632,5.468327383641003,0,-001,1002507
5.9376283168531465,14.0,14.752232602927045,1e-10,8.972344406523957e-09,3.076241172066871e-05,8.0,14.958705713364724,446197.45422347996,-3.5818912281172814e-07,0.5918733125456027,0.2722559865368468,5.473212472805043,0,-001,1002507
5.947628316853146,14.0,14.752282855282846,1e-10,0.0,3.0148481700090907e-05,14.0,14.45672859631622,1e-10,0.0,2.9818938867223347e-05,0.28206833756905036,5.572204829378893,0,-001,1002507
13700.0,15.0,0.0,1e-10,0.0,-1.0,14.0,29.209011451599068,1e-10,0.0,9.999999999999999e-05,0.0,0.0,1,1414,1002507
