tphys,kstar_1,mass_1,lum_1,deltam_1,RRLO_1,kstar_2,mass_2,lum_2,deltam_2,RRLO_2,porb,sep,bin_state,merger_type,bin_num
0.0,1.0,19.02102200923793,36280.499975933046,0.0,0.13905573466506346,1.0,17.711790860113368,30040.136291403876,0.0,0.1375810822123027,15.3999087567371,86.55962918655803,0,-001,1002446
13700.0,13.0,2.4581815303417085,1.9499716160996258e-10,0.0,0.0001,14.0,25.1151061480324,1e-10,0.0,9.999999999999999e-05,-1.0,-1.0,2,-001,1002446
