tphys,kstar_1,mass_1,lum_1,deltam_1,RRLO_1,kstar_2,mass_2,lum_2,deltam_2,RRLO_2,porb,sep,bin_state,merger_type,bin_num
0.0,1.0,11.532702329093022,9081.855946087899,0.0,0.288923377604711,1.0,8.776446711642281,4040.590381946267,0.0,0.27681146075338886,26.98807295958764,103.26751331585166,0,-001,1002802
13700.0,13.0,1.27758353409753,1.2597719691659222e-10,0.0,0.0001,14.0,3.3133542946887466,1e-10,0.0,0.0001,-1.0,-1.0,2,-001,1002802
