tphys,kstar_1,mass_1,lum_1,deltam_1,RRLO_1,kstar_2,mass_2,lum_2,deltam_2,RRLO_2,porb,sep,bin_state,merger_type,bin_num
0.0,1.0,6.3573127726680525,1489.174830418063,0.0,0.029299156941714446,1.0,5.1322838252933405,749.9276972878544,0.0,0.028370853982465007,78.75695330307425,174.4132300569143,0,-001,1002238
13700.0,13.0,1.242288890296411,1.2470617230076387e-10,0.0,0.0001,13.0,1.27758353409753,1.2706900852875867e-10,0.0,0.0001,-1.0,-1.0,2,-001,1002238
