tphys,kstar_1,mass_1,lum_1,deltam_1,RRLO_1,kstar_2,mass_2,lum_2,deltam_2,RRLO_2,porb,sep,bin_state,merger_type,bin_num
0.0,1.0,8.694481668411212,3927.3549224225935,0.0,0.0031302170068709515,1.0,5.0708579412993116,721.1449291053499,0.0,0.0028819918162420037,3555.4057649090323,2348.5887977361103,0,-001,1002072
13700.0,13.0,1.27758353409753,1.2621330474133433e-10,0.0,0.0001,12.0,1.2189818232506413,5.173677447403381e-07,0.0,9.999999999999999e-05,-1.0,-1.0,2,-001,1002072
