tphys,kstar_1,mass_1,lum_1,deltam_1,RRLO_1,kstar_2,mass_2,lum_2,deltam_2,RRLO_2,porb,sep,bin_state,merger_type,bin_num
0.0,1.0,7.002028331843086,2017.2544089549358,0.0,0.029157706379576626,1.0,5.632626941690253,1012.6914476276163,0.0,0.028208466470020118,80.01780691671556,181.94108848290153,0,-001,1002328
13700.0,13.0,1.27758353409753,1.2651399269872736e-10,0.0,0.0001,13.0,1.27758353409753,1.2682524288138273e-10,0.0,0.0001,-1.0,-1.0,2,-001,1002328
