tphys,kstar_1,mass_1,lum_1,deltam_1,RRLO_1,kstar_2,mass_2,lum_2,deltam_2,RRLO_2,porb,sep,bin_state,merger_type,bin_num
0.0,1.0,11.960190532595744,10089.92370801859,0.0,0.35147349757021223,1.0,9.924658415133132,5842.999684755356,0.0,0.3413388840875647,2.410691541435279,21.155705230123274,0,-001,1002490
13700.0,13.0,1.27758353409753,1.259556189002975e-10,0.0,0.0001,14.0,5.258346899965187,1e-10,0.0,0.0001,-1.0,-1.0,2,-001,1002490
