tphys,kstar_1,mass_1,lum_1,deltam_1,RRLO_1,kstar_2,mass_2,lum_2,deltam_2,RRLO_2,porb,sep,bin_state,merger_type,bin_num
0.0,1.0,13.365103845756481,13854.174316968694,0.0,0.7366568983808006,1.0,10.94153831887048,7790.887265139255,0.0,0.7139494619659507,1.6019412508830235,16.68365776274189,0,-001,1002246
13700.0,13.0,1.27758353409753,1.2591373978637946e-10,0.0,0.0001,14.0,9.831435531551904,1e-10,0.0,0.0001,-1.0,-1.0,2,-001,1002246
