tphys,kstar_1,mass_1,lum_1,deltam_1,RRLO_1,kstar_2,mass_2,lum_2,deltam_2,RRLO_2,porb,sep,bin_state,merger_type,bin_num
0.0,1.0,6.409642497070871,1528.2566232232468,0.0,0.002554948127358157,1.0,5.058461353529502,715.4252626845087,0.0,0.0024655977563766934,5821.400446470799,3069.9696520684734,0,-001,1002207
13700.0,13.0,1.27758353409753,1.2669788058544184e-10,0.0,0.0001,13.0,1.27758353409753,1.2705124567735668e-10,0.0,0.0001,-1.0,-1.0,2,-001,1002207
