tphys,kstar_1,mass_1,lum_1,deltam_1,RRLO_1,kstar_2,mass_2,lum_2,deltam_2,RRLO_2,porb,sep,bin_state,merger_type,bin_num
0.0,1.0,7.246629896729507,2245.0153417494744,0.0,0.0033488953757370332,1.0,6.845292194281129,1879.3817595397518,0.0,0.0033196830272831162,3836.253158591649,2490.0810154567525,0,-001,1002219
13700.0,13.0,1.27758353409753,1.264564441509866e-10,0.0,0.0001,13.0,1.27758353409753,1.265546624821181e-10,0.0,0.0001,-1.0,-1.0,2,-001,1002219
