tphys,kstar_1,mass_1,lum_1,deltam_1,RRLO_1,kstar_2,mass_2,lum_2,deltam_2,RRLO_2,porb,sep,bin_state,merger_type,bin_num
0.0,1.0,6.602786392388379,1678.1928865643022,0.0,0.004090396205547325,1.0,5.892031927189963,1169.7059177214146,0.0,0.004020227245293785,2335.13512933685,1718.1848558403817,0,-001,1002876
13700.0,13.0,1.27758353409753,1.2663300990754142e-10,0.0,0.0001,12.0,1.3659963854522756,5.728366241884574e-07,0.0,9.999999999999999e-05,-1.0,-1.0,2,-001,1002876
