tphys,kstar_1,mass_1,lum_1,deltam_1,RRLO_1,kstar_2,mass_2,lum_2,deltam_2,RRLO_2,porb,sep,bin_state,merger_type,bin_num
0.0,1.0,19.98848280316013,41296.01766459127,0.0,0.4075949297657126,1.0,8.540890175785059,3720.535778972767,0.0,0.35698852945557547,5.105432881577631,38.11281408673474,0,-001,1002518
13700.0,13.0,2.1388901183935434,1.7762546735990123e-10,0.0,0.0001,14.0,11.388270577183546,1e-10,0.0,0.0001,-1.0,-1.0,2,-001,1002518
