tphys,kstar_1,mass_1,lum_1,deltam_1,RRLO_1,kstar_2,mass_2,lum_2,deltam_2,RRLO_2,porb,sep,bin_state,merger_type,bin_num
0.0,1.0,16.94058442801328,26660.23727312466,0.0,0.6406292972519975,1.0,13.810825938702447,15195.632999921869,0.0,0.6208218127844884,32.912849042711485,135.3579884037049,0,-001,1002970
13700.0,13.0,1.27758353409753,1.2583530081285199e-10,0.0,0.0001,14.0,19.465426713260424,1e-10,0.0,0.0001,-1.0,-1.0,2,-001,1002970
