tphys,kstar_1,mass_1,lum_1,deltam_1,RRLO_1,kstar_2,mass_2,lum_2,deltam_2,RRLO_2,porb,sep,bin_state,merger_type,bin_num
0.0,1.0,10.769944636113637,7438.250592319656,0.0,0.029971866920542378,1.0,8.64903937467745,3865.437364212421,0.0,0.02895958092452642,117.59906793252954,271.4125848708001,0,-001,1002297
13700.0,13.0,1.3048298853232563,1.2781804630765962e-10,0.0,0.0001,13.0,2.5522008000778307,2.006142679224942e-10,0.0,0.0001,-1.0,-1.0,2,-001,1002297
