tphys,kstar_1,mass_1,lum_1,deltam_1,RRLO_1,kstar_2,mass_2,lum_2,deltam_2,RRLO_2,porb,sep,bin_state,merger_type,bin_num
0.0,1.0,8.907123581557066,4225.280867275211,0.0,0.09776661460891452,1.0,5.828415663912081,1129.8376185622037,0.0,0.0915752748019591,14.730687274917297,61.97586225261122,0,-001,1002306
13700.0,13.0,1.27758353409753,1.2618729806669726e-10,0.0,0.0001,13.0,1.4345889446287114,1.3669696802428766e-10,0.0,0.0001,-1.0,-1.0,2,-001,1002306
