tphys,kstar_1,mass_1,lum_1,deltam_1,RRLO_1,kstar_2,mass_2,lum_2,deltam_2,RRLO_2,porb,sep,bin_state,merger_type,bin_num
0.0,1.0,16.45266805364082,24635.468875268434,0.0,0.20860917435627607,1.0,14.735574988997929,18208.69428691009,0.0,0.20511072090448623,8.848026879083132,56.64737879799043,0,-001,1002399
13700.0,13.0,1.9456818759072638,1.6677691768478112e-10,0.0,0.0001,14.0,16.378095659247776,1e-10,0.0,0.0001,-1.0,-1.0,2,-001,1002399
