tphys,kstar_1,mass_1,lum_1,deltam_1,RRLO_1,kstar_2,mass_2,lum_2,deltam_2,RRLO_2,porb,sep,bin_state,merger_type,bin_num
0.0,1.0,12.208491365642107,10704.558688525909,0.0,0.36894962764337713,1.0,4.642800335016643,540.4372387713171,0.0,0.31745687105154113,3.2245476298619096,23.540128165328426,0,-001,1002566
13700.0,13.0,1.27758353409753,1.2595337357536467e-10,0.0,0.0001,13.0,1.8030205249893456,1.589769835319734e-10,0.0,0.0001,-1.0,-1.0,2,-001,1002566
