tphys,kstar_1,mass_1,lum_1,deltam_1,RRLO_1,kstar_2,mass_2,lum_2,deltam_2,RRLO_2,porb,sep,bin_state,merger_type,bin_num
0.0,1.0,13.019348205020425,12862.773811773955,0.0,0.00013027262237516363,1.0,5.7731802591573285,1095.9446560415074,0.0,0.00011470490663621121,312879.9300256908,51546.45102988437,0,-001,1002808
13700.0,13.0,1.5884590203456792,1.4569224121165837e-10,0.0,0.0001,12.0,1.3379919054888234,5.619465059899697e-07,0.0,0.0001,-1.0,-1.0,2,-001,1002808
