tphys,kstar_1,mass_1,lum_1,deltam_1,RRLO_1,kstar_2,mass_2,lum_2,deltam_2,RRLO_2,porb,sep,bin_state,merger_type,bin_num
0.0,1.0,9.1891215299797,4641.45341698029,0.0,0.012190591203095236,1.0,8.48103590863256,3641.82120280543,0.0,0.012038898377203412,390.49632618466745,585.3873518482226,0,-001,1002315
13700.0,13.0,1.27758353409753,1.2615611278882806e-10,0.0,0.0001,13.0,1.3799971623845484,1.329982886646004e-10,0.0,0.0001,-1.0,-1.0,2,-001,1002315
