tphys,kstar_1,mass_1,lum_1,deltam_1,RRLO_1,kstar_2,mass_2,lum_2,deltam_2,RRLO_2,porb,sep,bin_state,merger_type,bin_num
0.0,1.0,6.950784156827064,1971.491283143256,0.0,0.0004156753293058348,1.0,6.338253529067563,1475.1021236957063,0.0,0.0004098526037337445,58602.75486103467,15033.557369555649,0,-001,1002508
13700.0,13.0,1.27758353409753,1.2652691707189283e-10,0.0,0.0001,13.0,1.242,1.2434647093894513e-10,0.0,0.0001,-1.0,-1.0,2,-001,1002508
