tphys,kstar_1,mass_1,lum_1,deltam_1,RRLO_1,kstar_2,mass_2,lum_2,deltam_2,RRLO_2,porb,sep,bin_state,merger_type,bin_num
0.0,1.0,11.65822094547315,9371.304505578724,0.0,0.34896868216060023,1.0,6.991481245386301,2007.780646315254,0.0,0.32213561254489104,2.255008079620193,19.18409259484092,0,-001,1002557
13700.0,13.0,1.27758353409753,1.2597411831499463e-10,0.0,0.0001,13.0,2.4995870929089046,1.9779192977146728e-10,0.0,0.0001,-1.0,-1.0,2,-001,1002557
