tphys,kstar_1,mass_1,lum_1,deltam_1,RRLO_1,kstar_2,mass_2,lum_2,deltam_2,RRLO_2,porb,sep,bin_state,merger_type,bin_num
0.0,1.0,8.183292191888915,3265.745695897482,0.0,0.05648397962762183,1.0,6.670884624309733,1733.219683401488,0.0,0.05472927765911021,47.1682206579431,135.0002021477047,0,-001,1002712
13700.0,13.0,1.27758353409753,1.2628494236286265e-10,0.0,0.0001,13.0,1.471661812913359,1.3908887713495594e-10,0.0,0.0001,-1.0,-1.0,2,-001,1002712
