tphys,kstar_1,mass_1,lum_1,deltam_1,RRLO_1,kstar_2,mass_2,lum_2,deltam_2,RRLO_2,porb,sep,bin_state,merger_type,bin_num
0.0,1.0,12.873322438624244,12456.901206016646,0.0,0.03842318408268338,1.0,6.745537434415847,1794.8560197123807,0.0,0.03472165515623757,68.61594170816923,190.16321033855286,0,-001,1002711
13700.0,13.0,1.5462294148032296,1.4309209332833172e-10,0.0,0.0001,13.0,2.308419062808469,1.875135587144836e-10,0.0,0.0001,-1.0,-1.0,2,-001,1002711
