tphys,kstar_1,mass_1,lum_1,deltam_1,RRLO_1,kstar_2,mass_2,lum_2,deltam_2,RRLO_2,porb,sep,bin_state,merger_type,bin_num
0.0,1.0,15.300157865973064,20201.999641044535,0.0,0.27649704532841596,1.0,8.721869605726289,3964.9688374038765,0.0,0.2531774188009698,9.590130289576543,54.79043958173479,0,-001,1002575
13700.0,13.0,1.6081642211972353,1.4682022908669107e-10,0.0,0.0001,14.0,6.942218103972359,1e-10,0.0,0.0001,-1.0,-1.0,2,-001,1002575
