tphys,kstar_1,mass_1,lum_1,deltam_1,RRLO_1,kstar_2,mass_2,lum_2,deltam_2,RRLO_2,porb,sep,bin_state,merger_type,bin_num
0.0,1.0,16.024249304695655,22930.173177440258,0.0,0.02296882136637699,1.0,10.832020491001058,7564.683887465148,0.0,0.02160914677878748,156.25674627653302,365.4766551773179,0,-001,1002775
13700.0,13.0,2.057347460893436,1.731427644497344e-10,0.0,0.0001,14.0,9.3914067967109,1e-10,0.0,0.0001,-1.0,-1.0,2,-001,1002775
