tphys,kstar_1,mass_1,lum_1,deltam_1,RRLO_1,kstar_2,mass_2,lum_2,deltam_2,RRLO_2,porb,sep,bin_state,merger_type,bin_num
0.0,1.0,7.064004476469054,2073.4996192094136,0.0,0.0057710952438222215,1.0,6.713074403058638,1767.8837490553813,0.0,0.005726144968468377,3642.249801499387,2387.3573295164047,0,-001,1002620
13700.0,13.0,1.27758353409753,1.2649880595957628e-10,0.0,0.0001,13.0,1.27758353409753,1.2659662969498003e-10,0.0,0.0001,-1.0,-1.0,2,-001,1002620
