tphys,kstar_1,mass_1,lum_1,deltam_1,RRLO_1,kstar_2,mass_2,lum_2,deltam_2,RRLO_2,porb,sep,bin_state,merger_type,bin_num
0.0,1.0,11.920512665330985,9993.696623679953,0.0,0.007530431593137851,1.0,4.77327701379042,591.9218876328115,0.0,0.006531987848918968,741.108974411251,880.4909993437358,0,-001,1002901
13700.0,13.0,1.4503365286304757,1.3712916602275927e-10,0.0,0.0001,12.0,1.2299151524415874,5.224728813187003e-07,0.0,0.0001,-1.0,-1.0,2,-001,1002901
