tphys,kstar_1,mass_1,lum_1,deltam_1,RRLO_1,kstar_2,mass_2,lum_2,deltam_2,RRLO_2,porb,sep,bin_state,merger_type,bin_num
0.0,1.0,9.274451303316553,4772.1789798134305,0.0,0.0011431027750459014,1.0,7.746557657278402,2759.8019163209824,0.0,0.0011114762847170153,13510.448350842093,6138.470426263625,0,-001,1002993
13700.0,13.0,1.27758353409753,1.2614717778354644e-10,0.0,0.0001,13.0,1.27758353409753,1.263561907938011e-10,0.0,0.0001,-1.0,-1.0,2,-001,1002993
