tphys,kstar_1,mass_1,lum_1,deltam_1,RRLO_1,kstar_2,mass_2,lum_2,deltam_2,RRLO_2,porb,sep,bin_state,merger_type,bin_num
0.0,1.0,7.817348870445199,2838.189289241007,0.0,0.000395076363305762,1.0,7.07570222058821,2084.226464320187,0.0,0.00038903911583858394,51839.8665366438,14389.831317191094,0,-001,1002498
13700.0,13.0,1.27758353409753,1.2634366203720015e-10,0.0,0.0001,13.0,1.27758353409753,1.2649598188979286e-10,0.0,0.0001,-1.0,-1.0,2,-001,1002498
