tphys,kstar_1,mass_1,lum_1,deltam_1,RRLO_1,kstar_2,mass_2,lum_2,deltam_2,RRLO_2,porb,sep,bin_state,merger_type,bin_num
0.0,1.0,9.470336688146306,5080.804121038503,0.0,0.040116618110658905,1.0,4.991351524800262,684.9763610843164,0.0,0.03635195329763906,401.8576702009925,558.1356108580114,0,-001,1002818
13700.0,13.0,1.27758353409753,1.261281108828524e-10,0.0,0.0001,13.0,1.3602867512972878,1.3192535230619456e-10,0.0,0.0001,-1.0,-1.0,2,-001,1002818
