tphys,kstar_1,mass_1,lum_1,deltam_1,RRLO_1,kstar_2,mass_2,lum_2,deltam_2,RRLO_2,porb,sep,bin_state,merger_type,bin_num
0.0,1.0,10.779159485308778,7456.937708332101,0.0,0.021921757621910013,1.0,10.142297443432495,6231.459900719152,0.0,0.02171338971408789,194.26870743643045,388.8222436753712,0,-001,1002915
13700.0,13.0,1.305998524009819,1.2789411917172287e-10,0.0,0.0001,14.0,3.781039894456095,1e-10,0.0,9.999999999999999e-05,-1.0,-1.0,2,-001,1002915
