tphys,kstar_1,mass_1,lum_1,deltam_1,RRLO_1,kstar_2,mass_2,lum_2,deltam_2,RRLO_2,porb,sep,bin_state,merger_type,bin_num
0.0,1.0,12.314176206604795,10972.706997647341,0.0,0.057929970661523604,1.0,11.490358116614,8985.429444433901,0.0,0.057305336875804073,48.171252604530764,160.2127529621729,0,-001,1002600
13700.0,13.0,1.475245204995427,1.3868245869367306e-10,0.0,0.0001,14.0,7.3001256755026285,1e-10,0.0,9.999999999999999e-05,-1.0,-1.0,2,-001,1002600
