tphys,kstar_1,mass_1,lum_1,deltam_1,RRLO_1,kstar_2,mass_2,lum_2,deltam_2,RRLO_2,porb,sep,bin_state,merger_type,bin_num
0.0,1.0,20.13392696036248,42079.55155414984,0.0,0.4472003830820861,1.0,13.845335551377895,15302.487683318817,0.0,0.4224710624531365,3.9134967601407995,33.83762413546017,0,-001,1002780
13700.0,13.0,2.3731849801079914,1.9043332007038243e-10,0.0,0.0001,14.0,19.58758246355709,1e-10,0.0,9.999999999999999e-05,-1.0,-1.0,2,-001,1002780
