tphys,kstar_1,mass_1,lum_1,deltam_1,RRLO_1,kstar_2,mass_2,lum_2,deltam_2,RRLO_2,porb,sep,bin_state,merger_type,bin_num
0.0,1.0,7.725458550339017,2736.706271933618,0.0,0.08698814383222028,1.0,6.097509766627469,1304.6661407059332,0.0,0.08388573235497807,16.477276331602763,65.37463557825255,0,-001,1002890
13700.0,13.0,1.27758353409753,1.2636044699558875e-10,0.0,0.0001,13.0,1.3707140875228072,1.3270982575712529e-10,0.0,0.0001,-1.0,-1.0,2,-001,1002890
