tphys,kstar_1,mass_1,lum_1,deltam_1,RRLO_1,kstar_2,mass_2,lum_2,deltam_2,RRLO_2,porb,sep,bin_state,merger_type,bin_num
0.0,1.0,8.583453223887918,3777.1511566421545,0.0,0.002963177713879401,1.0,7.078687260635937,2086.969399489899,0.0,0.002875927268532364,4083.4963631799546,2688.997388937977,0,-001,1002922
13700.0,13.0,1.27758353409753,1.262275542170319e-10,0.0,0.0001,13.0,1.27758353409753,1.2649509575040227e-10,0.0,0.0001,-1.0,-1.0,2,-001,1002922
