tphys,kstar_1,mass_1,lum_1,deltam_1,RRLO_1,kstar_2,mass_2,lum_2,deltam_2,RRLO_2,porb,sep,bin_state,merger_type,bin_num
0.0,1.0,9.911456213569938,5819.925396042273,0.0,0.01672453160761942,1.0,4.576002005894286,515.2597457047289,0.0,0.014850600683083017,4360.800124689916,2737.327411908003,0,-001,1002325
13700.0,13.0,1.27758353409753,1.2608767844035786e-10,0.0,0.0001,13.0,1.3321701575869476,1.30083710983684e-10,0.0,0.0001,-1.0,-1.0,2,-001,1002325
