tphys,kstar_1,mass_1,lum_1,deltam_1,RRLO_1,kstar_2,mass_2,lum_2,deltam_2,RRLO_2,porb,sep,bin_state,merger_type,bin_num
0.0,1.0,10.881449271485069,7666.279062463066,0.0,0.15030357713977324,1.0,7.939524062967491,2976.7475286822896,0.0,0.14306775796043325,11.625540515850156,57.42592805817267,0,-001,1002321
13700.0,13.0,1.27758353409753,1.2601570994744483e-10,0.0,0.0001,13.0,2.3753802960119264,1.9121132978483275e-10,0.0,0.0001,-1.0,-1.0,2,-001,1002321
