tphys,kstar_1,mass_1,lum_1,deltam_1,RRLO_1,kstar_2,mass_2,lum_2,deltam_2,RRLO_2,porb,sep,bin_state,merger_type,bin_num
0.0,1.0,19.57064593776498,39087.91109203927,0.0,0.1624374997034534,1.0,13.139617876021063,13202.773276539789,0.0,0.15284385408299547,9.175956843790019,58.967694816423695,0,-001,1002541
13700.0,13.0,2.5030802252912334,1.9736539627598503e-10,0.0,0.0001,14.0,16.710810079419435,1e-10,0.0,0.0001,-1.0,-1.0,2,-001,1002541
