tphys,kstar_1,mass_1,lum_1,deltam_1,RRLO_1,kstar_2,mass_2,lum_2,deltam_2,RRLO_2,porb,sep,bin_state,merger_type,bin_num
0.0,1.0,6.2853237701763724,1436.4702717879525,0.0,0.0006587016470935196,1.0,5.447478601431447,909.4509146664128,0.0,0.000644640619527456,37402.76752541106,10691.081423405902,0,-001,1002584
13700.0,13.0,1.242,1.2436459046792707e-10,0.0,0.0001,12.0,1.3423279477610093,5.655505856604769e-07,0.0,0.0001,-1.0,-1.0,2,-001,1002584
