tphys,kstar_1,mass_1,lum_1,deltam_1,RRLO_1,kstar_2,mass_2,lum_2,deltam_2,RRLO_2,porb,sep,bin_state,merger_type,bin_num
0.0,1.0,15.061494842182707,19345.098628937492,0.0,0.0026046111886318564,1.0,5.294065110452009,829.3008039548015,0.0,0.002210425059525669,3706.539078243189,2751.0087187470244,0,-001,1002122
13700.0,13.0,2.3098941811010563,1.8714211914597644e-10,0.0,0.0001,12.0,1.2548187856032698,5.305240867007218e-07,0.0,9.999999999999999e-05,-1.0,-1.0,2,-001,1002122
