tphys,kstar_1,mass_1,lum_1,deltam_1,RRLO_1,kstar_2,mass_2,lum_2,deltam_2,RRLO_2,porb,sep,bin_state,merger_type,bin_num
0.0,1.0,12.714108103395134,12023.017069660033,0.0,0.0014942324966187284,1.0,6.26653631716231,1422.9162636565716,0.0,0.0013375515363025555,9469.129943627484,5022.603890436604,0,-001,1002080
13700.0,13.0,1.5501783068875388,1.4334399389763682e-10,0.0,0.0001,13.0,1.242,1.2437089928447529e-10,0.0,0.0001,-1.0,-1.0,2,-001,1002080
