tphys,kstar_1,mass_1,lum_1,deltam_1,RRLO_1,kstar_2,mass_2,lum_2,deltam_2,RRLO_2,porb,sep,bin_state,merger_type,bin_num
0.0,1.0,8.222158994938463,3313.386094518567,0.0,0.05520674938078912,1.0,3.859622696569721,292.22277403767356,0.0,0.04925880879136778,39.01774672533664,111.04619403727177,0,-001,1002887
13700.0,13.0,1.27758353409753,1.262784605154323e-10,0.0,0.0001,13.0,1.27758353409753,1.2679402275538748e-10,0.0,0.0001,-1.0,-1.0,2,-001,1002887
