tphys,kstar_1,mass_1,lum_1,deltam_1,RRLO_1,kstar_2,mass_2,lum_2,deltam_2,RRLO_2,porb,sep,bin_state,merger_type,bin_num
0.0,1.0,6.112161108128738,1314.6551229413362,0.0,0.0034724143790560327,1.0,2.6479697747833693,79.34890464365606,0.0,0.003085739965544363,1889.7134357153457,1325.5193102184026,0,-001,1002272
13700.0,13.0,1.2578313467446918,1.2548966342596642e-10,0.0,1.490193960938329e-06,13.0,1.242,1.2549209274683624e-10,0.0,1.49884327193483e-06,21.584935952152144,44.261144479356574,0,-001,1002272
