tphys,kstar_1,mass_1,lum_1,deltam_1,RRLO_1,kstar_2,mass_2,lum_2,deltam_2,RRLO_2,porb,sep,bin_state,merger_type,bin_num
0.0,1.0,7.168555686160543,2170.628651932231,0.0,0.0030403327404860702,1.0,6.841200449553357,1875.8656665266508,0.0,0.0030185700577178,3879.4467082880324,2503.851755408929,0,-001,1002247
13700.0,13.0,1.27758353409753,1.264741324523865e-10,0.0,0.0001,13.0,1.27758353409753,1.2655576872246615e-10,0.0,0.0001,-1.0,-1.0,2,-001,1002247
