tphys,kstar_1,mass_1,lum_1,deltam_1,RRLO_1,kstar_2,mass_2,lum_2,deltam_2,RRLO_2,porb,sep,bin_state,merger_type,bin_num
0.0,1.0,7.585825721650909,2586.9350880031047,0.0,0.02903425006563317,1.0,6.060581674628208,1279.7070805462936,0.0,0.02805221947566183,91.39783485256568,203.9773487800004,0,-001,1002717
13700.0,13.0,1.27758353409753,1.26386188650444e-10,0.0,0.0001,13.0,1.3414763568526316,1.308733626300113e-10,0.0,0.0001,-1.0,-1.0,2,-001,1002717
