tphys,kstar_1,mass_1,lum_1,deltam_1,RRLO_1,kstar_2,mass_2,lum_2,deltam_2,RRLO_2,porb,sep,bin_state,merger_type,bin_num
0.0,1.0,13.04424104317218,12932.721118320876,0.0,0.00034877102826184826,1.0,12.852007203923895,12398.29157190134,0.0,0.0003479642548340154,101606.0203330169,27100.489636836173,0,-001,1002751
13700.0,13.0,1.5915778185760427,1.4588274475747656e-10,0.0,0.0001,13.0,1.567481008072792,1.4440768928379626e-10,0.0,0.0001,-1.0,-1.0,2,-001,1002751
