tphys,kstar_1,mass_1,lum_1,deltam_1,RRLO_1,kstar_2,mass_2,lum_2,deltam_2,RRLO_2,porb,sep,bin_state,merger_type,bin_num
0.0,1.0,6.183428240788782,1363.947557736055,0.0,0.000695768622060715,1.0,5.861657330755192,1150.558466582017,0.0,0.000690165206453581,249789.77522129272,38247.66804355905,0,-001,1002591
13700.0,13.0,1.242,1.24401172336402e-10,0.0,0.0001,12.0,1.3541943096196303,5.681633637644586e-07,0.0,0.0001,-1.0,-1.0,2,-001,1002591
