tphys,kstar_1,mass_1,lum_1,deltam_1,RRLO_1,kstar_2,mass_2,lum_2,deltam_2,RRLO_2,porb,sep,bin_state,merger_type,bin_num
0.0,1.0,8.811376364890055,4089.455819746149,0.0,0.06843859294598449,1.0,7.535442414041384,2534.196608689726,0.0,0.06679394856226102,25.929133619583133,93.5308712588398,0,-001,1002759
13700.0,13.0,1.27758353409753,1.2619941805477895e-10,0.0,0.0001,13.0,1.6319040928341977,1.4890466342327448e-10,0.0,0.0001,-1.0,-1.0,2,-001,1002759
