tphys,kstar_1,mass_1,lum_1,deltam_1,RRLO_1,kstar_2,mass_2,lum_2,deltam_2,RRLO_2,porb,sep,bin_state,merger_type,bin_num
0.0,1.0,15.885890055774667,22393.92733571625,0.0,0.03947127738869472,1.0,11.10951331240759,8145.660378070642,0.0,0.03733293067896208,68.97481164620669,212.2473040412832,0,-001,1002734
13700.0,13.0,2.0163249605754503,1.7082658937284973e-10,0.0,0.0001,14.0,9.775664948036551,1e-10,0.0,9.999999999999999e-05,-1.0,-1.0,2,-001,1002734
