tphys,kstar_1,mass_1,lum_1,deltam_1,RRLO_1,kstar_2,mass_2,lum_2,deltam_2,RRLO_2,porb,sep,bin_state,merger_type,bin_num
0.0,1.0,17.461592955267086,28919.524744501556,0.0,0.2614820312680936,1.0,15.527028671432802,21035.992290669343,0.0,0.2568478345966019,7.108603813212163,49.88034975776614,0,-001,1002845
13700.0,13.0,2.049875297802436,1.7268427633957789e-10,0.0,0.0001,14.0,19.153446352331052,1e-10,0.0,0.0001,-1.0,-1.0,2,-001,1002845
