tphys,kstar_1,mass_1,lum_1,deltam_1,RRLO_1,kstar_2,mass_2,lum_2,deltam_2,RRLO_2,porb,sep,bin_state,merger_type,bin_num
0.0,1.0,12.965504727208307,12712.233497141864,0.0,0.2731112072714651,1.0,11.403030677663159,8788.505146469197,0.0,0.2676790474140726,3.5358547958861988,28.306835254314343,0,-001,1002458
13700.0,13.0,1.4116034578271532,1.3461533091740893e-10,0.0,0.0001,14.0,8.682395660040822,1e-10,0.0,0.0001,-1.0,-1.0,2,-001,1002458
