tphys,kstar_1,mass_1,lum_1,deltam_1,RRLO_1,kstar_2,mass_2,lum_2,deltam_2,RRLO_2,porb,sep,bin_state,merger_type,bin_num
0.0,1.0,13.52492392513616,14326.934634584108,0.0,0.015344773228385077,1.0,6.193131130913236,1370.749352095819,0.0,0.013576215065295596,3735.510004484194,2736.1496967520907,0,-001,1002014
13700.0,13.0,1.6517098703756128,1.495324654330859e-10,0.0,0.0001,13.0,2.1684117993783123,1.7981239543770494e-10,0.0,0.0001,-1.0,-1.0,2,-001,1002014
