tphys,kstar_1,mass_1,lum_1,deltam_1,RRLO_1,kstar_2,mass_2,lum_2,deltam_2,RRLO_2,porb,sep,bin_state,merger_type,bin_num
0.0,1.0,15.566854585662632,21184.351304254596,0.0,0.4783105462268048,1.0,13.683823471358433,14806.09732997488,0.0,0.46887439752800575,1.6373589240283375,18.006382308764962,0,-001,1002903
13700.0,13.0,1.514926603870759,1.41056696124591e-10,0.0,0.0001,14.0,15.045558945865212,1e-10,0.0,9.999999999999999e-05,-1.0,-1.0,2,-001,1002903
