tphys,kstar_1,mass_1,lum_1,deltam_1,RRLO_1,kstar_2,mass_2,lum_2,deltam_2,RRLO_2,porb,sep,bin_state,merger_type,bin_num
0.0,1.0,15.590840700580035,21273.98615030034,0.0,0.027425477579439795,1.0,7.714872657156577,2725.164802218105,0.0,0.024557816130600776,458.3340178154506,714.3221025795318,0,-001,1002796
13700.0,13.0,1.9854832636527517,1.6908033977942432e-10,0.0,0.0001,14.0,4.354585061779483,1e-10,0.0,9.999999999999999e-05,-1.0,-1.0,2,-001,1002796
