tphys,kstar_1,mass_1,lum_1,deltam_1,RRLO_1,kstar_2,mass_2,lum_2,deltam_2,RRLO_2,porb,sep,bin_state,merger_type,bin_num
0.0,1.0,6.4741069949664904,1577.2996976102486,0.0,0.018268580665221,1.0,3.560363569936531,222.3373589998456,0.0,0.016730515041795787,638.1104158607532,672.5335229142323,0,-001,1002763
13700.0,13.0,1.242,1.242968072297387e-10,0.0,0.0001,13.0,1.27758353409753,1.2725007230577418e-10,0.0,0.0001,-1.0,-1.0,2,-001,1002763
