tphys,kstar_1,mass_1,lum_1,deltam_1,RRLO_1,kstar_2,mass_2,lum_2,deltam_2,RRLO_2,porb,sep,bin_state,merger_type,bin_num
0.0,1.0,10.638696254022822,7175.155077194693,0.0,0.06392655181875488,1.0,9.390391993134157,4953.407348179764,0.0,0.06268799745134261,48.48884649125874,151.91483579956952,0,-001,1002539
13700.0,13.0,1.27758353409753,1.2603264463895753e-10,0.0,0.0001,14.0,3.0522187063878574,1e-10,0.0,9.999999999999999e-05,-1.0,-1.0,2,-001,1002539
