tphys,kstar_1,mass_1,lum_1,deltam_1,RRLO_1,kstar_2,mass_2,lum_2,deltam_2,RRLO_2,porb,sep,bin_state,merger_type,bin_num
0.0,1.0,6.032344560854144,1260.8316835577339,0.0,0.0007096024933037098,1.0,5.817849666563133,1123.3024312581153,0.0,0.000705733087753667,23667.417515786525,7906.075627706522,0,-001,1002210
13700.0,13.0,1.242,1.2454934282683068e-10,0.0,0.0001,12.0,1.352331113178413,5.676753501123419e-07,0.0,9.999999999999999e-05,-1.0,-1.0,2,-001,1002210
