tphys,kstar_1,mass_1,lum_1,deltam_1,RRLO_1,kstar_2,mass_2,lum_2,deltam_2,RRLO_2,porb,sep,bin_state,merger_type,bin_num
0.0,1.0,6.513839125470993,1608.0243338665275,0.0,0.0026117754569375063,1.0,5.417510079305575,893.414330775476,0.0,0.0025400435502336578,3083.741826777458,2036.5750546017096,0,-001,1002932
13700.0,13.0,1.2821551777720204,1.2696599765986148e-10,0.0,1.7975378906677148e-06,12.0,1.2511177469741082,5.276731121644897e-07,0.0,0.0005400696860909555,6.728897468043852,20.439730300750732,0,-001,1002932
