tphys,kstar_1,mass_1,lum_1,deltam_1,RRLO_1,kstar_2,mass_2,lum_2,deltam_2,RRLO_2,porb,sep,bin_state,merger_type,bin_num
0.0,1.0,11.543427518640904,9106.376993232056,0.0,0.0505733831520931,1.0,8.074351358825076,3134.511276795587,0.0,0.0478185229931617,135.76962896759278,299.71162785083817,0,-001,1002664
13700.0,13.0,1.3877646018365255,1.3315719024879233e-10,0.0,0.0001,13.0,2.54131108537387,2.0000770478193084e-10,0.0,0.0001,-1.0,-1.0,2,-001,1002664
