tphys,kstar_1,mass_1,lum_1,deltam_1,RRLO_1,kstar_2,mass_2,lum_2,deltam_2,RRLO_2,porb,sep,bin_state,merger_type,bin_num
0.0,1.0,8.914857277429524,4236.372219925817,0.0,0.0009452949145182596,1.0,5.841785263137015,1138.1421014170812,0.0,0.0008856187689567244,14872.562638829238,6240.292550403395,0,-001,1002828
13700.0,13.0,1.27758353409753,1.2618662166342952e-10,0.0,0.0001,12.0,1.3493869249031634,5.662720743083481e-07,0.0,0.0001,-1.0,-1.0,2,-001,1002828
