tphys,kstar_1,mass_1,lum_1,deltam_1,RRLO_1,kstar_2,mass_2,lum_2,deltam_2,RRLO_2,porb,sep,bin_state,merger_type,bin_num
0.0,1.0,10.671472892085095,7240.321621225572,0.0,0.001603677427414468,1.0,5.467953752550259,920.5144974244,0.0,0.0014455862881104888,15016.617277641566,6470.869911180777,0,-001,1002331
13700.0,13.0,1.2923384746898645,1.2700354299580308e-10,0.0,0.0001,12.0,1.2865990518211463,5.425342714280935e-07,0.0,0.0001,-1.0,-1.0,2,-001,1002331
