tphys,kstar_1,mass_1,lum_1,deltam_1,RRLO_1,kstar_2,mass_2,lum_2,deltam_2,RRLO_2,porb,sep,bin_state,merger_type,bin_num
0.0,1.0,10.285670984956898,6495.740727400505,0.0,0.3576966891597437,1.0,8.02562745575246,3076.9070701726287,0.0,0.3440841137352392,2.114429714274113,18.26643416352611,0,-001,1002217
13700.0,13.0,1.27758353409753,1.2606199076059813e-10,0.0,0.0001,13.0,2.544942982036712,2.0025016273476808e-10,0.0,0.0001,-1.0,-1.0,2,-001,1002217
