tphys,kstar_1,mass_1,lum_1,deltam_1,RRLO_1,kstar_2,mass_2,lum_2,deltam_2,RRLO_2,porb,sep,bin_state,merger_type,bin_num
0.0,1.0,14.679709855888095,18017.815042083545,0.0,0.19721881331842642,1.0,10.487894758612859,6879.9125171636115,0.0,0.1871193955042462,6.221904036148128,41.70435350355609,0,-001,1002118
13700.0,13.0,1.6399784007620013,1.4877810598481768e-10,0.0,0.0001,14.0,8.75813346086084,1e-10,0.0,9.999999999999999e-05,-1.0,-1.0,2,-001,1002118
