tphys,kstar_1,mass_1,lum_1,deltam_1,RRLO_1,kstar_2,mass_2,lum_2,deltam_2,RRLO_2,porb,sep,bin_state,merger_type,bin_num
0.0,1.0,10.319877031709119,6559.782101008137,0.0,0.006808005662699887,1.0,7.330630336065935,2326.836002819329,0.0,0.006454011405650156,2107.957577773323,1800.7172945733917,0,-001,1002377
13700.0,13.0,1.27758353409753,1.2605521121521403e-10,0.0,0.0001,13.0,1.27758353409753,1.2643742054963822e-10,0.0,0.0001,-1.0,-1.0,2,-001,1002377
