tphys,kstar_1,mass_1,lum_1,deltam_1,RRLO_1,kstar_2,mass_2,lum_2,deltam_2,RRLO_2,porb,sep,bin_state,merger_type,bin_num
0.0,1.0,6.688485168373952,1747.6272442713175,0.0,0.06565489091036562,1.0,5.956645440558,1211.1200361855988,0.0,0.06450763347921318,22.80584975576657,78.81771481993401,0,-001,1002605
13700.0,13.0,1.27758353409753,1.266005869495064e-10,0.0,0.0001,13.0,1.283079284405828,1.2717494216216117e-10,0.0,0.0001,-1.0,-1.0,2,-001,1002605
