tphys,kstar_1,mass_1,lum_1,deltam_1,RRLO_1,kstar_2,mass_2,lum_2,deltam_2,RRLO_2,porb,sep,bin_state,merger_type,bin_num
0.0,1.0,16.488375409287126,24780.662705409122,0.0,0.22434343276808902,1.0,10.420967414214928,6751.283198167569,0.0,0.20885822282464475,9.400777630945226,56.151596742369016,0,-001,1002750
13700.0,13.0,1.8951049574268313,1.6385876503330585e-10,0.0,0.0001,14.0,10.154519449357414,1e-10,0.0,0.0001,-1.0,-1.0,2,-001,1002750
