tphys,kstar_1,mass_1,lum_1,deltam_1,RRLO_1,kstar_2,mass_2,lum_2,deltam_2,RRLO_2,porb,sep,bin_state,merger_type,bin_num
0.0,1.0,14.154590936556867,16279.339158048448,0.0,0.49805187202136125,1.0,6.680826238181221,1741.3483604260107,0.0,0.4426804797962845,2.8876445164384306,23.473712389811553,0,-001,1002495
13700.0,13.0,1.2962146941479096,1.2710348186865487e-10,0.0,0.0001,14.0,3.7824509549316936,1e-10,0.0,9.999999999999999e-05,-1.0,-1.0,2,-001,1002495
