tphys,kstar_1,mass_1,lum_1,deltam_1,RRLO_1,kstar_2,mass_2,lum_2,deltam_2,RRLO_2,porb,sep,bin_state,merger_type,bin_num
0.0,1.0,8.386149530512142,3519.1827100059704,0.0,0.002762737318200813,1.0,5.675755309664549,1037.7842189876826,0.0,0.002601903158826205,27166.154083429352,9175.971401731747,0,-001,1003174
13700.0,13.0,1.27758353409753,1.2625433056930593e-10,0.0,0.0001,12.0,1.3219527060127916,5.558785832594807e-07,0.0,0.0001,-1.0,-1.0,2,-001,1003174
