tphys,kstar_1,mass_1,lum_1,deltam_1,RRLO_1,kstar_2,mass_2,lum_2,deltam_2,RRLO_2,porb,sep,bin_state,merger_type,bin_num
0.0,1.0,16.374364011820074,24318.718002536905,0.0,0.02718381715614694,1.0,6.74287311305565,1792.6324855118264,0.0,0.023646068393705238,135.1833039825446,315.65492791296606,0,-001,1003338
13700.0,13.0,2.099459208715511,1.7550004491272488e-10,0.0,0.0001,14.0,3.7518852106098084,1e-10,0.0,0.0001,-1.0,-1.0,2,-001,1003338
