tphys,kstar_1,mass_1,lum_1,deltam_1,RRLO_1,kstar_2,mass_2,lum_2,deltam_2,RRLO_2,porb,sep,bin_state,merger_type,bin_num
0.0,1.0,25.03654466006031,72901.13066445015,0.0,0.5265678351061158,1.0,16.175635166248185,23525.00685967021,0.0,0.49395373826520017,1.7462696151150578,21.071783088145967,0,-001,1003956
13700.0,13.0,2.674871743241693,2.06267660376936e-10,0.0,0.0001,14.0,32.03676993665834,1e-10,0.0,9.999999999999999e-05,-1.0,-1.0,2,-001,1003956
