tphys,kstar_1,mass_1,lum_1,deltam_1,RRLO_1,kstar_2,mass_2,lum_2,deltam_2,RRLO_2,porb,sep,bin_state,merger_type,bin_num
0.0,1.0,15.809521954346245,22100.97050194606,0.0,0.019659755327709985,1.0,11.818594290086455,9749.027242719689,0.0,0.01879056692204079,407.6674249087598,699.2078974987305,0,-001,1003915
13700.0,13.0,2.0287251779248483,1.7153145128440857e-10,0.0,0.0001,14.0,10.379353038283385,1e-10,0.0,0.0001,-1.0,-1.0,2,-001,1003915
