tphys,kstar_1,mass_1,lum_1,deltam_1,RRLO_1,kstar_2,mass_2,lum_2,deltam_2,RRLO_2,porb,sep,bin_state,merger_type,bin_num
0.0,1.0,8.832326153482523,4118.939282074713,0.0,0.001542958019085139,1.0,7.886476110381682,2916.0749079054326,0.0,0.0015159829717887444,9449.451927492242,4807.928794480011,0,-001,1003101
13700.0,13.0,1.27758353409753,1.2619637511993265e-10,0.0,0.0001,13.0,1.27758353409753,1.2633167551286765e-10,0.0,0.0001,-1.0,-1.0,2,-001,1003101
