tphys,kstar_1,mass_1,lum_1,deltam_1,RRLO_1,kstar_2,mass_2,lum_2,deltam_2,RRLO_2,porb,sep,bin_state,merger_type,bin_num
0.0,1.0,13.987705581700425,15747.882115799664,0.0,0.20330889417887224,1.0,5.589843895562841,988.1922922917754,0.0,0.1760838406182352,5.2835903448797445,34.39463951556335,0,-001,1003184
13700.0,13.0,1.4559978833588478,1.3739954521682278e-10,0.0,0.0001,13.0,2.428112161293289,1.939173488658346e-10,0.0,0.0001,-1.0,-1.0,2,-001,1003184
