tphys,kstar_1,mass_1,lum_1,deltam_1,RRLO_1,kstar_2,mass_2,lum_2,deltam_2,RRLO_2,porb,sep,bin_state,merger_type,bin_num
0.0,1.0,13.585138672238147,14507.440571983658,0.0,0.04909853509488896,1.0,12.082341093036268,10389.602893191715,0.0,0.04820833834943197,54.83518038069219,179.10971950906116,0,-001,1003682
13700.0,13.0,1.6411062979693063,1.4888639608626282e-10,0.0,0.0001,14.0,9.331596844959716,1e-10,0.0,0.0001,-1.0,-1.0,2,-001,1003682
