tphys,kstar_1,mass_1,lum_1,deltam_1,RRLO_1,kstar_2,mass_2,lum_2,deltam_2,RRLO_2,porb,sep,bin_state,merger_type,bin_num
0.0,1.0,11.647545075357796,9346.474902698872,0.0,0.001705397892110699,1.0,9.613145215976242,5313.356004510552,0.0,0.0016548165597639996,7403.3501669083935,4426.867682697671,0,-001,1003879
13700.0,13.0,1.4158933508500802,1.3495339780666322e-10,0.0,0.0001,13.0,1.27758353409753,1.2611398235073503e-10,0.0,0.0001,-1.0,-1.0,2,-001,1003879
