tphys,kstar_1,mass_1,lum_1,deltam_1,RRLO_1,kstar_2,mass_2,lum_2,deltam_2,RRLO_2,porb,sep,bin_state,merger_type,bin_num
0.0,1.0,11.549522864767606,9120.330398083725,0.0,0.06889021323569763,1.0,4.4765778782334715,479.23449643841803,0.0,0.05948272640475771,23.961620977048103,88.15331442025541,0,-001,100398
13700.0,13.0,1.3530591917316517,1.3091584415547416e-10,0.0,0.0001,13.0,1.4727702955002733,1.3895608836148927e-10,0.0,0.0001,-1.0,-1.0,2,-001,100398
