tphys,kstar_1,mass_1,lum_1,deltam_1,RRLO_1,kstar_2,mass_2,lum_2,deltam_2,RRLO_2,porb,sep,bin_state,merger_type,bin_num
0.0,1.0,9.337872219506584,4870.796640958094,0.0,0.052817606205035214,1.0,6.317212371732791,1459.6657587617835,0.0,0.04971316661736407,38.75957899104479,120.52849498331223,0,-001,1003090
13700.0,13.0,1.27758353409753,1.2614115704132453e-10,0.0,0.0001,13.0,1.5189061004408189,1.419469373107108e-10,0.0,0.0001,-1.0,-1.0,2,-001,1003090
