tphys,kstar_1,mass_1,lum_1,deltam_1,RRLO_1,kstar_2,mass_2,lum_2,deltam_2,RRLO_2,porb,sep,bin_state,merger_type,bin_num
0.0,1.0,7.197147202030853,2197.6848417526166,0.0,0.000936024984493411,1.0,5.640430235155718,1017.2019987062051,0.0,0.0009019099648387544,25364.403597376946,8503.466834121102,0,-001,1003343
13700.0,13.0,1.27758353409753,1.264675837567713e-10,0.0,0.0001,12.0,1.3160457725961723,5.536470927721002e-07,0.0,0.0001,-1.0,-1.0,2,-001,1003343
