tphys,kstar_1,mass_1,lum_1,deltam_1,RRLO_1,kstar_2,mass_2,lum_2,deltam_2,RRLO_2,porb,sep,bin_state,merger_type,bin_num
0.0,1.0,14.719164275970865,18152.5038394163,0.0,0.0021151128870224465,1.0,9.54331630673207,5198.845615271972,0.0,0.0019763295985402232,18148.13088722397,8410.430548533353,0,-001,1003050
13700.0,13.0,2.1604951796145913,1.7895597269813392e-10,0.0,0.0001,13.0,1.27758353409753,1.2612054126519457e-10,0.0,0.0001,-1.0,-1.0,2,-001,1003050
