tphys,kstar_1,mass_1,lum_1,deltam_1,RRLO_1,kstar_2,mass_2,lum_2,deltam_2,RRLO_2,porb,sep,bin_state,merger_type,bin_num
0.0,1.0,14.020201969681963,15850.575565410752,0.0,0.2116557621065939,1.0,7.425501592179392,2421.4930454361515,0.0,0.1915569470841349,6.759596448834259,41.78423983811025,0,-001,1003246
13700.0,13.0,1.5072702443071067,1.4062126445198114e-10,0.0,0.0001,14.0,3.7216780569013137,1e-10,0.0,9.999999999999999e-05,-1.0,-1.0,2,-001,1003246
