tphys,kstar_1,mass_1,lum_1,deltam_1,RRLO_1,kstar_2,mass_2,lum_2,deltam_2,RRLO_2,porb,sep,bin_state,merger_type,bin_num
0.0,1.0,13.357435272462073,13831.721066826683,0.0,0.01188083478384549,1.0,6.710833091711531,1766.0311718614305,0.0,0.01066498998819871,673.799520496435,878.6359965817586,0,-001,1003394
13700.0,13.0,1.6307776537686347,1.4826695013291707e-10,0.0,0.0001,13.0,1.5111007446841693,1.4122715975905826e-10,0.0,0.0001,-1.0,-1.0,2,-001,1003394
