tphys,kstar_1,mass_1,lum_1,deltam_1,RRLO_1,kstar_2,mass_2,lum_2,deltam_2,RRLO_2,porb,sep,bin_state,merger_type,bin_num
0.0,1.0,12.698142707420551,11980.005214038796,0.0,0.3462864848691107,1.0,4.317929762349139,425.25634572897127,0.0,0.2928163455142561,7.6804316497488445,42.120684600041834,0,-001,1003350
13700.0,13.0,1.27758353409753,1.259318477377891e-10,0.0,0.0001,13.0,1.818372223348156,1.5986241543291858e-10,0.0,0.0001,-1.0,-1.0,2,-001,1003350
