tphys,kstar_1,mass_1,lum_1,deltam_1,RRLO_1,kstar_2,mass_2,lum_2,deltam_2,RRLO_2,porb,sep,bin_state,merger_type,bin_num
0.0,1.0,6.946510838232242,1967.7052678753473,0.0,0.012750223687022751,1.0,3.0279006217770017,127.25295162350545,0.0,0.01129485642395304,283.7344041929127,391.0110098135578,0,-001,1003188
13700.0,13.0,1.27758353409753,1.265280148901923e-10,0.0,0.0001,12.0,1.3491405414376973,5.785960865682333e-07,0.0,9.999999999999999e-05,-1.0,-1.0,2,-001,1003188
