tphys,kstar_1,mass_1,lum_1,deltam_1,RRLO_1,kstar_2,mass_2,lum_2,deltam_2,RRLO_2,porb,sep,bin_state,merger_type,bin_num
0.0,1.0,12.121648770990234,10487.144899312922,0.0,0.03286853091176258,1.0,11.490920807342086,8986.706779060547,0.0,0.03259462842531717,154.34060232348787,347.25867523735246,0,-001,1003645
13700.0,13.0,1.4756834201558866,1.3871968260733172e-10,0.0,0.0001,13.0,1.3962384091994033,1.3370420841983923e-10,0.0,0.0001,-1.0,-1.0,2,-001,1003645
