tphys,kstar_1,mass_1,lum_1,deltam_1,RRLO_1,kstar_2,mass_2,lum_2,deltam_2,RRLO_2,porb,sep,bin_state,merger_type,bin_num
0.0,1.0,8.654424359236815,3872.7426937720124,0.0,0.0040419486895928855,1.0,7.928554415971467,2964.136640090554,0.0,0.003987214478358718,2079.8087439255933,1747.9204956983067,0,-001,1003673
13700.0,13.0,1.27758353409753,1.262183806897954e-10,0.0,0.0001,13.0,1.27758353409753,1.2632448272246518e-10,0.0,0.0001,-1.0,-1.0,2,-001,1003673
