tphys,kstar_1,mass_1,lum_1,deltam_1,RRLO_1,kstar_2,mass_2,lum_2,deltam_2,RRLO_2,porb,sep,bin_state,merger_type,bin_num
0.0,1.0,15.382236561264,20501.53856304762,0.0,0.0007856155655321612,1.0,14.165347993996885,16313.943069969337,0.0,0.0007756840376357326,307292.1387581246,59223.42523014829,0,-001,1003901
13700.0,13.0,2.454506442829173,1.9490089940965647e-10,0.0,0.0001,13.0,1.930362742314441,1.6596922968441558e-10,0.0,0.0001,-1.0,-1.0,2,-001,1003901
