tphys,kstar_1,mass_1,lum_1,deltam_1,RRLO_1,kstar_2,mass_2,lum_2,deltam_2,RRLO_2,porb,sep,bin_state,merger_type,bin_num
0.0,1.0,22.086615031900415,53338.498181973046,0.0,0.7109633460942839,1.0,12.930732638911831,12615.564029743911,0.0,0.6555552701044639,3.2299294767075115,30.072878709642353,0,-001,1003276
13700.0,13.0,2.3218224814579433,1.8763567131658787e-10,0.0,0.0001,14.0,21.913887700294712,1e-10,0.0,0.0001,-1.0,-1.0,2,-001,1003276
