tphys,kstar_1,mass_1,lum_1,deltam_1,RRLO_1,kstar_2,mass_2,lum_2,deltam_2,RRLO_2,porb,sep,bin_state,merger_type,bin_num
0.0,1.0,10.529887128586005,6961.37157668987,0.0,0.00048776049253154854,1.0,5.365423084295551,865.982247714603,0.0,0.00043934811818639404,40227.61429028354,12418.174196641467,0,-001,1003931
13700.0,13.0,1.27758353409753,1.2603996307629117e-10,0.0,0.0001,12.0,1.2686262368460464,5.357738024828498e-07,0.0,0.0001,-1.0,-1.0,2,-001,1003931
