tphys,kstar_1,mass_1,lum_1,deltam_1,RRLO_1,kstar_2,mass_2,lum_2,deltam_2,RRLO_2,porb,sep,bin_state,merger_type,bin_num
0.0,1.0,11.209523756714242,8361.412182506947,0.0,0.016435532653397717,1.0,5.244971917225218,804.6626802267226,0.0,0.01460620053784123,258.8981235461801,434.6429975192636,0,-001,1003086
13700.0,13.0,1.3605207625545759,1.3141938027014703e-10,0.0,0.0001,13.0,1.514905765063005,1.4160056975160465e-10,0.0,0.0001,-1.0,-1.0,2,-001,1003086
