tphys,kstar_1,mass_1,lum_1,deltam_1,RRLO_1,kstar_2,mass_2,lum_2,deltam_2,RRLO_2,porb,sep,bin_state,merger_type,bin_num
0.0,1.0,14.974223121047904,19036.982457797058,0.0,0.2329936042534763,1.0,14.532663009965052,17520.84660913671,0.0,0.2319194596563608,5.94536604612945,42.66241336109049,0,-001,1003059
13700.0,13.0,1.6836307138763,1.5141064844883377e-10,0.0,0.0001,14.0,14.580988895016969,1e-10,0.0,9.999999999999999e-05,-1.0,-1.0,2,-001,1003059
