tphys,kstar_1,mass_1,lum_1,deltam_1,RRLO_1,kstar_2,mass_2,lum_2,deltam_2,RRLO_2,porb,sep,bin_state,merger_type,bin_num
0.0,1.0,22.704039918788467,57181.78284767157,0.0,0.3780126677006894,1.0,9.718946941420151,5489.787173047332,0.0,0.33168272702048673,3.353966123259228,30.056749692680267,0,-001,1003856
13700.0,13.0,2.6609882015340114,2.055736356071109e-10,0.0,0.0001,14.0,15.744520916731773,1e-10,0.0,9.999999999999999e-05,-1.0,-1.0,2,-001,1003856
