tphys,kstar_1,mass_1,lum_1,deltam_1,RRLO_1,kstar_2,mass_2,lum_2,deltam_2,RRLO_2,porb,sep,bin_state,merger_type,bin_num
0.0,1.0,13.422579783467786,14023.134335949026,0.0,0.4837728458753378,1.0,9.553891653267437,5216.089317140113,0.0,0.4586605808347279,3.2554348726719513,26.26953258990852,0,-001,1003877
13700.0,13.0,1.3731453207765545,1.3213026235473196e-10,0.0,0.0001,14.0,6.4413098014107275,1e-10,0.0,9.999999999999999e-05,-1.0,-1.0,2,-001,1003877
