tphys,kstar_1,mass_1,lum_1,deltam_1,RRLO_1,kstar_2,mass_2,lum_2,deltam_2,RRLO_2,porb,sep,bin_state,merger_type,bin_num
0.0,1.0,8.942218826748054,4275.758044294176,0.0,0.18797959870611644,1.0,7.154964156676396,2157.8416695531732,0.0,0.18157994381119333,5.363367452129015,32.54569537017765,0,-001,1003243
13700.0,13.0,1.27758353409753,1.2618265274516418e-10,0.0,0.0001,13.0,1.6142994424569468,1.4778993794153706e-10,0.0,0.0001,-1.0,-1.0,2,-001,1003243
