tphys,kstar_1,mass_1,lum_1,deltam_1,RRLO_1,kstar_2,mass_2,lum_2,deltam_2,RRLO_2,porb,sep,bin_state,merger_type,bin_num
0.0,1.0,6.1631044610060695,1349.7710748019722,0.0,0.0023445099435059893,1.0,6.126516071555872,1324.4897873389302,0.0,0.0023423936835703647,3719.279206636613,2330.436314948665,0,-001,1003031
13700.0,13.0,1.2694718706648649,1.2624628098257588e-10,0.0,1.172627315833199e-06,13.0,1.242,1.244233234064154e-10,0.0,1.1844081905966973e-06,31.99574765952065,57.63100257048265,0,-001,1003031
