tphys,kstar_1,mass_1,lum_1,deltam_1,RRLO_1,kstar_2,mass_2,lum_2,deltam_2,RRLO_2,porb,sep,bin_state,merger_type,bin_num
0.0,1.0,13.472181528063881,14169.902127504412,0.0,0.22713605150475083,1.0,7.589676799710872,2590.994491819977,0.0,0.20757489983222668,5.1164749014590205,34.49567820223541,0,-001,1003294
13700.0,13.0,1.437936834368559,1.3627303263446832e-10,0.0,0.0001,14.0,3.536822791984253,1e-10,0.0,0.0001,-1.0,-1.0,2,-001,1003294
