tphys,kstar_1,mass_1,lum_1,deltam_1,RRLO_1,kstar_2,mass_2,lum_2,deltam_2,RRLO_2,porb,sep,bin_state,merger_type,bin_num
0.0,1.0,12.617324451596366,11763.66083332926,0.0,0.045142179864915644,1.0,8.283538966451848,3389.504821840683,0.0,0.04225833487762943,52.98865745634613,163.4789777088205,0,-001,1003790
13700.0,13.0,1.5131189742240112,1.4104333623484138e-10,0.0,0.0001,14.0,3.1262675100661426,1e-10,0.0,9.999999999999999e-05,-1.0,-1.0,2,-001,1003790
