tphys,kstar_1,mass_1,lum_1,deltam_1,RRLO_1,kstar_2,mass_2,lum_2,deltam_2,RRLO_2,porb,sep,bin_state,merger_type,bin_num
0.0,1.0,12.467829696490405,11369.561302507213,0.0,0.028107341660223804,1.0,8.093940295712892,3157.85994370092,0.0,0.026265687460088182,148.5829650474322,323.30920728182025,0,-001,1003201
13700.0,13.0,1.5192422306963584,1.4143254463458264e-10,0.0,0.0001,13.0,2.8562368222879364,2.1622179598717483e-10,0.0,0.0001,-1.0,-1.0,2,-001,1003201
