tphys,kstar_1,mass_1,lum_1,deltam_1,RRLO_1,kstar_2,mass_2,lum_2,deltam_2,RRLO_2,porb,sep,bin_state,merger_type,bin_num
0.0,1.0,13.932248321668705,15573.514069508246,0.0,0.3974401490958976,1.0,9.734807598929425,5516.541187689777,0.0,0.37573008469772645,2.0589653179864285,19.547864795359008,0,-001,1003788
13700.0,13.0,1.37730015126209,1.3238125152423237e-10,0.0,0.0001,14.0,7.687697975086403,1e-10,0.0,0.0001,-1.0,-1.0,2,-001,1003788
