tphys,kstar_1,mass_1,lum_1,deltam_1,RRLO_1,kstar_2,mass_2,lum_2,deltam_2,RRLO_2,porb,sep,bin_state,merger_type,bin_num
0.0,1.0,14.191233387300134,16397.385251000913,0.0,0.05241813531841674,1.0,13.694635445151965,14839.032152208913,0.0,0.052129177611413134,66.87320419427635,210.17515445724595,0,-001,1003974
13700.0,13.0,1.790895534464015,1.5783539569092616e-10,0.0,0.0001,13.0,1.6729250810052314,1.508097985081808e-10,0.0,0.0001,-1.0,-1.0,2,-001,1003974
