tphys,kstar_1,mass_1,lum_1,deltam_1,RRLO_1,kstar_2,mass_2,lum_2,deltam_2,RRLO_2,porb,sep,bin_state,merger_type,bin_num
0.0,1.0,12.324983418713355,11000.34835034501,0.0,0.022105120069395953,1.0,5.232810660968316,798.634152849807,0.0,0.019340623720882008,292.43567450918874,481.7208509015523,0,-001,1003439
13700.0,13.0,1.5012786559381217,1.4031685256531783e-10,0.0,0.0001,13.0,1.6004181135697295,1.4681933148794063e-10,0.0,0.0001,-1.0,-1.0,2,-001,1003439
