tphys,kstar_1,mass_1,lum_1,deltam_1,RRLO_1,kstar_2,mass_2,lum_2,deltam_2,RRLO_2,porb,sep,bin_state,merger_type,bin_num
0.0,1.0,7.537910994412786,2536.7645785835266,0.0,0.0308153062759306,1.0,4.969689968270568,675.3325375541936,0.0,0.028926961569153205,182.06581897285994,313.6862712278076,0,-001,1003389
13700.0,13.0,1.27758353409753,1.2639550877310525e-10,0.0,0.0001,13.0,1.27758353409753,1.2679567995473324e-10,0.0,0.0001,-1.0,-1.0,2,-001,1003389
