tphys,kstar_1,mass_1,lum_1,deltam_1,RRLO_1,kstar_2,mass_2,lum_2,deltam_2,RRLO_2,porb,sep,bin_state,merger_type,bin_num
0.0,1.0,7.358338701942323,2354.234398394992,0.0,0.006413524791804284,1.0,7.282980143154987,2280.1939912977878,0.0,0.006403347097062647,851.3460602428933,924.4484811359619,0,-001,1003260
13700.0,13.0,1.27758353409753,1.2643216738383237e-10,0.0,0.0001,13.0,1.27758353409753,1.2644841186740768e-10,0.0,0.0001,-1.0,-1.0,2,-001,1003260
