tphys,kstar_1,mass_1,lum_1,deltam_1,RRLO_1,kstar_2,mass_2,lum_2,deltam_2,RRLO_2,porb,sep,bin_state,merger_type,bin_num
0.0,1.0,13.44938135245526,14102.328178797587,0.0,0.44902814385615347,1.0,9.567648289822824,5238.572863193822,0.0,0.42568304398903967,1.6577454116093928,16.76152549866354,0,-001,1003430
13700.0,13.0,1.27758353409753,1.2589834910038496e-10,0.0,0.0001,14.0,7.095716345239734,1e-10,0.0,0.0001,-1.0,-1.0,2,-001,1003430
