tphys,kstar_1,mass_1,lum_1,deltam_1,RRLO_1,kstar_2,mass_2,lum_2,deltam_2,RRLO_2,porb,sep,bin_state,merger_type,bin_num
0.0,1.0,6.629995837690552,1700.0430277342286,0.0,0.010195869250115975,1.0,4.201770256727259,388.3912472798356,0.0,0.009525771284585696,355.23811579814105,466.87220908659134,0,-001,1003623
13700.0,13.0,1.27758353409753,1.2662405135153055e-10,0.0,0.0001,13.0,1.27758353409753,1.2709264616032325e-10,0.0,0.0001,-1.0,-1.0,2,-001,1003623
