tphys,kstar_1,mass_1,lum_1,deltam_1,RRLO_1,kstar_2,mass_2,lum_2,deltam_2,RRLO_2,porb,sep,bin_state,merger_type,bin_num
0.0,1.0,20.016241816648744,41444.9664568622,0.0,0.9305444091090432,1.0,12.099609654823501,10432.388409855188,0.0,0.8614053392165575,2.039753943561954,21.506854381147672,0,-001,1003882
13700.0,13.0,1.27758353409753,1.2579301536072194e-10,0.0,0.0001,14.0,22.052356202607083,1e-10,0.0,9.999999999999999e-05,-1.0,-1.0,2,-001,1003882
