tphys,kstar_1,mass_1,lum_1,deltam_1,RRLO_1,kstar_2,mass_2,lum_2,deltam_2,RRLO_2,porb,sep,bin_state,merger_type,bin_num
0.0,1.0,13.347638497043578,13803.067272249506,0.0,0.01387850528698884,1.0,8.880781481828242,4187.63745404252,0.0,0.01301913596713314,1736.971124016897,1709.1617186178694,0,-001,1003323
13700.0,13.0,1.6295526043598176,1.4819272368579976e-10,0.0,0.0001,13.0,2.7473476960824375,2.1059430026479987e-10,0.0,0.0001,-1.0,-1.0,2,-001,1003323
