tphys,kstar_1,mass_1,lum_1,deltam_1,RRLO_1,kstar_2,mass_2,lum_2,deltam_2,RRLO_2,porb,sep,bin_state,merger_type,bin_num
0.0,1.0,6.337386464012325,1474.4639556490308,0.0,0.005288451407709229,1.0,4.179245460936799,381.496596618811,0.0,0.004971425491449407,4189.638602065879,2395.3105446785726,0,-001,1003004
13700.0,13.0,1.27758353409753,1.2672320384415542e-10,0.0,0.0001,13.0,1.27758353409753,1.2746977731724555e-10,0.0,0.0001,-1.0,-1.0,2,-001,1003004
