tphys,kstar_1,mass_1,lum_1,deltam_1,RRLO_1,kstar_2,mass_2,lum_2,deltam_2,RRLO_2,porb,sep,bin_state,merger_type,bin_num
0.0,1.0,14.287936046095234,16711.26675771628,0.0,0.024143182926032274,1.0,5.536024744538461,957.9248422704297,0.0,0.020807754240151553,163.9430004951717,341.04416456516526,0,-001,1003412
13700.0,13.0,1.8174982340277512,1.59399081506142e-10,0.0,0.0001,13.0,2.114743639585758,1.7680304309863964e-10,0.0,0.0001,-1.0,-1.0,2,-001,1003412
