tphys,kstar_1,mass_1,lum_1,deltam_1,RRLO_1,kstar_2,mass_2,lum_2,deltam_2,RRLO_2,porb,sep,bin_state,merger_type,bin_num
0.0,1.0,11.943585812706724,10049.587250877441,0.0,0.0004629953496669014,1.0,9.699225354963565,5456.631700791999,0.0,0.0004481241514984465,89431.86109327235,23445.057157901985,0,-001,1003399
13700.0,13.0,1.4532455909248065,1.373121628802517e-10,0.0,0.0001,13.0,1.27758353409753,1.2610618844753766e-10,0.0,0.0001,-1.0,-1.0,2,-001,1003399
