tphys,kstar_1,mass_1,lum_1,deltam_1,RRLO_1,kstar_2,mass_2,lum_2,deltam_2,RRLO_2,porb,sep,bin_state,merger_type,bin_num
0.0,1.0,9.730395610120471,5509.090963104435,0.0,0.0042666821585066895,1.0,7.776507895517434,2792.796917386883,0.0,0.004119995028180923,4669.77042118237,3051.7715923000806,0,-001,1003680
13700.0,13.0,1.27758353409753,1.261033985960977e-10,0.0,0.0001,13.0,1.27758353409753,1.2635066403593914e-10,0.0,0.0001,-1.0,-1.0,2,-001,1003680
