tphys,kstar_1,mass_1,lum_1,deltam_1,RRLO_1,kstar_2,mass_2,lum_2,deltam_2,RRLO_2,porb,sep,bin_state,merger_type,bin_num
0.0,1.0,8.51077681997636,3680.8022242601483,0.0,0.05991892205842312,1.0,7.372253988721337,2368.0708829404343,0.0,0.05859808793494215,135.64533571972564,279.1684033220181,0,-001,1003359
13700.0,13.0,1.27758353409753,1.2623797591537406e-10,0.0,0.0001,13.0,1.586117031262191,1.4614146747450647e-10,0.0,0.0001,-1.0,-1.0,2,-001,1003359
