tphys,kstar_1,mass_1,lum_1,deltam_1,RRLO_1,kstar_2,mass_2,lum_2,deltam_2,RRLO_2,porb,sep,bin_state,merger_type,bin_num
0.0,1.0,11.038224173938945,7993.9326147096945,0.0,0.001646148802760672,1.0,8.09592232843578,3160.228456704738,0.0,0.001568139254285037,11741.27845705385,5812.529681601881,0,-001,1003905
13700.0,13.0,1.3388326333999774,1.3002262431544375e-10,0.0,0.0001,13.0,1.27758353409753,1.2629736346153962e-10,0.0,0.0001,-1.0,-1.0,2,-001,1003905
