tphys,kstar_1,mass_1,lum_1,deltam_1,RRLO_1,kstar_2,mass_2,lum_2,deltam_2,RRLO_2,porb,sep,bin_state,merger_type,bin_num
0.0,1.0,7.5766347661387945,2577.2632105297726,0.0,0.000945169150239954,1.0,5.30463401035901,834.66851724386,0.0,0.000895211331142611,183400.8464872197,31832.61607149712,0,-001,1003237
13700.0,13.0,1.27758353409753,1.263879620218463e-10,0.0,0.0001,12.0,1.2558273183804531,5.308711578904822e-07,0.0,9.999999999999999e-05,-1.0,-1.0,2,-001,1003237
