tphys,kstar_1,mass_1,lum_1,deltam_1,RRLO_1,kstar_2,mass_2,lum_2,deltam_2,RRLO_2,porb,sep,bin_state,merger_type,bin_num
0.0,1.0,8.66345009166299,3885.0063832621927,0.0,0.0031746793969519168,1.0,8.387061202418831,3520.348546359577,0.0,0.003158674609995597,7467.72058176014,4136.722629328091,0,-001,1003601
13700.0,13.0,1.27758353409753,1.262172307502042e-10,0.0,0.0001,13.0,1.27758353409753,1.262542022903987e-10,0.0,0.0001,-1.0,-1.0,2,-001,1003601
