tphys,kstar_1,mass_1,lum_1,deltam_1,RRLO_1,kstar_2,mass_2,lum_2,deltam_2,RRLO_2,porb,sep,bin_state,merger_type,bin_num
0.0,1.0,12.612955741169293,11752.031991321139,0.0,0.15373492999691318,1.0,7.323045820323932,2319.3717997988933,0.0,0.14117250051166996,9.474257833103897,51.07339324035321,0,-001,1003743
13700.0,13.0,1.404323817942115,1.3416472994465012e-10,0.0,0.0001,13.0,2.7064308618966004,2.0856405893921587e-10,0.0,0.0001,-1.0,-1.0,2,-001,1003743
