tphys,kstar_1,mass_1,lum_1,deltam_1,RRLO_1,kstar_2,mass_2,lum_2,deltam_2,RRLO_2,porb,sep,bin_state,merger_type,bin_num
0.0,1.0,15.102147874091287,19489.580719843114,0.0,0.009546931066005338,1.0,12.469904901902881,11374.977997312317,0.0,0.009267018629616852,1432.4828857635819,1614.9827520593274,0,-001,1003196
13700.0,13.0,2.298699472428613,1.8653245539233738e-10,0.0,0.0001,13.0,1.6108831881280905,1.4710127124785405e-10,0.0,0.0001,-1.0,-1.0,2,-001,1003196
