tphys,kstar_1,mass_1,lum_1,deltam_1,RRLO_1,kstar_2,mass_2,lum_2,deltam_2,RRLO_2,porb,sep,bin_state,merger_type,bin_num
0.0,1.0,12.418826049458065,11242.093081432602,0.0,0.08011459607115994,1.0,9.918630491220368,5832.457388409888,0.0,0.0773396976801368,21.67016665250048,92.08833788309505,0,-001,1003333
13700.0,13.0,1.4586529944231255,1.3763002560003568e-10,0.0,0.0001,14.0,5.056941505230091,1e-10,0.0,0.0001,-1.0,-1.0,2,-001,1003333
