tphys,kstar_1,mass_1,lum_1,deltam_1,RRLO_1,kstar_2,mass_2,lum_2,deltam_2,RRLO_2,porb,sep,bin_state,merger_type,bin_num
0.0,1.0,13.848406446729205,15312.017224452935,0.0,0.2606070725799339,1.0,10.520930906724816,6943.949038687347,0.0,0.24963650326527545,4.73817711708391,34.406513028999036,0,-001,1003418
13700.0,13.0,1.5066145470299617,1.4058615914534945e-10,0.0,0.0001,14.0,8.243223611243412,1e-10,0.0,0.0001,-1.0,-1.0,2,-001,1003418
