tphys,kstar_1,mass_1,lum_1,deltam_1,RRLO_1,kstar_2,mass_2,lum_2,deltam_2,RRLO_2,porb,sep,bin_state,merger_type,bin_num
0.0,1.0,28.35729266515832,98442.54296603006,0.0,0.603687658842477,1.0,14.568789928392437,17642.21057234608,0.0,0.5478268892882389,1.4735591034330973,19.07380560845755,0,-001,1003551
13700.0,13.0,1.8734670728659357,1.6247370519017575e-10,0.0,0.0001,14.0,14.637152069859404,1e-10,0.0,0.0001,-1.0,-1.0,2,-001,1003551
