tphys,kstar_1,mass_1,lum_1,deltam_1,RRLO_1,kstar_2,mass_2,lum_2,deltam_2,RRLO_2,porb,sep,bin_state,merger_type,bin_num
0.0,1.0,9.44539355726472,5040.8417374847595,0.0,0.0019705943878760646,1.0,6.7707066559796285,1815.9483652309877,0.0,0.0018712410137571595,5862.6861031645785,3462.0377140860624,0,-001,1003702
13700.0,13.0,1.27758353409753,1.2613001169060055e-10,0.0,0.0001,13.0,1.27758353409753,1.2657692694133313e-10,0.0,0.0001,-1.0,-1.0,2,-001,1003702
