tphys,kstar_1,mass_1,lum_1,deltam_1,RRLO_1,kstar_2,mass_2,lum_2,deltam_2,RRLO_2,porb,sep,bin_state,merger_type,bin_num
0.0,1.0,13.325242171837107,13737.691573861139,0.0,0.006544195737702786,1.0,10.904798968505327,7714.556127179611,0.0,0.006342074728439643,1888.7079379134177,1860.0008711133205,0,-001,1003959
13700.0,13.0,1.6267517539347764,1.4802295051987912e-10,0.0,0.0001,13.0,1.323555931752795,1.290350567125311e-10,0.0,0.0001,-1.0,-1.0,2,-001,1003959
