tphys,kstar_1,mass_1,lum_1,deltam_1,RRLO_1,kstar_2,mass_2,lum_2,deltam_2,RRLO_2,porb,sep,bin_state,merger_type,bin_num
0.0,1.0,14.973612019123257,19034.83479761492,0.0,0.0009237848028146552,1.0,14.607271649163053,17772.010078854124,0.0,0.0009202599074425522,116636.92685759036,31058.441088102743,0,-001,1003823
13700.0,13.0,2.2710230566172442,1.8502949352777493e-10,0.0,0.0001,13.0,2.112840231576283,1.763057992595691e-10,0.0,0.0001,-1.0,-1.0,2,-001,1003823
