tphys,kstar_1,mass_1,lum_1,deltam_1,RRLO_1,kstar_2,mass_2,lum_2,deltam_2,RRLO_2,porb,sep,bin_state,merger_type,bin_num
0.0,1.0,8.219040558504389,3309.547745115948,0.0,0.006059910115265858,1.0,7.552459732054269,2551.93253917602,0.0,0.005980909954673269,891.5736896715727,977.2696062476402,0,-001,1003245
13700.0,13.0,1.27758353409753,1.262785865823767e-10,0.0,0.0001,13.0,1.27758353409753,1.263925816787627e-10,0.0,0.0001,-1.0,-1.0,2,-001,1003245
