tphys,kstar_1,mass_1,lum_1,deltam_1,RRLO_1,kstar_2,mass_2,lum_2,deltam_2,RRLO_2,porb,sep,bin_state,merger_type,bin_num
0.0,1.0,5.801717608594697,1113.3719029276892,0.0,0.0037383441393616192,1.0,3.2543193662573966,163.40012148466118,0.0,0.003438834356611275,2893.5146182798367,1780.526368072974,0,-001,1003777
13700.0,13.0,1.242,1.2556666829573056e-10,0.0,4.179194905050024e-06,12.0,1.346781503594381,5.804216086386239e-07,0.0,0.0005962934519716712,1.9470876701179933,9.006872814172755,0,-001,1003777
