tphys,kstar_1,mass_1,lum_1,deltam_1,RRLO_1,kstar_2,mass_2,lum_2,deltam_2,RRLO_2,porb,sep,bin_state,merger_type,bin_num
0.0,1.0,14.111091852547318,16139.838109667593,0.0,0.009538985626785618,1.0,5.591214550567798,988.9711424633017,0.0,0.008250305186980661,588.4277186163428,797.8470886780143,0,-001,1003349
13700.0,13.0,1.8925922908738986,1.6378847800883775e-10,0.0,0.0001,13.0,1.27758353409753,1.2666846055324815e-10,0.0,0.0001,-1.0,-1.0,2,-001,1003349
