tphys,kstar_1,mass_1,lum_1,deltam_1,RRLO_1,kstar_2,mass_2,lum_2,deltam_2,RRLO_2,porb,sep,bin_state,merger_type,bin_num
0.0,1.0,10.130071522284727,6209.232708815124,0.0,0.07183968331888736,1.0,9.088641041906891,4490.384656848281,0.0,0.07062940114751948,65.41327258459994,182.93799236367101,0,-001,1003060
13700.0,13.0,1.27758353409753,1.2607001376533742e-10,0.0,0.0001,13.0,2.641364525871974,2.0530882156819245e-10,0.0,0.0001,-1.0,-1.0,2,-001,1003060
