tphys,kstar_1,mass_1,lum_1,deltam_1,RRLO_1,kstar_2,mass_2,lum_2,deltam_2,RRLO_2,porb,sep,bin_state,merger_type,bin_num
0.0,1.0,15.912261973660796,22495.59309153412,0.0,0.056607395514776004,1.0,7.087393678882959,2094.9828070913095,0.0,0.049853641792711734,58.1079708292588,179.48003459170613,0,-001,1003386
13700.0,13.0,1.9703555259078835,1.6820613913332648e-10,0.0,0.0001,14.0,4.072565161766742,1e-10,0.0,0.0001,-1.0,-1.0,2,-001,1003386
