tphys,kstar_1,mass_1,lum_1,deltam_1,RRLO_1,kstar_2,mass_2,lum_2,deltam_2,RRLO_2,porb,sep,bin_state,merger_type,bin_num
0.0,1.0,7.0801614140137445,2088.3248379555685,0.0,0.0022615513211296117,1.0,5.8211733653492646,1125.355528272825,0.0,0.002195051916948996,3667.2380067877225,2346.3322304062026,0,-001,1003791
13700.0,13.0,1.27758353409753,1.264949167309014e-10,0.0,0.0001,12.0,1.3461470489275829,5.650474552682965e-07,0.0,0.0001,-1.0,-1.0,2,-001,1003791
