tphys,kstar_1,mass_1,lum_1,deltam_1,RRLO_1,kstar_2,mass_2,lum_2,deltam_2,RRLO_2,porb,sep,bin_state,merger_type,bin_num
0.0,1.0,13.456599116381348,14123.699561144627,0.0,0.22299067288976554,1.0,6.530566398140159,1621.0734737701353,0.0,0.19908795825366776,6.931005200153575,41.50175345807947,0,-001,1003274
13700.0,13.0,1.4073391822854537,1.343241443352064e-10,0.0,0.0001,13.0,2.7351694882497313,2.1000554649198046e-10,0.0,0.0001,-1.0,-1.0,2,-001,1003274
