tphys,kstar_1,mass_1,lum_1,deltam_1,RRLO_1,kstar_2,mass_2,lum_2,deltam_2,RRLO_2,porb,sep,bin_state,merger_type,bin_num
0.0,1.0,20.42105249155424,43648.902449056404,0.0,0.9146132827119846,1.0,16.144893065946974,23403.528222047204,0.0,0.8829853527860159,3.5969198936264526,32.77917408201305,0,-001,1003018
13700.0,13.0,1.8374471757930015,1.60437102909924e-10,0.0,0.0001,14.0,28.54646697112614,1e-10,0.0,0.0001,-1.0,-1.0,2,-001,1003018
