tphys,kstar_1,mass_1,lum_1,deltam_1,RRLO_1,kstar_2,mass_2,lum_2,deltam_2,RRLO_2,porb,sep,bin_state,merger_type,bin_num
0.0,1.0,9.68936397914329,5440.0991834992665,0.0,0.0432011675442543,1.0,8.899511338319073,4214.3813197744175,0.0,0.04263020498604602,51.48726260250537,154.2302159037625,0,-001,1003865
13700.0,13.0,1.27758353409753,1.2610708473649007e-10,0.0,0.0001,13.0,2.379679282064801,1.9150587949272344e-10,0.0,0.0001,-1.0,-1.0,2,-001,1003865
