tphys,kstar_1,mass_1,lum_1,deltam_1,RRLO_1,kstar_2,mass_2,lum_2,deltam_2,RRLO_2,porb,sep,bin_state,merger_type,bin_num
0.0,1.0,15.261699332272384,20062.501605399444,0.0,0.12349001997926637,1.0,13.075465118152408,13020.7716928406,0.0,0.12056561961983381,13.22604017460759,71.72830726575123,0,-001,1003651
13700.0,13.0,1.8506701495546054,1.6130864797446305e-10,0.0,0.0001,14.0,12.302908137866815,1e-10,0.0,0.0001,-1.0,-1.0,2,-001,1003651
