tphys,kstar_1,mass_1,lum_1,deltam_1,RRLO_1,kstar_2,mass_2,lum_2,deltam_2,RRLO_2,porb,sep,bin_state,merger_type,bin_num
0.0,1.0,10.93621054206242,7779.789989758549,0.0,0.0003282663832600128,1.0,8.225771796080918,3317.836424572815,0.0,0.00031394601767940216,80659.76012864457,21015.3513853607,0,-001,1003451
13700.0,13.0,1.3259081588900858,1.2918680574793824e-10,0.0,0.0001,13.0,1.27758353409753,1.2627756932163756e-10,0.0,0.0001,-1.0,-1.0,2,-001,1003451
