tphys,kstar_1,mass_1,lum_1,deltam_1,RRLO_1,kstar_2,mass_2,lum_2,deltam_2,RRLO_2,porb,sep,bin_state,merger_type,bin_num
0.0,1.0,8.017527020406432,3067.395312464332,0.0,0.08136638965629758,1.0,5.985532161950943,1229.9374981537956,0.0,0.07779356558246955,23.86232188907101,84.04295899167302,0,-001,1003961
13700.0,13.0,1.27758353409753,1.2631030043792756e-10,0.0,0.0001,13.0,1.3792519199188318,1.332484807561351e-10,0.0,0.0001,-1.0,-1.0,2,-001,1003961
