tphys,kstar_1,mass_1,lum_1,deltam_1,RRLO_1,kstar_2,mass_2,lum_2,deltam_2,RRLO_2,porb,sep,bin_state,merger_type,bin_num
0.0,1.0,11.24435862212206,8437.357061542021,0.0,0.27555266851995375,1.0,6.7155742870298525,1769.9515193014886,0.0,0.25423300676914706,47.1041831436563,143.6899679687112,0,-001,1003864
13700.0,13.0,1.27758353409753,1.2599354926297077e-10,0.0,0.0001,13.0,2.08542806461597,1.752416542182262e-10,0.0,0.0001,-1.0,-1.0,2,-001,1003864
