tphys,kstar_1,mass_1,lum_1,deltam_1,RRLO_1,kstar_2,mass_2,lum_2,deltam_2,RRLO_2,porb,sep,bin_state,merger_type,bin_num
0.0,1.0,13.099701381992881,13089.357092417735,0.0,0.09828960224825536,1.0,7.562326846285635,2562.252208276062,0.0,0.0901719540248202,15.924891003246543,73.06799480768832,0,-001,1003410
13700.0,13.0,1.507548854867596,1.4067339291903378e-10,0.0,0.0001,13.0,2.9803595811339836,2.2244143938977543e-10,0.0,0.0001,-1.0,-1.0,2,-001,1003410
