tphys,kstar_1,mass_1,lum_1,deltam_1,RRLO_1,kstar_2,mass_2,lum_2,deltam_2,RRLO_2,porb,sep,bin_state,merger_type,bin_num
0.0,1.0,11.126005346948881,8181.005491385474,0.0,0.5173776404039707,1.0,6.590490440797999,1668.3781927074697,0.0,0.4767606762791035,1.558652724272195,14.742712977983915,0,-001,1003993
13700.0,13.0,1.27758353409753,1.2601677933581974e-10,0.0,0.0001,13.0,2.340588982136265,1.8932608729555146e-10,0.0,0.0001,-1.0,-1.0,2,-001,1003993
