tphys,kstar_1,mass_1,lum_1,deltam_1,RRLO_1,kstar_2,mass_2,lum_2,deltam_2,RRLO_2,porb,sep,bin_state,merger_type,bin_num
0.0,1.0,7.617980647962481,2620.9531154773827,0.0,0.00429613429163621,1.0,7.499671621649576,2497.1701961801546,0.0,0.004285746088027871,1551.3780705842382,1393.9860983200595,0,-001,1003156
13700.0,13.0,1.27758353409753,1.263800374776815e-10,0.0,0.0001,13.0,1.27758353409753,1.2640308165402388e-10,0.0,0.0001,-1.0,-1.0,2,-001,1003156
