tphys,kstar_1,mass_1,lum_1,deltam_1,RRLO_1,kstar_2,mass_2,lum_2,deltam_2,RRLO_2,porb,sep,bin_state,merger_type,bin_num
0.0,1.0,7.6658623230276035,2672.131092528418,0.0,0.01535958889258484,1.0,3.8427032640156,287.92909033920466,0.0,0.013849032635766824,1102.8538269921617,1013.8435178533812,0,-001,1003997
13700.0,13.0,1.27758353409753,1.2637102853404887e-10,0.0,0.0001,13.0,1.27758353409753,1.2693222207931207e-10,0.0,0.0001,-1.0,-1.0,2,-001,1003997
