tphys,kstar_1,mass_1,lum_1,deltam_1,RRLO_1,kstar_2,mass_2,lum_2,deltam_2,RRLO_2,porb,sep,bin_state,merger_type,bin_num
0.0,1.0,9.704550625969349,5465.572278527224,0.0,0.020710259701641073,1.0,3.572655900396709,224.96155179090502,0.0,0.01779236511752194,188.42355863153753,327.3991881351917,0,-001,1003571
13700.0,13.0,1.27758353409753,1.2610571493531867e-10,0.0,0.0001,13.0,1.27758353409753,1.2663688410868693e-10,0.0,0.0001,-1.0,-1.0,2,-001,1003571
