tphys,kstar_1,mass_1,lum_1,deltam_1,RRLO_1,kstar_2,mass_2,lum_2,deltam_2,RRLO_2,porb,sep,bin_state,merger_type,bin_num
0.0,1.0,7.494330397106724,2491.6710748206337,0.0,0.0011381056049179269,1.0,5.205882438971755,785.390518492998,0.0,0.0010767516811969232,10162.486321273867,4604.921265983975,0,-001,1003784
13700.0,13.0,1.27758353409753,1.2640415018633973e-10,0.0,0.0001,12.0,1.242619670865498,5.261457422065887e-07,0.0,0.0001,-1.0,-1.0,2,-001,1003784
