tphys,kstar_1,mass_1,lum_1,deltam_1,RRLO_1,kstar_2,mass_2,lum_2,deltam_2,RRLO_2,porb,sep,bin_state,merger_type,bin_num
0.0,1.0,6.125011374375508,1323.4566909974092,0.0,0.00561516955001173,1.0,5.212245631477916,788.506973524537,0.0,0.005480721704935521,940.2329885065842,907.008896730097,0,-001,1003163
13700.0,13.0,1.242,1.244232809251851e-10,0.0,0.0001,13.0,1.27758353409753,1.2710404188810294e-10,0.0,0.0001,-1.0,-1.0,2,-001,1003163
