tphys,kstar_1,mass_1,lum_1,deltam_1,RRLO_1,kstar_2,mass_2,lum_2,deltam_2,RRLO_2,porb,sep,bin_state,merger_type,bin_num
0.0,1.0,11.676972864126947,9415.012165020416,0.0,0.008429306550720642,1.0,7.652168194484623,2657.4303262570006,0.0,0.007889291923451173,634.9965257621573,834.0721969717778,0,-001,1003630
13700.0,13.0,1.4196089724130947,1.3518892785405057e-10,0.0,0.0001,13.0,1.27758353409753,1.2634523705164876e-10,0.0,0.0001,-1.0,-1.0,2,-001,1003630
