tphys,kstar_1,mass_1,lum_1,deltam_1,RRLO_1,kstar_2,mass_2,lum_2,deltam_2,RRLO_2,porb,sep,bin_state,merger_type,bin_num
0.0,1.0,12.160637093880375,10584.427485645972,0.0,0.05292975868947323,1.0,7.784003692611182,2801.0934866084494,0.0,0.04935413759166737,273.9646183713609,481.234718879306,0,-001,1003713
13700.0,13.0,1.4451262493717265,1.3678637419884865e-10,0.0,0.0001,13.0,2.6205375528802435,2.0413033664743133e-10,0.0,0.0001,-1.0,-1.0,2,-001,1003713
