tphys,kstar_1,mass_1,lum_1,deltam_1,RRLO_1,kstar_2,mass_2,lum_2,deltam_2,RRLO_2,porb,sep,bin_state,merger_type,bin_num
0.0,1.0,11.342391280522367,8653.295147383054,0.0,0.030758949268903314,1.0,10.35796718947855,6631.545415963521,0.0,0.03032409664201519,276.4937408561077,498.0019756258526,0,-001,1003026
13700.0,13.0,1.3773303344327814,1.3249702507187234e-10,0.0,0.0001,14.0,4.47441279650616,1e-10,0.0,9.999999999999999e-05,-1.0,-1.0,2,-001,1003026
