tphys,kstar_1,mass_1,lum_1,deltam_1,RRLO_1,kstar_2,mass_2,lum_2,deltam_2,RRLO_2,porb,sep,bin_state,merger_type,bin_num
0.0,1.0,11.39075271086016,8761.027192859508,0.0,0.0324379059121345,1.0,4.881885140034589,637.1528766697796,0.0,0.02844136364310308,89.51881970774018,213.32779517124405,0,-001,1003949
13700.0,13.0,1.375313385188925,1.323644800453834e-10,0.0,0.0001,13.0,1.4925562410142532,1.4020091394831973e-10,0.0,0.0001,-1.0,-1.0,2,-001,1003949
