tphys,kstar_1,mass_1,lum_1,deltam_1,RRLO_1,kstar_2,mass_2,lum_2,deltam_2,RRLO_2,porb,sep,bin_state,merger_type,bin_num
0.0,1.0,9.205875231902883,4666.94325260804,0.0,0.006879210032689012,1.0,8.175613740705861,3256.385098522387,0.0,0.0067529883833833204,4146.368570410616,2812.501881867292,0,-001,1003470
13700.0,13.0,1.27758353409753,1.2615433858990368e-10,0.0,0.0001,13.0,1.27758353409753,1.2628497315137694e-10,0.0,0.0001,-1.0,-1.0,2,-001,1003470
