tphys,kstar_1,mass_1,lum_1,deltam_1,RRLO_1,kstar_2,mass_2,lum_2,deltam_2,RRLO_2,porb,sep,bin_state,merger_type,bin_num
0.0,1.0,12.260928122225065,10837.114131422037,0.0,0.13588396184447615,1.0,11.780212370514493,9657.818678096686,0.0,0.13503598719869955,108.84546950493728,276.7858092732296,0,-001,1003595
13700.0,13.0,1.4105325633585857,1.3457833047230262e-10,0.0,0.0001,14.0,8.198675064280897,1e-10,0.0,9.999999999999999e-05,-1.0,-1.0,2,-001,1003595
