tphys,kstar_1,mass_1,lum_1,deltam_1,RRLO_1,kstar_2,mass_2,lum_2,deltam_2,RRLO_2,porb,sep,bin_state,merger_type,bin_num
0.0,1.0,12.827225457315507,12330.353356320882,0.0,0.0021690525000009606,1.0,5.66616515516546,1032.1700125761588,0.0,0.0019088735767580419,5472.291913889724,3454.646214848416,0,-001,1003084
13700.0,13.0,1.5643726050201336,1.4421687934497356e-10,0.0,0.0001,12.0,1.3206422337939474,5.553874660904169e-07,0.0,9.999999999999999e-05,-1.0,-1.0,2,-001,1003084
