tphys,kstar_1,mass_1,lum_1,deltam_1,RRLO_1,kstar_2,mass_2,lum_2,deltam_2,RRLO_2,porb,sep,bin_state,merger_type,bin_num
0.0,1.0,11.91879152683815,9989.534879834338,0.0,0.001458279524838229,1.0,8.412119803775957,3552.4878432347778,0.0,0.0013807352079284827,75651.20966744996,20537.52444393288,0,-001,1003488
13700.0,13.0,1.450119512859038,1.3711550972793528e-10,0.0,0.0001,13.0,1.27758353409753,1.2625067442933413e-10,0.0,0.0001,-1.0,-1.0,2,-001,1003488
