tphys,kstar_1,mass_1,lum_1,deltam_1,RRLO_1,kstar_2,mass_2,lum_2,deltam_2,RRLO_2,porb,sep,bin_state,merger_type,bin_num
0.0,1.0,6.436269522288768,1548.3931925078775,0.0,0.008185348927685335,1.0,2.7881177517619755,95.27232585603653,0.0,0.007260631346302339,466.0934912405059,530.3709904318224,0,-001,1003860
13700.0,13.0,1.242,1.2431113387066788e-10,0.0,0.0001,13.0,1.27758353409753,1.274451086887201e-10,0.0,0.0001,-1.0,-1.0,2,-001,1003860
