tphys,kstar_1,mass_1,lum_1,deltam_1,RRLO_1,kstar_2,mass_2,lum_2,deltam_2,RRLO_2,porb,sep,bin_state,merger_type,bin_num
0.0,1.0,11.076672648078508,8075.551135244225,0.0,0.09861757533073312,1.0,5.648863184812809,1022.0911579708971,0.0,0.08880869416950744,15.095368427000494,65.71145015043668,0,-001,1003469
13700.0,13.0,1.2847292447511456,1.2647543041456028e-10,0.0,0.0001,13.0,1.5873679327486234,1.4607091307559e-10,0.0,0.0001,-1.0,-1.0,2,-001,1003469
