tphys,kstar_1,mass_1,lum_1,deltam_1,RRLO_1,kstar_2,mass_2,lum_2,deltam_2,RRLO_2,porb,sep,bin_state,merger_type,bin_num
0.0,1.0,11.441818041623074,8875.649130304373,0.0,0.1625102229077078,1.0,4.077259744726435,351.29190659985346,0.0,0.13857628707919598,9.004229210836595,45.41558275432506,0,-001,1003278
13700.0,13.0,1.27758353409753,1.25982137606722e-10,0.0,0.0001,13.0,1.4470053058446397,1.3733778159323524e-10,0.0,0.0001,-1.0,-1.0,2,-001,1003278
