tphys,kstar_1,mass_1,lum_1,deltam_1,RRLO_1,kstar_2,mass_2,lum_2,deltam_2,RRLO_2,porb,sep,bin_state,merger_type,bin_num
0.0,1.0,18.074792143100428,31707.080624968043,0.0,0.25274298175423726,1.0,10.80911193938441,7517.875017282534,0.0,0.23336814797196498,4.421368334736827,34.77029076442532,0,-001,1003884
13700.0,13.0,2.0754718551322497,1.7411278121303515e-10,0.0,0.0001,14.0,12.125857938727654,1e-10,0.0,9.999999999999999e-05,-1.0,-1.0,2,-001,1003884
