tphys,kstar_1,mass_1,lum_1,deltam_1,RRLO_1,kstar_2,mass_2,lum_2,deltam_2,RRLO_2,porb,sep,bin_state,merger_type,bin_num
0.0,1.0,29.070198334351076,104391.6202746392,0.0,0.6484485254221297,1.0,12.420040604091067,11245.24215859731,0.0,0.5717977585408853,32.06837875695149,147.00040849384442,0,-001,1003197
13700.0,13.0,1.2952654379294866,1.268997782341289e-10,0.0,0.0001,14.0,14.726866846717762,1e-10,0.0,0.0001,-1.0,-1.0,2,-001,1003197
