tphys,kstar_1,mass_1,lum_1,deltam_1,RRLO_1,kstar_2,mass_2,lum_2,deltam_2,RRLO_2,porb,sep,bin_state,merger_type,bin_num
0.0,1.0,7.644133031908244,2648.828358348494,0.0,0.004384303785684238,1.0,7.5207475056245325,2518.944113249088,0.0,0.004373279820240517,2516.2570544736723,1926.3486586678714,0,-001,1003875
13700.0,13.0,1.27758353409753,1.263750948571166e-10,0.0,0.0001,13.0,1.27758353409753,1.2639889262536077e-10,0.0,0.0001,-1.0,-1.0,2,-001,1003875
