tphys,kstar_1,mass_1,lum_1,deltam_1,RRLO_1,kstar_2,mass_2,lum_2,deltam_2,RRLO_2,porb,sep,bin_state,merger_type,bin_num
0.0,1.0,11.266275238216295,8485.349494538681,0.0,0.04980182356363817,1.0,9.717269806255423,5486.962817523791,0.0,0.04865987386995876,57.655778299969064,173.17029891988423,0,-001,1003318
13700.0,13.0,1.360619919041036,1.314227268784106e-10,0.0,0.0001,14.0,3.7122874189465023,1e-10,0.0,0.0001,-1.0,-1.0,2,-001,1003318
