tphys,kstar_1,mass_1,lum_1,deltam_1,RRLO_1,kstar_2,mass_2,lum_2,deltam_2,RRLO_2,porb,sep,bin_state,merger_type,bin_num
0.0,1.0,8.814070037288479,4093.2393567227336,0.0,0.19448966462446934,1.0,7.585178648578963,2586.253406323201,0.0,0.1900002517863193,13.517146572863473,60.64801057471335,0,-001,1003195
13700.0,13.0,1.27758353409753,1.2619780477015358e-10,0.0,0.0001,13.0,1.6573433565811206,1.5040188017034654e-10,0.0,0.0001,-1.0,-1.0,2,-001,1003195
