tphys,kstar_1,mass_1,lum_1,deltam_1,RRLO_1,kstar_2,mass_2,lum_2,deltam_2,RRLO_2,porb,sep,bin_state,merger_type,bin_num
0.0,1.0,7.977601447281398,3020.783804475532,0.0,0.04164197591836797,1.0,5.552746098043354,967.2632856215398,0.0,0.039394844383050874,123.50038905640113,248.59960137884468,0,-001,100396
13700.0,13.0,1.27758353409753,1.2631780190451792e-10,0.0,0.0001,13.0,1.3114454864652474,1.288870439318136e-10,0.0,0.0001,-1.0,-1.0,2,-001,100396
