tphys,kstar_1,mass_1,lum_1,deltam_1,RRLO_1,kstar_2,mass_2,lum_2,deltam_2,RRLO_2,porb,sep,bin_state,merger_type,bin_num
0.0,1.0,7.979742544435695,3023.2720636707186,0.0,0.08622366873153861,1.0,6.1507541218653605,1341.2029354868969,0.0,0.08284025952903037,24.8296706162974,86.56021794810613,0,-001,1003540
13700.0,13.0,1.27758353409753,1.2631637992147736e-10,0.0,0.0001,13.0,1.3980621952397974,1.3444439401662573e-10,0.0,0.0001,-1.0,-1.0,2,-001,1003540
