tphys,kstar_1,mass_1,lum_1,deltam_1,RRLO_1,kstar_2,mass_2,lum_2,deltam_2,RRLO_2,porb,sep,bin_state,merger_type,bin_num
0.0,1.0,8.441894766249794,3590.9139102568947,0.0,0.004789061199384905,1.0,6.328985026323477,1468.2896181345393,0.0,0.004580796035575639,3800.9848402259327,2513.9199220531955,0,-001,1003100
13700.0,13.0,1.27758353409753,1.262465685683526e-10,0.0,0.0001,13.0,1.242,1.2434925192706487e-10,0.0,0.0001,-1.0,-1.0,2,-001,1003100
