tphys,kstar_1,mass_1,lum_1,deltam_1,RRLO_1,kstar_2,mass_2,lum_2,deltam_2,RRLO_2,porb,sep,bin_state,merger_type,bin_num
0.0,1.0,16.115378178903445,23287.22750905284,0.0,0.5194185920030855,1.0,9.512319528532329,5148.505779619939,0.0,0.4783166146671572,1.496842015978361,16.229522202843818,0,-001,1003429
13700.0,13.0,1.3164249776393688,1.2838338621902836e-10,0.0,0.0001,14.0,10.596394401508006,1e-10,0.0,9.999999999999999e-05,-1.0,-1.0,2,-001,1003429
