tphys,kstar_1,mass_1,lum_1,deltam_1,RRLO_1,kstar_2,mass_2,lum_2,deltam_2,RRLO_2,porb,sep,bin_state,merger_type,bin_num
0.0,1.0,9.346901317634313,4884.93794822174,0.0,0.012786751800192439,1.0,4.988535363562644,683.7175262883642,0.0,0.01161002814882428,1496.3616544529732,1336.9441009215184,0,-001,1003487
13700.0,13.0,1.27758353409753,1.2613978557230053e-10,0.0,0.0001,13.0,1.2882928525824222,1.2724844552581318e-10,0.0,0.0001,-1.0,-1.0,2,-001,1003487
