tphys,kstar_1,mass_1,lum_1,deltam_1,RRLO_1,kstar_2,mass_2,lum_2,deltam_2,RRLO_2,porb,sep,bin_state,merger_type,bin_num
0.0,1.0,16.56256076821015,25083.82357128317,0.0,0.23909857359500525,1.0,8.516975967348214,3688.9600254462484,0.0,0.21543979022711893,28.30778053850452,114.3744301764943,0,-001,1003214
13700.0,13.0,1.8513521246630031,1.6131271178768018e-10,0.0,0.0001,14.0,7.912103402623721,1e-10,0.0,0.0001,-1.0,-1.0,2,-001,1003214
