tphys,kstar_1,mass_1,lum_1,deltam_1,RRLO_1,kstar_2,mass_2,lum_2,deltam_2,RRLO_2,porb,sep,bin_state,merger_type,bin_num
0.0,1.0,11.353563962683339,8678.113062113147,0.0,0.41890936446571353,1.0,6.499808032869983,1597.1306810506994,0.0,0.38396177445951,3.9919320401178617,27.668189244103274,0,-001,1003898
13700.0,13.0,1.27758353409753,1.2599630639944263e-10,0.0,0.0001,13.0,2.2912726636553993,1.866344712067218e-10,0.0,0.0001,-1.0,-1.0,2,-001,1003898
