tphys,kstar_1,mass_1,lum_1,deltam_1,RRLO_1,kstar_2,mass_2,lum_2,deltam_2,RRLO_2,porb,sep,bin_state,merger_type,bin_num
0.0,1.0,17.034048507969953,27058.144624916684,0.0,0.2956466952353697,1.0,15.456681629878284,20775.36422231759,0.0,0.29129476962663253,5.737222874080674,43.02024353328982,0,-001,1003253
13700.0,13.0,1.9689128794616217,1.6809405353766222e-10,0.0,0.0001,14.0,18.63004834060531,1e-10,0.0,9.999999999999999e-05,-1.0,-1.0,2,-001,1003253
