tphys,kstar_1,mass_1,lum_1,deltam_1,RRLO_1,kstar_2,mass_2,lum_2,deltam_2,RRLO_2,porb,sep,bin_state,merger_type,bin_num
0.0,1.0,10.992747259946285,7898.037077871169,0.0,0.004479267949919799,1.0,7.84915668233809,2873.8620824411714,0.0,0.004249214771053048,2819.305910802976,2234.0263423104966,0,-001,1003081
13700.0,13.0,1.3330717834723211,1.296503951569808e-10,0.0,0.0001,13.0,1.27758353409753,1.2633771172954712e-10,0.0,0.0001,-1.0,-1.0,2,-001,1003081
