tphys,kstar_1,mass_1,lum_1,deltam_1,RRLO_1,kstar_2,mass_2,lum_2,deltam_2,RRLO_2,porb,sep,bin_state,merger_type,bin_num
0.0,1.0,12.32803409543069,11008.15841725809,0.0,0.09635180432522852,1.0,11.283600474948788,8523.403362125218,0.0,0.09502522862858456,17.267674098755126,80.62748999566924,0,-001,1003839
13700.0,13.0,1.4413064235284172,1.3653549905011628e-10,0.0,0.0001,14.0,7.161195552949295,1e-10,0.0,0.0001,-1.0,-1.0,2,-001,1003839
