tphys,kstar_1,mass_1,lum_1,deltam_1,RRLO_1,kstar_2,mass_2,lum_2,deltam_2,RRLO_2,porb,sep,bin_state,merger_type,bin_num
0.0,1.0,10.079519838997246,6117.841367266292,0.0,0.021023162614994654,1.0,6.661714182925763,1725.7431402899988,0.0,0.01971055141228051,211.25130232270465,381.7221071138974,0,-001,1003514
13700.0,13.0,1.27758353409753,1.2607384030677508e-10,0.0,0.0001,13.0,1.608405310391977,1.4740176462031265e-10,0.0,0.0001,-1.0,-1.0,2,-001,1003514
