tphys,kstar_1,mass_1,lum_1,deltam_1,RRLO_1,kstar_2,mass_2,lum_2,deltam_2,RRLO_2,porb,sep,bin_state,merger_type,bin_num
0.0,1.0,18.733909014544047,34857.9947612454,0.0,0.6003720029885782,1.0,15.86804662716841,22325.285173318065,0.0,0.585489420047319,2.9488940794563296,28.189771618164862,0,-001,1003515
13700.0,13.0,2.0645505054490205,1.734859703905502e-10,0.0,0.0001,14.0,22.360738829923424,1e-10,0.0,9.999999999999999e-05,-1.0,-1.0,2,-001,1003515
