tphys,kstar_1,mass_1,lum_1,deltam_1,RRLO_1,kstar_2,mass_2,lum_2,deltam_2,RRLO_2,porb,sep,bin_state,merger_type,bin_num
0.0,1.0,6.695031389568643,1753.0053944399695,0.0,0.013082459559756872,1.0,3.63576264864662,238.75878156480783,0.0,0.011954052371215456,613.9673225669623,661.8505984327443,0,-001,1003532
13700.0,13.0,1.27758353409753,1.266026146613669e-10,0.0,0.0001,13.0,1.27758353409753,1.2720291965192637e-10,0.0,0.0001,-1.0,-1.0,2,-001,1003532
