tphys,kstar_1,mass_1,lum_1,deltam_1,RRLO_1,kstar_2,mass_2,lum_2,deltam_2,RRLO_2,porb,sep,bin_state,merger_type,bin_num
0.0,1.0,6.5317521100879095,1622.0010321372613,0.0,0.0011062450959201957,1.0,5.692859920944759,1047.84662350344,0.0,0.001083437222123409,42258.89759649882,11757.33873623321,0,-001,1003433
13700.0,13.0,1.27758353409753,1.2665652482455045e-10,0.0,0.0001,12.0,1.3256657244589256,5.57302887448718e-07,0.0,9.999999999999999e-05,-1.0,-1.0,2,-001,1003433
