tphys,kstar_1,mass_1,lum_1,deltam_1,RRLO_1,kstar_2,mass_2,lum_2,deltam_2,RRLO_2,porb,sep,bin_state,merger_type,bin_num
0.0,1.0,15.427791439526011,20668.85729088325,0.0,0.008727708431611624,1.0,10.606569080451608,7111.625446347083,0.0,0.008231863724749643,1733.524056349347,1799.233160822644,0,-001,1003533
13700.0,13.0,2.4572183671653627,1.9504348590320823e-10,0.0,0.0001,13.0,1.3321576540721873,1.2961502984017684e-10,0.0,0.0001,-1.0,-1.0,2,-001,1003533
