tphys,kstar_1,mass_1,lum_1,deltam_1,RRLO_1,kstar_2,mass_2,lum_2,deltam_2,RRLO_2,porb,sep,bin_state,merger_type,bin_num
0.0,1.0,6.637943692078529,1706.4596614429397,0.0,0.00469566746288906,1.0,6.230063982043308,1396.83948965323,0.0,0.004650498957749297,4028.7923695406635,2495.967470968721,0,-001,1003315
13700.0,13.0,1.279779448375723,1.26767211524709e-10,0.0,2.996780406737424e-06,12.0,1.361322372364717,5.688456380823967e-07,0.0,0.0003225813322821408,3.153582236627746,12.504981359712176,0,-001,1003315
