tphys,kstar_1,mass_1,lum_1,deltam_1,RRLO_1,kstar_2,mass_2,lum_2,deltam_2,RRLO_2,porb,sep,bin_state,merger_type,bin_num
0.0,1.0,9.792827962553066,5615.091429780905,0.0,0.20920944314160536,1.0,8.995814990284483,4353.564013590969,0.0,0.20644807948876648,5.715933710839433,35.75267053780897,0,-001,1003131
13700.0,13.0,1.27758353409753,1.2609701353959102e-10,0.0,0.0001,13.0,2.5656538218633758,2.0134268096335405e-10,0.0,0.0001,-1.0,-1.0,2,-001,1003131
