tphys,kstar_1,mass_1,lum_1,deltam_1,RRLO_1,kstar_2,mass_2,lum_2,deltam_2,RRLO_2,porb,sep,bin_state,merger_type,bin_num
0.0,1.0,16.087357759029597,23177.11340017971,0.0,0.0014182242768244237,1.0,14.697180362659187,18077.385239812982,0.0,0.0013986631105841055,10912.790409476736,6486.642803781162,0,-001,1003948
13700.0,13.0,2.8700518122141334,2.164062319894033e-10,0.0,0.0001,13.0,2.1521285482066257,1.7849217925869525e-10,0.0,0.0001,-1.0,-1.0,2,-001,1003948
