tphys,kstar_1,mass_1,lum_1,deltam_1,RRLO_1,kstar_2,mass_2,lum_2,deltam_2,RRLO_2,porb,sep,bin_state,merger_type,bin_num
0.0,1.0,11.000186630591683,7913.676587363589,0.0,0.00045928623879105783,1.0,6.793434768184392,1835.1306811223653,0.0,0.0004259862518242272,293794.23153696425,48536.544225198886,0,-001,1003744
13700.0,13.0,1.3340142624408082,1.2971132742058906e-10,0.0,0.0001,13.0,1.27758353409753,1.2656880971461507e-10,0.0,0.0001,-1.0,-1.0,2,-001,1003744
