tphys,kstar_1,mass_1,lum_1,deltam_1,RRLO_1,kstar_2,mass_2,lum_2,deltam_2,RRLO_2,porb,sep,bin_state,merger_type,bin_num
0.0,1.0,16.13431951701795,23361.827123344705,0.0,0.0023365379498011835,1.0,7.691443654148363,2699.7303126726633,0.0,0.00208004254134285,11488.905602732097,6163.394138186228,0,-001,1003842
13700.0,13.0,2.90251256740708,2.18041374834719e-10,0.0,0.0001,13.0,1.27758353409753,1.2636617247378627e-10,0.0,0.0001,-1.0,-1.0,2,-001,1003842
