tphys,kstar_1,mass_1,lum_1,deltam_1,RRLO_1,kstar_2,mass_2,lum_2,deltam_2,RRLO_2,porb,sep,bin_state,merger_type,bin_num
0.0,1.0,9.821786658972867,5664.679733279981,0.0,0.04065641746105929,1.0,3.733283155902416,261.16880265538737,0.0,0.03508325983696753,102.93762963061847,220.31052999196817,0,-001,1003297
13700.0,13.0,1.27758353409753,1.2609560941933753e-10,0.0,0.0001,13.0,1.27758353409753,1.2656356095257736e-10,0.0,0.0001,-1.0,-1.0,2,-001,1003297
