tphys,kstar_1,mass_1,lum_1,deltam_1,RRLO_1,kstar_2,mass_2,lum_2,deltam_2,RRLO_2,porb,sep,bin_state,merger_type,bin_num
0.0,1.0,9.900716228350912,5801.195652869682,0.0,0.1859188507161828,1.0,7.285163282106508,2282.317837980844,0.0,0.17723516209710008,8.03112893550508,43.53717175483062,0,-001,1003306
13700.0,13.0,1.27758353409753,1.2608774653425673e-10,0.0,0.0001,13.0,1.853737976262255,1.6203618117907393e-10,0.0,0.0001,-1.0,-1.0,2,-001,1003306
