tphys,kstar_1,mass_1,lum_1,deltam_1,RRLO_1,kstar_2,mass_2,lum_2,deltam_2,RRLO_2,porb,sep,bin_state,merger_type,bin_num
0.0,1.0,18.093639517520554,31794.957751239577,0.0,0.04069070926898394,1.0,12.027905872119673,10255.411864319596,0.0,0.038205326732474315,193.2166344364827,437.46232012534324,0,-001,1003077
13700.0,13.0,2.4036993908973185,1.9211110517611756e-10,0.0,0.0001,14.0,12.79732902010123,1e-10,0.0,9.999999999999999e-05,-1.0,-1.0,2,-001,1003077
