tphys,kstar_1,mass_1,lum_1,deltam_1,RRLO_1,kstar_2,mass_2,lum_2,deltam_2,RRLO_2,porb,sep,bin_state,merger_type,bin_num
0.0,1.0,16.197749647644528,23612.60906606774,0.0,0.1643169634000401,1.0,13.605386167509115,14568.430342965712,0.0,0.1599547411287748,9.516762030898358,58.573164387993444,0,-001,1003267
13700.0,13.0,1.941004202967964,1.6651495242697858e-10,0.0,0.0001,14.0,14.080579302770586,1e-10,0.0,9.999999999999999e-05,-1.0,-1.0,2,-001,1003267
