tphys,kstar_1,mass_1,lum_1,deltam_1,RRLO_1,kstar_2,mass_2,lum_2,deltam_2,RRLO_2,porb,sep,bin_state,merger_type,bin_num
0.0,1.0,8.315327119325548,3429.352618325714,0.0,0.00025273827526740063,1.0,5.258712654402403,811.509832761387,0.0,0.00023561726390382902,129897.30338779594,25738.80360605652,0,-001,1003810
13700.0,13.0,1.27758353409753,1.2626442573040258e-10,0.0,0.0001,12.0,1.2503558789188836,5.289543703692031e-07,0.0,0.0001,-1.0,-1.0,2,-001,1003810
