tphys,kstar_1,mass_1,lum_1,deltam_1,RRLO_1,kstar_2,mass_2,lum_2,deltam_2,RRLO_2,porb,sep,bin_state,merger_type,bin_num
0.0,1.0,15.069702836636779,19374.22117057666,0.0,0.0037042213783481945,1.0,13.558050893072586,14426.07767505261,0.0,0.0036440819919437077,5765.923044620702,4138.0291471151595,0,-001,1003782
13700.0,13.0,2.313539580368471,1.8733963983367463e-10,0.0,0.0001,13.0,1.6565316401058576,1.4982342730743463e-10,0.0,0.0001,-1.0,-1.0,2,-001,1003782
