tphys,kstar_1,mass_1,lum_1,deltam_1,RRLO_1,kstar_2,mass_2,lum_2,deltam_2,RRLO_2,porb,sep,bin_state,merger_type,bin_num
0.0,1.0,13.576630798063743,14481.857172407324,0.0,0.00816119456942284,1.0,9.232699674648352,4707.9350031621425,0.0,0.0076823029808501895,744.2339446220151,979.7810950819635,0,-001,1003039
13700.0,13.0,1.6581676069503113,1.4992183357427903e-10,0.0,0.0001,13.0,1.27758353409753,1.2614522724558516e-10,0.0,0.0001,-1.0,-1.0,2,-001,1003039
