tphys,kstar_1,mass_1,lum_1,deltam_1,RRLO_1,kstar_2,mass_2,lum_2,deltam_2,RRLO_2,porb,sep,bin_state,merger_type,bin_num
0.0,1.0,8.408413044653871,3547.7221675393466,0.0,0.02181407477555097,1.0,4.521169240752957,495.1791249454409,0.0,0.01984882511926827,160.12223780427354,291.1484565732921,0,-001,1003521
13700.0,13.0,1.27758353409753,1.2625121154302702e-10,0.0,0.0001,13.0,1.27758353409753,1.2669285921894145e-10,0.0,0.0001,-1.0,-1.0,2,-001,1003521
