tphys,kstar_1,mass_1,lum_1,deltam_1,RRLO_1,kstar_2,mass_2,lum_2,deltam_2,RRLO_2,porb,sep,bin_state,merger_type,bin_num
0.0,1.0,10.962326041641527,7834.277343324096,0.0,0.021094296615801554,1.0,8.792188797181543,4062.56782913614,0.0,0.02037746198201624,483.109612093902,700.1715632480422,0,-001,1003922
13700.0,13.0,1.3292174293129349,1.2940106284155235e-10,0.0,0.0001,13.0,2.7016135526815495,2.0838425928079446e-10,0.0,0.0001,-1.0,-1.0,2,-001,1003922
