tphys,kstar_1,mass_1,lum_1,deltam_1,RRLO_1,kstar_2,mass_2,lum_2,deltam_2,RRLO_2,porb,sep,bin_state,merger_type,bin_num
0.0,1.0,8.645169832756197,3860.19320713906,0.0,0.0005867177442935707,1.0,7.215118597740022,2214.8004534864576,0.0,0.0005704818058422078,30040.93654481032,10214.048107203027,0,-001,1003478
13700.0,13.0,1.27758353409753,1.262195638084013e-10,0.0,0.0001,13.0,1.27758353409753,1.2646348893530554e-10,0.0,0.0001,-1.0,-1.0,2,-001,1003478
