tphys,kstar_1,mass_1,lum_1,deltam_1,RRLO_1,kstar_2,mass_2,lum_2,deltam_2,RRLO_2,porb,sep,bin_state,merger_type,bin_num
0.0,1.0,7.603335210899591,2605.4242420453793,0.0,0.009288524768396101,1.0,6.820654337280923,1858.273674689598,0.0,0.009134347530666593,1090.6633147441494,1085.027711339583,0,-001,1003588
13700.0,13.0,1.27758353409753,1.263828289513763e-10,0.0,0.0001,13.0,1.27758353409753,1.2656112214726058e-10,0.0,0.0001,-1.0,-1.0,2,-001,1003588
