tphys,kstar_1,mass_1,lum_1,deltam_1,RRLO_1,kstar_2,mass_2,lum_2,deltam_2,RRLO_2,porb,sep,bin_state,merger_type,bin_num
0.0,1.0,7.63447649143784,2638.513952783784,0.0,0.03504814960236782,1.0,3.3615760157697627,182.68662160042456,0.0,0.031026950681150505,81.05724614073755,175.20993355429277,0,-001,1003817
13700.0,13.0,1.27758353409753,1.26378147290753e-10,0.0,0.0001,13.0,1.27758353409753,1.2700712993393318e-10,0.0,0.0001,-1.0,-1.0,2,-001,1003817
