tphys,kstar_1,mass_1,lum_1,deltam_1,RRLO_1,kstar_2,mass_2,lum_2,deltam_2,RRLO_2,porb,sep,bin_state,merger_type,bin_num
0.0,1.0,8.99683710961297,4355.0562941337075,0.0,0.011774791334452375,1.0,8.643407657666586,3857.8065074989445,0.0,0.011701340191804742,412.85498868117173,607.1813920107377,0,-001,1003124
13700.0,13.0,1.27758353409753,1.2617720351912988e-10,0.0,0.0001,13.0,1.27758353409753,1.2621978874376796e-10,0.0,0.0001,-1.0,-1.0,2,-001,1003124
