tphys,kstar_1,mass_1,lum_1,deltam_1,RRLO_1,kstar_2,mass_2,lum_2,deltam_2,RRLO_2,porb,sep,bin_state,merger_type,bin_num
0.0,1.0,11.306683578672367,8574.26264888976,0.0,0.4816689527565815,1.0,8.361624304054878,3487.910701047022,0.0,0.4594221801287101,4.334468381346657,30.187799177872968,0,-001,1003486
13700.0,13.0,1.27758353409753,1.259995757493902e-10,0.0,0.0001,14.0,3.54310187324446,1e-10,0.0,9.999999999999999e-05,-1.0,-1.0,2,-001,1003486
