tphys,kstar_1,mass_1,lum_1,deltam_1,RRLO_1,kstar_2,mass_2,lum_2,deltam_2,RRLO_2,porb,sep,bin_state,merger_type,bin_num
0.0,1.0,7.4326798461197106,2428.7527173215963,0.0,0.014583263471077978,1.0,3.262766394915257,164.86719798960237,0.0,0.01291147717796882,207.38926629764757,324.74493028793006,0,-001,1003661
13700.0,13.0,1.27758353409753,1.2641665000903608e-10,0.0,0.0001,13.0,1.27758353409753,1.2709529405693724e-10,0.0,0.0001,-1.0,-1.0,2,-001,1003661
