tphys,kstar_1,mass_1,lum_1,deltam_1,RRLO_1,kstar_2,mass_2,lum_2,deltam_2,RRLO_2,porb,sep,bin_state,merger_type,bin_num
0.0,1.0,8.533691462781407,3711.013093498491,0.0,0.03259747076598689,1.0,8.113431546701236,3181.2003043018794,0.0,0.03234219963546862,97.93015429961441,228.2141571307767,0,-001,1003639
13700.0,13.0,1.27758353409753,1.2623412725318264e-10,0.0,0.0001,13.0,1.27758353409753,1.2629471536401753e-10,0.0,0.0001,-1.0,-1.0,2,-001,1003639
