tphys,kstar_1,mass_1,lum_1,deltam_1,RRLO_1,kstar_2,mass_2,lum_2,deltam_2,RRLO_2,porb,sep,bin_state,merger_type,bin_num
0.0,1.0,16.36873390305793,24296.030768431883,0.0,0.015580586148775171,1.0,11.09155773850588,8107.283152838642,0.0,0.014665136362673527,307.79915841447945,578.5824114047754,0,-001,1003203
13700.0,13.0,2.452586619431439,1.947655294596407e-10,0.0,0.0001,14.0,3.8784189215962037,1e-10,0.0,0.0001,-1.0,-1.0,2,-001,1003203
