tphys,kstar_1,mass_1,lum_1,deltam_1,RRLO_1,kstar_2,mass_2,lum_2,deltam_2,RRLO_2,porb,sep,bin_state,merger_type,bin_num
0.0,1.0,20.823132078733774,45896.73848472287,0.0,0.3251345571696817,1.0,12.535465282167966,11546.885411606227,0.0,0.3009040094826008,11.435652840071375,68.73772099998116,0,-001,1003778
13700.0,13.0,2.4579475519951006,1.9495276343514033e-10,0.0,0.0001,14.0,18.05571112098271,1e-10,0.0,9.999999999999999e-05,-1.0,-1.0,2,-001,1003778
