tphys,kstar_1,mass_1,lum_1,deltam_1,RRLO_1,kstar_2,mass_2,lum_2,deltam_2,RRLO_2,porb,sep,bin_state,merger_type,bin_num
0.0,1.0,8.995448408764128,4353.028886729981,0.0,0.04019247136742148,1.0,3.6640448475060263,245.1206348625117,0.0,0.03508477342535068,168.72843022226368,299.37544616434496,0,-001,1003874
13700.0,13.0,1.27758353409753,1.2617778242872642e-10,0.0,0.0001,13.0,1.27758353409753,1.266876032155961e-10,0.0,0.0001,-1.0,-1.0,2,-001,1003874
