tphys,kstar_1,mass_1,lum_1,deltam_1,RRLO_1,kstar_2,mass_2,lum_2,deltam_2,RRLO_2,porb,sep,bin_state,merger_type,bin_num
0.0,1.0,11.33437221083842,8635.50858482455,0.0,0.02306342859957057,1.0,5.694367873512252,1048.7367555656322,0.0,0.02071874625238813,141.8831733538304,294.41956125443136,0,-001,1003733
13700.0,13.0,1.3763161300405264,1.3243212590221097e-10,0.0,0.0001,13.0,1.5825297432237415,1.457638709699211e-10,0.0,0.0001,-1.0,-1.0,2,-001,1003733
