tphys,kstar_1,mass_1,lum_1,deltam_1,RRLO_1,kstar_2,mass_2,lum_2,deltam_2,RRLO_2,porb,sep,bin_state,merger_type,bin_num
0.0,1.0,13.685592270716587,14811.482456351245,0.0,0.50130149887633,1.0,7.547181731808026,2546.4232805885827,0.0,0.4565927230192102,2.217246150043395,19.807518889934588,0,-001,1003025
13700.0,13.0,1.27758353409753,1.2589110848795636e-10,0.0,0.0001,14.0,4.411462713507078,1e-10,0.0,9.999999999999999e-05,-1.0,-1.0,2,-001,1003025
