tphys,kstar_1,mass_1,lum_1,deltam_1,RRLO_1,kstar_2,mass_2,lum_2,deltam_2,RRLO_2,porb,sep,bin_state,merger_type,bin_num
0.0,1.0,8.616444125665634,3821.401599477469,0.0,0.02274822533538761,1.0,8.376521651802998,3506.88542180878,0.0,0.02264832402799925,202.38187721008924,372.8115576482073,0,-001,1003862
13700.0,13.0,1.27758353409753,1.2622326091571595e-10,0.0,0.0001,13.0,1.27758353409753,1.2625568449144057e-10,0.0,0.0001,-1.0,-1.0,2,-001,1003862
