tphys,kstar_1,mass_1,lum_1,deltam_1,RRLO_1,kstar_2,mass_2,lum_2,deltam_2,RRLO_2,porb,sep,bin_state,merger_type,bin_num
0.0,1.0,18.57783075261821,34097.410591699525,0.0,0.5751833497550912,1.0,9.364740052143276,4912.951217406535,0.0,0.5169536597040386,6.15752136766231,42.885581032866014,0,-001,1003358
13700.0,13.0,1.27758353409753,1.2580397056018798e-10,0.0,0.0001,14.0,14.611560549034843,1e-10,0.0,9.999999999999999e-05,-1.0,-1.0,2,-001,1003358
