tphys,kstar_1,mass_1,lum_1,deltam_1,RRLO_1,kstar_2,mass_2,lum_2,deltam_2,RRLO_2,porb,sep,bin_state,merger_type,bin_num
0.0,1.0,7.377574281235548,2373.374649261077,0.0,0.008789690398295693,1.0,7.317096599321138,2313.527603920921,0.0,0.00877853188178369,1280.1352370857112,1214.8120263171143,0,-001,1003118
13700.0,13.0,1.27758353409753,1.2642810464142468e-10,0.0,0.0001,13.0,1.27758353409753,1.264409915245023e-10,0.0,0.0001,-1.0,-1.0,2,-001,1003118
