tphys,kstar_1,mass_1,lum_1,deltam_1,RRLO_1,kstar_2,mass_2,lum_2,deltam_2,RRLO_2,porb,sep,bin_state,merger_type,bin_num
0.0,1.0,17.5309316120258,29227.769020843916,0.0,0.2082285461152587,1.0,12.130817774649772,10509.97537807976,0.0,0.19671057477705373,10.824808307920218,63.72320684136779,0,-001,1003364
13700.0,13.0,2.0719618845146854,1.739271066636905e-10,0.0,0.0001,14.0,13.29670668094865,1e-10,0.0,9.999999999999999e-05,-1.0,-1.0,2,-001,1003364
