tphys,kstar_1,mass_1,lum_1,deltam_1,RRLO_1,kstar_2,mass_2,lum_2,deltam_2,RRLO_2,porb,sep,bin_state,merger_type,bin_num
0.0,1.0,14.386545576131306,17034.847216992854,0.0,0.025577024151186015,1.0,14.103212792576493,16114.643667126256,0.0,0.025498340048308615,148.40195358910003,360.1426540376033,0,-001,1003781
13700.0,13.0,1.833902186716029,1.603574929326022e-10,0.0,0.0001,13.0,2.01078286997108,1.705731228987261e-10,0.0,0.0001,-1.0,-1.0,2,-001,1003781
