tphys,kstar_1,mass_1,lum_1,deltam_1,RRLO_1,kstar_2,mass_2,lum_2,deltam_2,RRLO_2,porb,sep,bin_state,merger_type,bin_num
0.0,1.0,15.720767174650247,21763.2009316409,0.0,0.00033004007093719013,1.0,9.836582752544894,5690.11943479338,0.0,0.0003067133088920081,174318.7651096786,38668.1380365383,0,-001,1003883
13700.0,13.0,2.6234402163244304,2.0377676859691342e-10,0.0,0.0001,13.0,1.27758353409753,1.260940707136701e-10,0.0,0.0001,-1.0,-1.0,2,-001,1003883
