tphys,kstar_1,mass_1,lum_1,deltam_1,RRLO_1,kstar_2,mass_2,lum_2,deltam_2,RRLO_2,porb,sep,bin_state,merger_type,bin_num
0.0,1.0,13.157960743052248,13255.082692180915,0.0,0.10586793978580405,1.0,8.48180294999142,3642.8232988120185,0.0,0.09881928927101374,55.797979467653875,171.17817026237546,0,-001,1003878
13700.0,13.0,1.5165030168849571,1.4123025885152616e-10,0.0,0.0001,14.0,3.9142886825042043,1e-10,0.0,9.999999999999999e-05,-1.0,-1.0,2,-001,1003878
