tphys,kstar_1,mass_1,lum_1,deltam_1,RRLO_1,kstar_2,mass_2,lum_2,deltam_2,RRLO_2,porb,sep,bin_state,merger_type,bin_num
0.0,1.0,10.133746851043592,6215.909506908976,0.0,0.0028184916183723457,1.0,5.368038405540747,867.3463571848746,0.0,0.002554511310778638,7313.3211953641885,3952.048181464664,0,-001,1003139
13700.0,13.0,1.27758353409753,1.260695216060707e-10,0.0,0.0001,12.0,1.2713527706004433,5.369000563306156e-07,0.0,0.0001,-1.0,-1.0,2,-001,1003139
