tphys,kstar_1,mass_1,lum_1,deltam_1,RRLO_1,kstar_2,mass_2,lum_2,deltam_2,RRLO_2,porb,sep,bin_state,merger_type,bin_num
0.0,1.0,12.797747705760417,12249.825491489133,0.0,0.3511602639722608,1.0,11.934237397570357,10026.920081777564,0.0,0.3473457299658666,2.5588196248720405,22.929680360657024,0,-001,1003697
13700.0,13.0,1.3624013398277155,1.314602515110011e-10,0.0,0.0001,14.0,9.294806791674867,1e-10,0.0,0.0001,-1.0,-1.0,2,-001,1003697
