tphys,kstar_1,mass_1,lum_1,deltam_1,RRLO_1,kstar_2,mass_2,lum_2,deltam_2,RRLO_2,porb,sep,bin_state,merger_type,bin_num
0.0,1.0,8.535668150738827,3713.6264019395517,0.0,0.019545693508075602,1.0,3.637290777968801,239.09968149803808,0.0,0.017188326256229066,160.01669559377478,285.22930529859264,0,-001,1003513
13700.0,13.0,1.27758353409753,1.2623386385373296e-10,0.0,0.0001,13.0,1.27758353409753,1.267793070332113e-10,0.0,0.0001,-1.0,-1.0,2,-001,1003513
