tphys,kstar_1,mass_1,lum_1,deltam_1,RRLO_1,kstar_2,mass_2,lum_2,deltam_2,RRLO_2,porb,sep,bin_state,merger_type,bin_num
0.0,1.0,8.311423539730425,3424.4436012887268,0.0,0.0749300367135294,1.0,6.928211075373696,1951.5447941980906,0.0,0.0728487638340052,20.351853408038643,77.74623894362972,0,-001,1003461
13700.0,13.0,1.27758353409753,1.2626548763702115e-10,0.0,0.0001,13.0,1.518679588174666,1.4200676608214003e-10,0.0,0.0001,-1.0,-1.0,2,-001,1003461
