tphys,kstar_1,mass_1,lum_1,deltam_1,RRLO_1,kstar_2,mass_2,lum_2,deltam_2,RRLO_2,porb,sep,bin_state,merger_type,bin_num
0.0,1.0,8.45047371423863,3602.0334557119336,0.0,0.1099625362290728,1.0,6.5629942636545335,1646.5640023298358,0.0,0.10574932234993586,11.347940657307138,52.407117276043735,0,-001,1003569
13700.0,13.0,1.27758353409753,1.2624518789758529e-10,0.0,0.0001,13.0,1.4914956834284958,1.40279715158695e-10,0.0,0.0001,-1.0,-1.0,2,-001,1003569
