tphys,kstar_1,mass_1,lum_1,deltam_1,RRLO_1,kstar_2,mass_2,lum_2,deltam_2,RRLO_2,porb,sep,bin_state,merger_type,bin_num
0.0,1.0,11.082407002349656,8087.766768580944,0.0,0.06573877305359374,1.0,3.977217509884532,323.2440051527622,0.0,0.05614201621752079,106.12528660528997,232.86409226416515,0,-001,1003504
13700.0,13.0,1.2993160059469258,1.274356053231877e-10,0.0,0.0001,13.0,1.3719090839571102,1.3258109458738413e-10,0.0,0.0001,-1.0,-1.0,2,-001,1003504
