tphys,kstar_1,mass_1,lum_1,deltam_1,RRLO_1,kstar_2,mass_2,lum_2,deltam_2,RRLO_2,porb,sep,bin_state,merger_type,bin_num
0.0,1.0,10.745456387313276,7388.727553143232,0.0,0.0016364739149442157,1.0,7.612361335719801,2614.9879366493687,0.0,0.0015505887758993546,7477.511367659526,4243.559531533197,0,-001,1003475
13700.0,13.0,1.3017240131166101,1.2761576230316399e-10,0.0,0.0001,13.0,1.27758353409753,1.2638093182445338e-10,0.0,0.0001,-1.0,-1.0,2,-001,1003475
