tphys,kstar_1,mass_1,lum_1,deltam_1,RRLO_1,kstar_2,mass_2,lum_2,deltam_2,RRLO_2,porb,sep,bin_state,merger_type,bin_num
0.0,1.0,12.73427797019167,12077.485268295723,0.0,0.10161240031022488,1.0,10.00128124888581,5978.022229716956,0.0,0.09783584548931533,15.607146451354156,74.4279591795121,0,-001,1003454
13700.0,13.0,1.479022913413837,1.3890006813950527e-10,0.0,0.0001,14.0,5.539666148005048,1e-10,0.0,0.0001,-1.0,-1.0,2,-001,1003454
