tphys,kstar_1,mass_1,lum_1,deltam_1,RRLO_1,kstar_2,mass_2,lum_2,deltam_2,RRLO_2,porb,sep,bin_state,merger_type,bin_num
0.0,1.0,8.371184353287497,3500.079911227363,0.0,0.008060700405636948,1.0,8.125864934645483,3196.1454487401475,0.0,0.008023482638352519,907.9061378022152,1004.1099841979506,0,-001,1003749
13700.0,13.0,1.27758353409753,1.2625644168737323e-10,0.0,0.0001,13.0,1.27758353409753,1.262927895981572e-10,0.0,0.0001,-1.0,-1.0,2,-001,1003749
