tphys,kstar_1,mass_1,lum_1,deltam_1,RRLO_1,kstar_2,mass_2,lum_2,deltam_2,RRLO_2,porb,sep,bin_state,merger_type,bin_num
0.0,1.0,18.48226055725884,33636.111143545786,0.0,0.024119522495691197,1.0,8.426021039671458,3570.395916001769,0.0,0.021332141817490623,162.29203094815637,375.0697262104823,0,-001,1003219
13700.0,13.0,2.7496824965284072,2.1021379126409573e-10,0.0,0.0001,14.0,8.147212148521485,1e-10,0.0,0.0001,-1.0,-1.0,2,-001,1003219
