tphys,kstar_1,mass_1,lum_1,deltam_1,RRLO_1,kstar_2,mass_2,lum_2,deltam_2,RRLO_2,porb,sep,bin_state,merger_type,bin_num
0.0,1.0,8.662689872851297,3883.972506227108,0.0,0.008794698713290932,1.0,8.584249995744104,3778.2160747819585,0.0,0.008782229983089897,600.2342927282098,773.3981207385581,0,-001,1003033
13700.0,13.0,1.27758353409753,1.262173274047952e-10,0.0,0.0001,13.0,1.27758353409753,1.2622744931775164e-10,0.0,0.0001,-1.0,-1.0,2,-001,1003033
