tphys,kstar_1,mass_1,lum_1,deltam_1,RRLO_1,kstar_2,mass_2,lum_2,deltam_2,RRLO_2,porb,sep,bin_state,merger_type,bin_num
0.0,1.0,19.63015513256355,39398.50545480578,0.0,0.3002537682187225,1.0,10.687052964873038,7271.422967646189,0.0,0.2733155583693301,6.234943955693126,44.43617457971347,0,-001,1003608
13700.0,13.0,2.2359038277022516,1.8298891828312013e-10,0.0,0.0001,14.0,13.676549051015037,1e-10,0.0,9.999999999999999e-05,-1.0,-1.0,2,-001,1003608
