tphys,kstar_1,mass_1,lum_1,deltam_1,RRLO_1,kstar_2,mass_2,lum_2,deltam_2,RRLO_2,porb,sep,bin_state,merger_type,bin_num
0.0,1.0,6.912702418996737,1937.915677591687,0.0,0.005055628659268834,1.0,6.1558138610212465,1344.7089111306943,0.0,0.0049669186612327065,1258.3039503144716,1154.9176747703716,0,-001,1003404
13700.0,13.0,1.27758353409753,1.265367776925554e-10,0.0,0.0001,13.0,1.242,1.2441116520942164e-10,0.0,0.0001,-1.0,-1.0,2,-001,1003404
