tphys,kstar_1,mass_1,lum_1,deltam_1,RRLO_1,kstar_2,mass_2,lum_2,deltam_2,RRLO_2,porb,sep,bin_state,merger_type,bin_num
0.0,1.0,10.87038643464166,7643.46966177431,0.0,0.0022130693359575584,1.0,8.534427129853858,3711.9855584694246,0.0,0.00213075953514468,11101.30465740723,5625.628714158228,0,-001,1003944
13700.0,13.0,1.3175653173504642,1.2864588851439852e-10,0.0,0.0001,13.0,1.27758353409753,1.2623394371281198e-10,0.0,0.0001,-1.0,-1.0,2,-001,1003944
