tphys,kstar_1,mass_1,lum_1,deltam_1,RRLO_1,kstar_2,mass_2,lum_2,deltam_2,RRLO_2,porb,sep,bin_state,merger_type,bin_num
0.0,1.0,16.213255829347393,23674.141560795244,0.0,0.4855394776432908,1.0,6.1800523735213675,1361.5861649971444,0.0,0.4172306314166101,1.7248147236189801,17.053739041068678,0,-001,1003590
13700.0,13.0,1.4149033074535087,1.3473529513445945e-10,0.0,0.0001,14.0,5.326935956822766,1e-10,0.0,0.0001,-1.0,-1.0,2,-001,1003590
