tphys,kstar_1,mass_1,lum_1,deltam_1,RRLO_1,kstar_2,mass_2,lum_2,deltam_2,RRLO_2,porb,sep,bin_state,merger_type,bin_num
0.0,1.0,10.595595879617877,7090.004887796249,0.0,0.0271670303714412,1.0,9.408845813075214,4982.637784694078,0.0,0.026665853003936067,114.05549653989137,268.5786695287074,0,-001,1003672
13700.0,13.0,1.2827094346384573,1.2637395585158742e-10,0.0,0.0001,13.0,2.9809832572752937,2.225775732545921e-10,0.0,0.0001,-1.0,-1.0,2,-001,1003672
