tphys,kstar_1,mass_1,lum_1,deltam_1,RRLO_1,kstar_2,mass_2,lum_2,deltam_2,RRLO_2,porb,sep,bin_state,merger_type,bin_num
0.0,1.0,10.559759181597991,7019.673093790772,0.0,0.503564984459562,1.0,9.820370191860237,5662.247988036222,0.0,0.4978660682848729,1.4794634603191743,14.919595013583967,0,-001,1003933
13700.0,13.0,1.27758353409753,1.260488708308036e-10,0.0,0.0001,14.0,4.668542438627065,1e-10,0.0,9.999999999999999e-05,-1.0,-1.0,2,-001,1003933
