tphys,kstar_1,mass_1,lum_1,deltam_1,RRLO_1,kstar_2,mass_2,lum_2,deltam_2,RRLO_2,porb,sep,bin_state,merger_type,bin_num
0.0,1.0,19.407060337992824,38240.7809843502,0.0,0.056193205738368814,1.0,15.467294287808173,20814.566184111645,0.0,0.0542998106573718,119.86601936581636,334.1319525511176,0,-001,1003390
13700.0,13.0,2.6925138267474273,2.0725574737201693e-10,0.0,0.0001,14.0,20.24124673361696,1e-10,0.0,0.0001,-1.0,-1.0,2,-001,1003390
