tphys,kstar_1,mass_1,lum_1,deltam_1,RRLO_1,kstar_2,mass_2,lum_2,deltam_2,RRLO_2,porb,sep,bin_state,merger_type,bin_num
0.0,1.0,13.311710389626134,13698.279098552952,0.0,0.17060514309020955,1.0,12.107423960753545,10451.783757115123,0.0,0.16809757962770877,15.122176028722603,75.63944582661274,0,-001,1003640
13700.0,13.0,1.5129196133834295,1.410002447365659e-10,0.0,0.0001,14.0,9.549701219411832,1e-10,0.0,0.0001,-1.0,-1.0,2,-001,1003640
