tphys,kstar_1,mass_1,lum_1,deltam_1,RRLO_1,kstar_2,mass_2,lum_2,deltam_2,RRLO_2,porb,sep,bin_state,merger_type,bin_num
0.0,1.0,11.00425248378807,7922.231947151041,0.0,0.1414000568293092,1.0,5.027789474989264,701.4013271851263,0.0,0.12522761311192507,14.96757242193713,64.42420763407692,0,-001,1003544
13700.0,13.0,1.27758353409753,1.260077784030868e-10,0.0,0.0001,13.0,1.5159310263320793,1.4167143786507084e-10,0.0,0.0001,-1.0,-1.0,2,-001,1003544
