tphys,kstar_1,mass_1,lum_1,deltam_1,RRLO_1,kstar_2,mass_2,lum_2,deltam_2,RRLO_2,porb,sep,bin_state,merger_type,bin_num
0.0,1.0,7.838766947291784,2862.1789887862333,0.0,0.009982310555810886,1.0,6.477388778850581,1579.8230709998777,0.0,0.009693383259819133,1047.4179098500178,1053.5149311128393,0,-001,1003574
13700.0,13.0,1.27758353409753,1.2633992634270746e-10,0.0,0.0001,13.0,1.27758353409753,1.266741518051535e-10,0.0,0.0001,-1.0,-1.0,2,-001,1003574
