tphys,kstar_1,mass_1,lum_1,deltam_1,RRLO_1,kstar_2,mass_2,lum_2,deltam_2,RRLO_2,porb,sep,bin_state,merger_type,bin_num
0.0,1.0,12.677259631417352,11923.881160146651,0.0,0.0350675278656784,1.0,10.906273120638485,7717.610167010351,0.0,0.03425073819559779,127.31393018513363,305.30843097690524,0,-001,1003371
13700.0,13.0,1.5454040842238899,1.4305021705644321e-10,0.0,0.0001,14.0,6.49883828522136,1e-10,0.0,9.999999999999999e-05,-1.0,-1.0,2,-001,1003371
