tphys,kstar_1,mass_1,lum_1,deltam_1,RRLO_1,kstar_2,mass_2,lum_2,deltam_2,RRLO_2,porb,sep,bin_state,merger_type,bin_num
0.0,1.0,16.52461013696011,24928.482859725482,0.0,0.015395767039408141,1.0,10.956274320258279,7821.63064956255,0.0,0.014442131366404596,351.3198284842742,632.0681452615349,0,-001,1003499
13700.0,13.0,2.544196884831151,1.9960533749060947e-10,0.0,0.0001,14.0,3.2154940599434205,1e-10,0.0,0.0001,-1.0,-1.0,2,-001,1003499
