tphys,kstar_1,mass_1,lum_1,deltam_1,RRLO_1,kstar_2,mass_2,lum_2,deltam_2,RRLO_2,porb,sep,bin_state,merger_type,bin_num
0.0,1.0,7.788020386260794,2805.5456723876023,0.0,0.0964663687490586,1.0,6.550481869930854,1636.6981574752606,0.0,0.09392970759424978,23.75808841568955,84.46189463079817,0,-001,1003528
13700.0,13.0,1.27758353409753,1.2634907438344865e-10,0.0,0.0001,13.0,1.4340009027544738,1.3672408426898887e-10,0.0,0.0001,-1.0,-1.0,2,-001,1003528
