tphys,kstar_1,mass_1,lum_1,deltam_1,RRLO_1,kstar_2,mass_2,lum_2,deltam_2,RRLO_2,porb,sep,bin_state,merger_type,bin_num
0.0,1.0,10.655503865716458,7208.527464870637,0.0,0.000957745581666491,1.0,9.074829371527525,4469.860761273771,0.0,0.0009339455060474953,20280.94197544955,8453.867729631767,0,-001,1003182
13700.0,13.0,1.290312228381424,1.2687118383153186e-10,0.0,0.0001,13.0,1.27758353409753,1.2616845754208195e-10,0.0,0.0001,-1.0,-1.0,2,-001,1003182
