tphys,kstar_1,mass_1,lum_1,deltam_1,RRLO_1,kstar_2,mass_2,lum_2,deltam_2,RRLO_2,porb,sep,bin_state,merger_type,bin_num
0.0,1.0,13.055974810097105,12965.76899772197,0.0,0.2712017131102707,1.0,8.667358919514461,3890.3249906545475,0.0,0.25431774881957536,22.559823490193935,93.71688603279179,0,-001,1003008
13700.0,13.0,1.3830954125104828,1.3278433478035478e-10,0.0,0.0001,14.0,4.547208707970977,1e-10,0.0,0.0001,-1.0,-1.0,2,-001,1003008
