tphys,kstar_1,mass_1,lum_1,deltam_1,RRLO_1,kstar_2,mass_2,lum_2,deltam_2,RRLO_2,porb,sep,bin_state,merger_type,bin_num
0.0,1.0,11.344932336661904,8658.935865885616,0.0,0.31114242803804176,1.0,6.6592573397887485,1723.7436237431332,0.0,0.2862908654640643,2.7570781644285463,21.679161087195965,0,-001,1003861
13700.0,13.0,1.27758353409753,1.2598944178354082e-10,0.0,0.0001,13.0,2.190597950958971,1.811025244222543e-10,0.0,0.0001,-1.0,-1.0,2,-001,1003861
