tphys,kstar_1,mass_1,lum_1,deltam_1,RRLO_1,kstar_2,mass_2,lum_2,deltam_2,RRLO_2,porb,sep,bin_state,merger_type,bin_num
0.0,1.0,11.951518275334465,10068.844964553464,0.0,0.014551612820398538,1.0,6.7492392629590165,1797.9483440415722,0.0,0.013306849507734192,449.6873544615121,655.4085107566968,0,-001,1003693
13700.0,13.0,1.4542456314477756,1.3737504389916875e-10,0.0,0.0001,13.0,2.009252287643052,1.7093119475347089e-10,0.0,0.0001,-1.0,-1.0,2,-001,1003693
