tphys,kstar_1,mass_1,lum_1,deltam_1,RRLO_1,kstar_2,mass_2,lum_2,deltam_2,RRLO_2,porb,sep,bin_state,merger_type,bin_num
0.0,1.0,9.721120602964671,5493.449023467641,0.0,0.006027904014010214,1.0,9.373272991053069,4926.385963374443,0.0,0.005993606985788785,989.2315040344279,1116.3125556138336,0,-001,1003867
13700.0,13.0,1.27758353409753,1.2610422772414772e-10,0.0,0.0001,13.0,1.27758353409753,1.261371379165102e-10,0.0,0.0001,-1.0,-1.0,2,-001,1003867
