tphys,kstar_1,mass_1,lum_1,deltam_1,RRLO_1,kstar_2,mass_2,lum_2,deltam_2,RRLO_2,porb,sep,bin_state,merger_type,bin_num
0.0,1.0,8.1753832984644,3256.104432966403,0.0,0.0797434114468065,1.0,4.495708158292102,486.03285528308817,0.0,0.07282144044388436,18.39706103502937,68.34743196588458,0,-001,1003570
13700.0,13.0,1.27758353409753,1.2628514032559573e-10,0.0,0.0001,13.0,1.27758353409753,1.267136894535089e-10,0.0,0.0001,-1.0,-1.0,2,-001,1003570
