tphys,kstar_1,mass_1,lum_1,deltam_1,RRLO_1,kstar_2,mass_2,lum_2,deltam_2,RRLO_2,porb,sep,bin_state,merger_type,bin_num
0.0,1.0,9.814877963266476,5652.825153304167,0.0,0.018912126931889057,1.0,6.828914867766874,1865.3337698556998,0.0,0.01787403120797254,230.8134274991406,404.1507359304256,0,-001,1003103
13700.0,13.0,1.27758353409753,1.2609595486870623e-10,0.0,0.0001,13.0,1.6086794642199644,1.474328123394236e-10,0.0,0.0001,-1.0,-1.0,2,-001,1003103
