tphys,kstar_1,mass_1,lum_1,deltam_1,RRLO_1,kstar_2,mass_2,lum_2,deltam_2,RRLO_2,porb,sep,bin_state,merger_type,bin_num
0.0,1.0,6.496882538495566,1594.8653331915282,0.0,0.0024810383806456505,1.0,5.044790641537504,709.1522332024915,0.0,0.002388371667837165,4191.946643698128,2471.6405687907672,0,-001,1003943
13700.0,13.0,1.27758353409753,1.2666818745806272e-10,0.0,0.0001,12.0,1.227132271700052,5.208009887247031e-07,0.0,9.999999999999999e-05,-1.0,-1.0,2,-001,1003943
