tphys,kstar_1,mass_1,lum_1,deltam_1,RRLO_1,kstar_2,mass_2,lum_2,deltam_2,RRLO_2,porb,sep,bin_state,merger_type,bin_num
0.0,1.0,9.820663076653725,5662.750750793778,0.0,0.0002990749349826864,1.0,7.906821493843213,2939.2515703012723,0.0,0.0002891201742814944,166007.56713491312,33132.396911592055,0,-001,1003221
13700.0,13.0,1.27758353409753,1.2609545219336357e-10,0.0,0.0001,13.0,1.27758353409753,1.2632826311245934e-10,0.0,0.0001,-1.0,-1.0,2,-001,1003221
