tphys,kstar_1,mass_1,lum_1,deltam_1,RRLO_1,kstar_2,mass_2,lum_2,deltam_2,RRLO_2,porb,sep,bin_state,merger_type,bin_num
0.0,1.0,7.234636682845206,2233.4848573572663,0.0,0.020006723651128593,1.0,4.371187690002461,442.9034211448045,0.0,0.018547018793970426,136.18073628395436,252.10860931427487,0,-001,1003641
13700.0,13.0,1.27758353409753,1.2645912172576297e-10,0.0,0.0001,13.0,1.27758353409753,1.2695020438647083e-10,0.0,0.0001,-1.0,-1.0,2,-001,1003641
