tphys,kstar_1,mass_1,lum_1,deltam_1,RRLO_1,kstar_2,mass_2,lum_2,deltam_2,RRLO_2,porb,sep,bin_state,merger_type,bin_num
0.0,1.0,8.801738062328049,4075.935654214267,0.0,0.08237629847217927,1.0,5.368654435854482,867.6678723267005,0.0,0.076349258044689,18.48572810523263,71.17108072777691,0,-001,1003937
13700.0,13.0,1.27758353409753,1.262000160739756e-10,0.0,0.0001,13.0,1.3658026730739974,1.3232716814042098e-10,0.0,0.0001,-1.0,-1.0,2,-001,1003937
