tphys,kstar_1,mass_1,lum_1,deltam_1,RRLO_1,kstar_2,mass_2,lum_2,deltam_2,RRLO_2,porb,sep,bin_state,merger_type,bin_num
0.0,1.0,17.832242182199995,30587.8709437672,0.0,0.022469385873227225,1.0,7.373056943739068,2368.8708614188113,0.0,0.01956171809444066,157.58898047628622,359.8595859250261,0,-001,1003690
13700.0,13.0,2.4893803725384114,1.9667821322505533e-10,0.0,0.0001,14.0,5.642400429626798,1e-10,0.0,0.0001,-1.0,-1.0,2,-001,1003690
