tphys,kstar_1,mass_1,lum_1,deltam_1,RRLO_1,kstar_2,mass_2,lum_2,deltam_2,RRLO_2,porb,sep,bin_state,merger_type,bin_num
0.0,1.0,9.448943947751292,5046.518099662189,0.0,0.13002839231463573,1.0,6.457892164286072,1564.8700646916525,0.0,0.12257113317394516,15.458773094088839,65.65430030433481,0,-001,1003646
13700.0,13.0,1.27758353409753,1.261291226676812e-10,0.0,0.0001,13.0,1.561145057232825,1.4453362026980493e-10,0.0,0.0001,-1.0,-1.0,2,-001,1003646
