tphys,kstar_1,mass_1,lum_1,deltam_1,RRLO_1,kstar_2,mass_2,lum_2,deltam_2,RRLO_2,porb,sep,bin_state,merger_type,bin_num
0.0,1.0,8.399406606846131,3536.1595075397518,0.0,0.09299405600907659,1.0,5.5979616817032944,992.8108941623703,0.0,0.0873762506278992,15.249175754576884,62.34451774179329,0,-001,1003006
13700.0,13.0,1.27758353409753,1.2625236439793113e-10,0.0,0.0001,13.0,1.3645199666562136,1.3226637208133124e-10,0.0,0.0001,-1.0,-1.0,2,-001,1003006
