tphys,kstar_1,mass_1,lum_1,deltam_1,RRLO_1,kstar_2,mass_2,lum_2,deltam_2,RRLO_2,porb,sep,bin_state,merger_type,bin_num
0.0,1.0,9.932530299572619,5856.784437126876,0.0,0.3345987724269547,1.0,7.325526008636778,2321.810969551735,0.0,0.31908264181075563,3.4278678941058898,24.715263110980445,0,-001,1003428
13700.0,13.0,1.27758353409753,1.260927134047819e-10,0.0,0.0001,13.0,2.1525792612539343,1.7907316186667351e-10,0.0,0.0001,-1.0,-1.0,2,-001,1003428
