tphys,kstar_1,mass_1,lum_1,deltam_1,RRLO_1,kstar_2,mass_2,lum_2,deltam_2,RRLO_2,porb,sep,bin_state,merger_type,bin_num
0.0,1.0,6.444348737773905,1554.5365982362416,0.0,0.01330411176408726,1.0,2.7616677777659757,92.11654444162441,0.0,0.011784800508586754,280.9387898936243,378.1960148190674,0,-001,1003275
13700.0,13.0,1.242,1.2430656527335544e-10,0.0,0.0001,13.0,1.27758353409753,1.2754122992229543e-10,0.0,0.0001,-1.0,-1.0,2,-001,1003275
