tphys,kstar_1,mass_1,lum_1,deltam_1,RRLO_1,kstar_2,mass_2,lum_2,deltam_2,RRLO_2,porb,sep,bin_state,merger_type,bin_num
0.0,1.0,12.44292871882519,11304.683206375863,0.0,0.7054959589931635,1.0,11.12055506351025,8169.31447684882,0.0,0.6931896880344243,1.5795742758193594,16.35780757031007,0,-001,1003717
13700.0,13.0,1.27758353409753,1.2594791866507003e-10,0.0,0.0001,14.0,9.083111160996792,1e-10,0.0,0.0001,-1.0,-1.0,2,-001,1003717
