tphys,kstar_1,mass_1,lum_1,deltam_1,RRLO_1,kstar_2,mass_2,lum_2,deltam_2,RRLO_2,porb,sep,bin_state,merger_type,bin_num
0.0,1.0,11.73881379400942,9560.01245206607,0.0,0.02755527786216339,1.0,4.658019961650918,546.2847034468316,0.0,0.023872634201989068,230.59037979478998,401.882733555662,0,-001,1003082
13700.0,13.0,1.4225804416315382,1.353754200830917e-10,0.0,0.0001,13.0,1.488843322412245,1.3995475507138225e-10,0.0,0.0001,-1.0,-1.0,2,-001,1003082
