tphys,kstar_1,mass_1,lum_1,deltam_1,RRLO_1,kstar_2,mass_2,lum_2,deltam_2,RRLO_2,porb,sep,bin_state,merger_type,bin_num
0.0,1.0,13.229496943087852,13460.237740730063,0.0,0.024200164803107778,1.0,5.2887554555603336,826.6126660753639,0.0,0.02096779164484281,123.25193416899877,275.64347854490967,0,-001,1003965
13700.0,13.0,1.6099986966578317,1.4700423576432389e-10,0.0,0.0001,13.0,1.6780873494552369,1.5149226920086563e-10,0.0,0.0001,-1.0,-1.0,2,-001,1003965
