tphys,kstar_1,mass_1,lum_1,deltam_1,RRLO_1,kstar_2,mass_2,lum_2,deltam_2,RRLO_2,porb,sep,bin_state,merger_type,bin_num
0.0,1.0,8.434722514991018,3581.634130664512,0.0,0.07281178545772087,1.0,7.707318323820447,2716.9473727438503,0.0,0.07179855225921167,42.17886154805889,128.82533375509544,0,-001,1003329
13700.0,13.0,1.27758353409753,1.2624814611614787e-10,0.0,0.0001,13.0,1.6246136405457832,1.4849023619605776e-10,0.0,0.0001,-1.0,-1.0,2,-001,1003329
