tphys,kstar_1,mass_1,lum_1,deltam_1,RRLO_1,kstar_2,mass_2,lum_2,deltam_2,RRLO_2,porb,sep,bin_state,merger_type,bin_num
0.0,1.0,9.903973485818565,5806.872168033027,0.0,0.017361756830360363,1.0,7.952566130390313,2991.784787988127,0.0,0.016776664814960273,829.7749215861091,970.9373262535913,0,-001,1003498
13700.0,13.0,1.27758353409753,1.2608831101604815e-10,0.0,0.0001,13.0,1.9875394499085093,1.697857370219962e-10,0.0,0.0001,-1.0,-1.0,2,-001,1003498
