tphys,kstar_1,mass_1,lum_1,deltam_1,RRLO_1,kstar_2,mass_2,lum_2,deltam_2,RRLO_2,porb,sep,bin_state,merger_type,bin_num
0.0,1.0,11.718296804291693,9511.759396806436,0.0,0.20361844690638076,1.0,6.918263340228032,1942.7956416641723,0.0,0.18750195113236848,5.239991619117329,33.64812536064961,0,-001,1003164
13700.0,13.0,1.2961342378226708,1.2719000458813067e-10,0.0,0.0001,13.0,2.232570244941187,1.834024495935396e-10,0.0,0.0001,-1.0,-1.0,2,-001,1003164
