tphys,kstar_1,mass_1,lum_1,deltam_1,RRLO_1,kstar_2,mass_2,lum_2,deltam_2,RRLO_2,porb,sep,bin_state,merger_type,bin_num
0.0,1.0,9.72069377238488,5492.729846811892,0.0,0.0034603949172782463,1.0,6.085049930925951,1296.209943387335,0.0,0.00321793720326,4080.1477519561863,2695.7159730727203,0,-001,1003426
13700.0,13.0,1.27758353409753,1.26104265937658e-10,0.0,0.0001,13.0,1.242,1.2443775573548642e-10,0.0,0.0001,-1.0,-1.0,2,-001,1003426
