tphys,kstar_1,mass_1,lum_1,deltam_1,RRLO_1,kstar_2,mass_2,lum_2,deltam_2,RRLO_2,porb,sep,bin_state,merger_type,bin_num
0.0,1.0,7.992392849678272,3037.999832460081,0.0,0.004819705754772059,1.0,5.282841628198177,823.6253505072843,0.0,0.004524290478654505,2160.1884971320333,1664.5380467419382,0,-001,1003764
13700.0,13.0,1.27758353409753,1.2631404519591427e-10,0.0,0.0001,12.0,1.2537276008039657,5.301592923247406e-07,0.0,9.999999999999999e-05,-1.0,-1.0,2,-001,1003764
