tphys,kstar_1,mass_1,lum_1,deltam_1,RRLO_1,kstar_2,mass_2,lum_2,deltam_2,RRLO_2,porb,sep,bin_state,merger_type,bin_num
0.0,1.0,16.00550491746703,22857.110666086806,0.0,0.05549581030037447,1.0,12.236898024855607,10776.248614652939,0.0,0.05323193109996121,47.5006739280955,168.02953385694133,0,-001,1003099
13700.0,13.0,2.0118004131399934,1.7056602787492692e-10,0.0,0.0001,14.0,11.462156844807144,1e-10,0.0,9.999999999999999e-05,-1.0,-1.0,2,-001,1003099
