tphys,kstar_1,mass_1,lum_1,deltam_1,RRLO_1,kstar_2,mass_2,lum_2,deltam_2,RRLO_2,porb,sep,bin_state,merger_type,bin_num
0.0,1.0,6.275120369955124,1429.0988693762774,0.0,0.023884297024756855,1.0,5.8375703322762025,1135.5197579578587,0.0,0.023624346470495914,362.5098544408585,491.1852467601134,0,-001,1003238
13700.0,15.0,0.0,4.9422000230630244e-09,-7.249714042465943e-37,-1.0,14.0,2.537163362928453,1e-10,0.0,9.999999999999999e-05,0.0,0.0,1,1313,1003238
