tphys,kstar_1,mass_1,lum_1,deltam_1,RRLO_1,kstar_2,mass_2,lum_2,deltam_2,RRLO_2,porb,sep,bin_state,merger_type,bin_num
0.0,1.0,8.199404651493802,3285.4427971689024,0.0,0.07942366861185876,1.0,5.083447597276483,726.9842074138992,0.0,0.07383092738415989,19.520528105827882,72.22874172438425,0,-001,1003052
13700.0,13.0,1.27758353409753,1.262816216903957e-10,0.0,0.0001,13.0,1.2815349052098093,1.2691045402299337e-10,0.0,0.0001,-1.0,-1.0,2,-001,1003052
