tphys,kstar_1,mass_1,lum_1,deltam_1,RRLO_1,kstar_2,mass_2,lum_2,deltam_2,RRLO_2,porb,sep,bin_state,merger_type,bin_num
0.0,1.0,9.399115300104114,4967.211659720882,0.0,0.003355847726452764,1.0,7.817208044616924,2838.0319759055155,0.0,0.0032607726268092793,3809.322961393823,2649.499813468771,0,-001,1003465
13700.0,13.0,1.27758353409753,1.2613456538133212e-10,0.0,0.0001,13.0,1.27758353409753,1.2634351161263076e-10,0.0,0.0001,-1.0,-1.0,2,-001,1003465
