tphys,kstar_1,mass_1,lum_1,deltam_1,RRLO_1,kstar_2,mass_2,lum_2,deltam_2,RRLO_2,porb,sep,bin_state,merger_type,bin_num
0.0,1.0,14.905582728952384,18796.609074634467,0.0,0.00282688603415965,1.0,8.023378293511302,3074.2641839592716,0.0,0.0025650143931136675,3346.181044299963,2673.7018414482422,0,-001,1003054
13700.0,13.0,2.2412138787078573,1.8340128348931182e-10,0.0,0.0001,13.0,1.27758353409753,1.263086572046987e-10,0.0,0.0001,-1.0,-1.0,2,-001,1003054
