tphys,kstar_1,mass_1,lum_1,deltam_1,RRLO_1,kstar_2,mass_2,lum_2,deltam_2,RRLO_2,porb,sep,bin_state,merger_type,bin_num
0.0,1.0,14.877900127407605,18700.155861650415,0.0,0.6383610617127924,1.0,5.206633541618512,785.757961169831,0.0,0.541416947344584,2.512944751913246,21.136241927372417,0,-001,1003589
13700.0,13.0,1.2810498169146125,1.2608806763209852e-10,0.0,0.0001,14.0,3.074375279403273,1e-10,0.0,0.0001,-1.0,-1.0,2,-001,1003589
