tphys,kstar_1,mass_1,lum_1,deltam_1,RRLO_1,kstar_2,mass_2,lum_2,deltam_2,RRLO_2,porb,sep,bin_state,merger_type,bin_num
0.0,1.0,9.532374516224461,5181.041357321198,0.0,0.2224750277885127,1.0,6.607871567403199,1682.2626965199754,0.0,0.21016539413168747,10.127382373048176,49.764550136649135,0,-001,1003405
13700.0,13.0,1.27758353409753,1.261206711005089e-10,0.0,0.0001,13.0,1.614759955966275,1.4778923254209675e-10,0.0,0.0001,-1.0,-1.0,2,-001,1003405
