tphys,kstar_1,mass_1,lum_1,deltam_1,RRLO_1,kstar_2,mass_2,lum_2,deltam_2,RRLO_2,porb,sep,bin_state,merger_type,bin_num
0.0,1.0,12.10011968218794,10433.65366324551,0.0,0.5463520236815008,1.0,4.243578483117432,401.4057468390555,0.0,0.46442506221956736,2.2532516705358203,18.34883402450045,0,-001,1003460
13700.0,13.0,1.27758353409753,1.2596100975555122e-10,0.0,0.0001,13.0,1.4327817579269473,1.3637921778591958e-10,0.0,0.0001,-1.0,-1.0,2,-001,1003460
