tphys,kstar_1,mass_1,lum_1,deltam_1,RRLO_1,kstar_2,mass_2,lum_2,deltam_2,RRLO_2,porb,sep,bin_state,merger_type,bin_num
0.0,1.0,12.00204726104166,10192.028192282289,0.0,0.022953101680842122,1.0,8.556184553791097,3740.81824898833,0.0,0.021766587432744084,137.65340803647396,307.2357803526812,0,-001,1003204
13700.0,13.0,1.4606147730748733,1.3777519877596272e-10,0.0,0.0001,13.0,2.9607273089263337,2.214990088241929e-10,0.0,0.0001,-1.0,-1.0,2,-001,1003204
