tphys,kstar_1,mass_1,lum_1,deltam_1,RRLO_1,kstar_2,mass_2,lum_2,deltam_2,RRLO_2,porb,sep,bin_state,merger_type,bin_num
0.0,1.0,12.270905344908282,10862.444775763322,0.0,0.0005653113327681057,1.0,5.2403333497871705,802.3597772844773,0.0,0.0004950719241482646,42333.95558489169,13269.36323361837,0,-001,1003462
13700.0,13.0,1.494474295379077,1.3989311787171325e-10,0.0,0.0001,12.0,1.2476386574070317,5.279645426272282e-07,0.0,9.999999999999999e-05,-1.0,-1.0,2,-001,1003462
