tphys,kstar_1,mass_1,lum_1,deltam_1,RRLO_1,kstar_2,mass_2,lum_2,deltam_2,RRLO_2,porb,sep,bin_state,merger_type,bin_num
0.0,1.0,11.36685047083951,8707.681818549665,0.0,0.13910059889037865,1.0,8.63894127363389,3851.7613323913256,0.0,0.1332434288165848,10.856868204250196,55.9938313769498,0,-001,1003729
13700.0,13.0,1.315332157258582,1.2846877360694295e-10,0.0,0.0001,13.0,2.9459382145274926,2.207879605833938e-10,0.0,0.0001,-1.0,-1.0,2,-001,1003729
