tphys,kstar_1,mass_1,lum_1,deltam_1,RRLO_1,kstar_2,mass_2,lum_2,deltam_2,RRLO_2,porb,sep,bin_state,merger_type,bin_num
0.0,1.0,8.666342311938402,3888.941291571817,0.0,0.005724502271275722,1.0,8.410322742795005,3550.176913025779,0.0,0.005697803798793821,1203.6015932629243,1225.767444847534,0,-001,1003649
13700.0,13.0,1.27758353409753,1.2621686295616556e-10,0.0,0.0001,13.0,1.27758353409753,1.2625094480693436e-10,0.0,0.0001,-1.0,-1.0,2,-001,1003649
