tphys,kstar_1,mass_1,lum_1,deltam_1,RRLO_1,kstar_2,mass_2,lum_2,deltam_2,RRLO_2,porb,sep,bin_state,merger_type,bin_num
0.0,1.0,14.423822379822942,17158.09241350038,0.0,0.035576028497743536,1.0,12.413487452764715,11228.257413849507,0.0,0.034754434723844124,112.36321361461098,293.2790142013068,0,-001,1003698
13700.0,13.0,1.8364667183806325,1.6050685932262712e-10,0.0,0.0001,14.0,10.282438836307353,1e-10,0.0,9.999999999999999e-05,-1.0,-1.0,2,-001,1003698
