tphys,kstar_1,mass_1,lum_1,deltam_1,RRLO_1,kstar_2,mass_2,lum_2,deltam_2,RRLO_2,porb,sep,bin_state,merger_type,bin_num
0.0,1.0,14.549383800576642,17576.95875141195,0.0,0.15933831059514095,1.0,6.726453087205187,1778.967910784507,0.0,0.14115820353307956,12.452643903709824,62.6260696795206,0,-001,1003307
13700.0,13.0,1.6180731285741425,1.47447845115449e-10,0.0,0.0001,14.0,3.1636038159102746,1e-10,0.0,0.0001,-1.0,-1.0,2,-001,1003307
