tphys,kstar_1,mass_1,lum_1,deltam_1,RRLO_1,kstar_2,mass_2,lum_2,deltam_2,RRLO_2,porb,sep,bin_state,merger_type,bin_num
0.0,1.0,6.494447006902419,1592.9809613234168,0.0,0.006063592011635367,1.0,4.306268163371192,421.4552692386419,0.0,0.005703399932501179,1371.0170434430174,1147.6196264908433,0,-001,1003361
13700.0,13.0,1.27758353409753,1.2666900586682841e-10,0.0,0.0001,13.0,1.27758353409753,1.2730983358332541e-10,0.0,0.0001,-1.0,-1.0,2,-001,1003361
