tphys,kstar_1,mass_1,lum_1,deltam_1,RRLO_1,kstar_2,mass_2,lum_2,deltam_2,RRLO_2,porb,sep,bin_state,merger_type,bin_num
0.0,1.0,7.972288490241344,3014.614959940956,0.0,0.0009929566626041499,1.0,5.042069348617432,707.9078350506151,0.0,0.0009259797539392103,20923.68997152664,7513.662075648629,0,-001,1003537
13700.0,13.0,1.27758353409753,1.2631734347713252e-10,0.0,0.0001,12.0,1.2157081654087327,5.162689198887315e-07,0.0,0.0001,-1.0,-1.0,2,-001,1003537
