tphys,kstar_1,mass_1,lum_1,deltam_1,RRLO_1,kstar_2,mass_2,lum_2,deltam_2,RRLO_2,porb,sep,bin_state,merger_type,bin_num
0.0,1.0,9.90669922639267,5811.625004179112,0.0,0.00680532956912007,1.0,5.555747919839648,968.9459663562903,0.0,0.006222607680584474,957.942410678991,1018.4449759893388,0,-001,1003085
13700.0,13.0,1.27758353409753,1.260880804206597e-10,0.0,0.0001,12.0,1.3033811357649618,5.487943074913688e-07,0.0,0.0001,-1.0,-1.0,2,-001,1003085
