tphys,kstar_1,mass_1,lum_1,deltam_1,RRLO_1,kstar_2,mass_2,lum_2,deltam_2,RRLO_2,porb,sep,bin_state,merger_type,bin_num
0.0,1.0,7.227238537552234,2226.390965109637,0.0,0.03071455143636849,1.0,6.4251913059222,1539.9947563774037,0.0,0.030165588273745027,99.69154059294465,216.16933316152162,0,-001,1003970
13700.0,13.0,1.27758353409753,1.264607805344105e-10,0.0,0.0001,13.0,1.3595003959226395,1.3207524357871975e-10,0.0,0.0001,-1.0,-1.0,2,-001,1003970
