tphys,kstar_1,mass_1,lum_1,deltam_1,RRLO_1,kstar_2,mass_2,lum_2,deltam_2,RRLO_2,porb,sep,bin_state,merger_type,bin_num
0.0,1.0,7.1242582550345075,2129.1301665466913,0.0,0.0174371184546679,1.0,4.9570774650722145,669.7585832959513,0.0,0.016506421043309998,187.34258944202995,316.0442476791674,0,-001,1003776
13700.0,13.0,1.27758353409753,1.2648444501738564e-10,0.0,0.0001,13.0,1.27758353409753,1.2691358333826684e-10,0.0,0.0001,-1.0,-1.0,2,-001,1003776
