tphys,kstar_1,mass_1,lum_1,deltam_1,RRLO_1,kstar_2,mass_2,lum_2,deltam_2,RRLO_2,porb,sep,bin_state,merger_type,bin_num
0.0,1.0,8.303482049943495,3414.470224952773,0.0,0.0039628935081007025,1.0,5.337007754742828,851.2513122581538,0.0,0.003703476444887926,7937.670827546218,3999.6679542219667,0,-001,1003991
13700.0,13.0,1.27758353409753,1.262661404078568e-10,0.0,0.0001,12.0,1.2638459950442091,5.339860289503838e-07,0.0,0.0001,-1.0,-1.0,2,-001,1003991
