tphys,kstar_1,mass_1,lum_1,deltam_1,RRLO_1,kstar_2,mass_2,lum_2,deltam_2,RRLO_2,porb,sep,bin_state,merger_type,bin_num
0.0,1.0,7.233246910695341,2232.151145850271,0.0,0.013308405426727989,1.0,6.688353773066188,1747.519402744937,0.0,0.013149262990077841,7956.129963290108,4033.1978784155685,0,-001,1003167
13700.0,13.0,1.27758353409753,1.2645943290450748e-10,0.0,0.0001,13.0,1.27758353409753,1.2667376549886093e-10,0.0,0.0001,-1.0,-1.0,2,-001,1003167
