tphys,kstar_1,mass_1,lum_1,deltam_1,RRLO_1,kstar_2,mass_2,lum_2,deltam_2,RRLO_2,porb,sep,bin_state,merger_type,bin_num
0.0,1.0,6.899326457674736,1926.2097326744884,0.0,0.004818116883159823,1.0,6.546153798235332,1633.294386333103,0.0,0.0047795117065814316,3067.0848312664443,2111.6787935664483,0,-001,1003239
13700.0,13.0,1.27758353409753,1.2654028267583006e-10,0.0,0.0001,13.0,1.27758353409753,1.2665173184287196e-10,0.0,0.0001,-1.0,-1.0,2,-001,1003239
