tphys,kstar_1,mass_1,lum_1,deltam_1,RRLO_1,kstar_2,mass_2,lum_2,deltam_2,RRLO_2,porb,sep,bin_state,merger_type,bin_num
0.0,1.0,9.68070760613571,5425.612210536293,0.0,0.0004132956433659048,1.0,9.457173156091423,5059.690085604034,0.0,0.0004117863943978145,60904.23388596948,17418.663574153255,0,-001,1003560
13700.0,13.0,1.27758353409753,1.261078684286258e-10,0.0,0.0001,13.0,1.27758353409753,1.261288633842701e-10,0.0,0.0001,-1.0,-1.0,2,-001,1003560
