tphys,kstar_1,mass_1,lum_1,deltam_1,RRLO_1,kstar_2,mass_2,lum_2,deltam_2,RRLO_2,porb,sep,bin_state,merger_type,bin_num
0.0,1.0,11.951273277297473,10068.249853270217,0.0,0.0025037626241197915,1.0,5.0133943081138375,694.8820303358486,0.0,0.0021871659466314018,7790.346566363888,4247.873062400641,0,-001,1003266
13700.0,13.0,1.454214745330526,1.3737310203628416e-10,0.0,0.0001,12.0,1.211037872761879,5.145602297337191e-07,0.0,9.999999999999999e-05,-1.0,-1.0,2,-001,1003266
