tphys,kstar_1,mass_1,lum_1,deltam_1,RRLO_1,kstar_2,mass_2,lum_2,deltam_2,RRLO_2,porb,sep,bin_state,merger_type,bin_num
0.0,1.0,6.481636921764678,1583.0933294469528,0.0,0.0007838056029562898,1.0,6.276537172922852,1430.1209725226638,0.0,0.0007799769798273787,26568.038137903834,8752.277092915174,0,-001,1003780
13700.0,13.0,1.27758353409753,1.2667331949337945e-10,0.0,0.0001,13.0,1.242,1.243679044155304e-10,0.0,0.0001,-1.0,-1.0,2,-001,1003780
