tphys,kstar_1,mass_1,lum_1,deltam_1,RRLO_1,kstar_2,mass_2,lum_2,deltam_2,RRLO_2,porb,sep,bin_state,merger_type,bin_num
0.0,1.0,8.359597126709923,3485.333666840221,0.0,0.0008115800326890638,1.0,8.23088910770203,3324.146454992082,0.0,0.0008096223995230314,31798.39863636618,10768.993080234222,0,-001,1003186
13700.0,13.0,1.27758353409753,1.2625808436880462e-10,0.0,0.0001,13.0,1.27758353409753,1.2627681613218755e-10,0.0,0.0001,-1.0,-1.0,2,-001,1003186
