tphys,kstar_1,mass_1,lum_1,deltam_1,RRLO_1,kstar_2,mass_2,lum_2,deltam_2,RRLO_2,porb,sep,bin_state,merger_type,bin_num
0.0,1.0,6.25296887564457,1413.179588329312,0.0,0.0059454979050396674,1.0,4.6369341061874225,538.1944392137458,0.0,0.005685884565271957,811.1537252981034,811.0146045883429,0,-001,1003564
13700.0,13.0,1.242,1.2437582811285415e-10,0.0,0.0001,13.0,1.27758353409753,1.271638725262566e-10,0.0,0.0001,-1.0,-1.0,2,-001,1003564
