tphys,kstar_1,mass_1,lum_1,deltam_1,RRLO_1,kstar_2,mass_2,lum_2,deltam_2,RRLO_2,porb,sep,bin_state,merger_type,bin_num
0.0,1.0,14.691400700026517,18057.66562175099,0.0,0.30597771629008963,1.0,12.93422165673945,12625.244357984453,0.0,0.2999830443320028,7.5719337469524035,49.037364430995936,0,-001,1003179
13700.0,13.0,1.5982983225056215,1.4623364886680795e-10,0.0,0.0001,14.0,12.125441390658965,1e-10,0.0,9.999999999999999e-05,-1.0,-1.0,2,-001,1003179
