tphys,kstar_1,mass_1,lum_1,deltam_1,RRLO_1,kstar_2,mass_2,lum_2,deltam_2,RRLO_2,porb,sep,bin_state,merger_type,bin_num
0.0,1.0,13.243779756588461,13501.418297630764,0.0,0.00037885173325931105,1.0,12.550769267053544,11587.23272333715,0.0,0.00037568811426715916,96740.32342904616,26193.86369044565,0,-001,1003676
13700.0,13.0,1.616560963470104,1.474044354278385e-10,0.0,0.0001,13.0,1.5296655722231483,1.4207796692898705e-10,0.0,0.0001,-1.0,-1.0,2,-001,1003676
