tphys,kstar_1,mass_1,lum_1,deltam_1,RRLO_1,kstar_2,mass_2,lum_2,deltam_2,RRLO_2,porb,sep,bin_state,merger_type,bin_num
0.0,1.0,8.099364588156135,3164.344580177244,0.0,0.10723568744954406,1.0,6.616748557816032,1689.3823594262903,0.0,0.10394148448457352,13.216741225012477,57.627864196884985,0,-001,1003497
13700.0,13.0,1.27758353409753,1.2629687135131594e-10,0.0,0.0001,13.0,1.4694387799456265,1.389243572978949e-10,0.0,0.0001,-1.0,-1.0,2,-001,1003497
