tphys,kstar_1,mass_1,lum_1,deltam_1,RRLO_1,kstar_2,mass_2,lum_2,deltam_2,RRLO_2,porb,sep,bin_state,merger_type,bin_num
0.0,1.0,10.148442408791496,6242.649971349688,0.0,0.43743799958015533,1.0,4.13072810257398,366.9218249673698,0.0,0.3810997336738698,1.4825697551504495,13.269757224938342,0,-001,1003116
13700.0,13.0,1.242,1.2373049279693364e-10,0.0,0.0001,13.0,1.453754091293683,1.3782997937290985e-10,0.0,0.0001,-1.0,-1.0,2,-001,1003116
