tphys,kstar_1,mass_1,lum_1,deltam_1,RRLO_1,kstar_2,mass_2,lum_2,deltam_2,RRLO_2,porb,sep,bin_state,merger_type,bin_num
0.0,1.0,7.660249726667732,2666.099722686528,0.0,0.0006968358140297991,1.0,5.023176364447483,699.30779764756,0.0,0.0006535348037733647,285062.34798941115,42493.64573292744,0,-001,1003296
13700.0,13.0,1.27758353409753,1.2637207542411247e-10,0.0,0.0001,12.0,1.213398668582633,5.154764456002572e-07,0.0,0.0001,-1.0,-1.0,2,-001,1003296
