tphys,kstar_1,mass_1,lum_1,deltam_1,RRLO_1,kstar_2,mass_2,lum_2,deltam_2,RRLO_2,porb,sep,bin_state,merger_type,bin_num
0.0,1.0,7.878837296137558,2907.402896332874,0.0,0.07034089605562005,1.0,3.0298037045685513,127.53195433344061,0.0,0.06107848782467253,580.9819147391801,649.6067349628337,0,-001,1003492
13700.0,13.0,1.27758353409753,1.263327186966222e-10,0.0,0.0001,13.0,1.27758353409753,1.2697624279893056e-10,0.0,0.0001,-1.0,-1.0,2,-001,1003492
