tphys,kstar_1,mass_1,lum_1,deltam_1,RRLO_1,kstar_2,mass_2,lum_2,deltam_2,RRLO_2,porb,sep,bin_state,merger_type,bin_num
0.0,1.0,10.59535043771302,7089.521747900823,0.0,0.000254062102093811,1.0,7.327283462227305,2323.540343063571,0.0,0.00023983663654099206,116275.80944307875,26226.806915364814,0,-001,1003613
13700.0,13.0,1.2826782803890233,1.2637191640037025e-10,0.0,0.0001,13.0,1.27758353409753,1.2643878864052713e-10,0.0,0.0001,-1.0,-1.0,2,-001,1003613
