tphys,kstar_1,mass_1,lum_1,deltam_1,RRLO_1,kstar_2,mass_2,lum_2,deltam_2,RRLO_2,porb,sep,bin_state,merger_type,bin_num
0.0,1.0,6.633501383823647,1702.871291181797,0.0,0.009687757945189866,1.0,5.3125343791416535,838.6957073086752,0.0,0.009368049406604878,7710.363619213354,3753.2693886121324,0,-001,100399
13700.0,13.0,1.2783442817132575,1.266734099166039e-10,0.0,2.932888016053253e-06,12.0,1.1750950639840732,4.96086114846778e-07,0.0,0.00116015416747559,3.2148460023393275,12.359012877323112,0,-001,100399
